13	0
66	0
70	0
76	0
113	0
118	0
134	0
151	0
158	0
161	0
165	0
173	0
199	0
203	0
211	0
212	0
218	0
235	0
238	0
240	0
252	0
265	0
311	0
313	0
324	0
331	0
332	0
218	4
158	5
235	5
66	9
113	9
134	9
161	9
199	9
203	9
252	9
332	10
13	21
13	26
13	56
13	59
13	65
13	67
13	82
13	98
13	109
13	118
118	13
13	119
13	148
13	172
13	188
13	199
199	13
13	211
211	13
13	223
13	236
13	238
238	13
13	239
13	252
252	13
13	261
13	265
265	13
13	271
13	277
13	304
13	313
313	13
13	325
13	332
332	13
13	342
151	14
118	16
331	16
332	16
66	21
134	21
161	21
165	21
203	21
212	21
235	21
252	21
313	21
332	21
158	22
324	22
240	23
76	25
113	25
158	25
199	25
203	25
252	25
331	25
332	25
66	26
113	26
118	26
134	26
158	26
161	26
199	26
203	26
212	26
252	26
265	26
313	26
332	26
324	27
151	28
118	29
203	29
211	29
252	29
331	30
252	31
173	34
428	34
332	38
161	39
165	39
313	39
113	40
158	40
199	40
203	40
212	40
265	40
332	40
151	41
199	48
203	48
332	48
113	50
203	50
331	50
332	53
313	54
203	55
252	55
66	56
113	56
118	56
134	56
161	56
199	56
203	56
211	56
212	56
238	56
252	56
265	56
313	56
331	56
332	56
118	59
203	59
211	59
238	59
252	59
158	60
313	60
161	62
199	62
313	63
118	65
203	65
252	65
66	67
66	113
113	66
66	122
66	134
134	66
66	142
66	239
66	252
252	66
66	304
66	308
66	334
113	67
118	67
134	67
158	67
161	67
199	67
203	67
212	67
252	67
265	67
313	67
324	67
332	67
70	230
113	72
165	72
199	72
212	72
252	72
331	73
76	270
332	77
218	78
252	79
173	80
118	82
158	82
199	82
203	82
211	82
238	82
252	82
313	82
331	82
265	84
313	84
161	87
113	98
118	98
199	98
203	98
211	98
238	98
252	98
265	98
313	98
331	98
332	98
211	103
252	103
113	104
203	104
212	104
252	104
332	104
238	106
332	106
428	107
526	107
563	107
649	107
906	107
908	107
916	107
920	107
921	107
922	107
923	107
925	107
926	107
927	107
929	107
934	107
946	107
947	107
951	107
952	107
955	107
961	107
966	107
967	107
971	107
978	107
980	107
982	107
983	107
991	107
996	107
1003	107
1006	107
1008	107
1015	107
1017	107
1018	107
1026	107
1028	107
1029	107
1030	107
1034	107
1036	107
1039	107
1043	107
1045	107
1048	107
1049	107
1050	107
1054	107
1055	107
1056	107
1058	107
1059	107
1060	107
1068	107
1069	107
1073	107
1074	107
1075	107
1076	107
1077	107
1079	107
1084	107
1086	107
1088	107
1089	107
1092	107
1098	107
1099	107
1101	107
1107	107
1110	107
1111	107
1112	107
1115	107
1116	107
1120	107
1123	107
1124	107
1126	107
1128	107
1132	107
1135	107
1140	107
1143	107
1145	107
1146	107
1149	107
1151	107
1158	107
1161	107
1165	107
1172	107
1178	107
1181	107
1182	107
1184	107
1191	107
1193	107
1195	107
1197	107
1198	107
1201	107
1209	107
1211	107
1214	107
1215	107
1219	107
1227	107
1231	107
1238	107
1242	107
1243	107
1250	107
1252	107
1254	107
1257	107
1261	107
1265	107
1267	107
1269	107
1271	107
1272	107
1278	107
1283	107
1288	107
1290	107
1291	107
1293	107
1301	107
1305	107
1312	107
1317	107
1321	107
1327	107
1328	107
1329	107
1330	107
1334	107
1339	107
1344	107
1351	107
1352	107
1360	107
1361	107
1365	107
1367	107
1368	107
1369	107
1375	107
1376	107
1377	107
1379	107
1380	107
1381	107
1384	107
1390	107
1391	107
1398	107
1402	107
1405	107
1411	107
1413	107
1416	107
1418	107
1420	107
1422	107
1423	107
1431	107
1435	107
1436	107
1441	107
1445	107
1447	107
1448	107
1449	107
1458	107
1460	107
1467	107
1470	107
1471	107
1477	107
1480	107
1484	107
1485	107
1491	107
1494	107
1509	107
1513	107
1515	107
1516	107
1517	107
1519	107
1520	107
1521	107
1522	107
1523	107
1524	107
1528	107
1532	107
1535	107
1537	107
1539	107
1540	107
1544	107
1547	107
1551	107
1553	107
1554	107
1557	107
1558	107
1559	107
1561	107
1563	107
1564	107
1572	107
1579	107
1580	107
1584	107
1585	107
1588	107
1589	107
1591	107
1593	107
1594	107
1597	107
1600	107
1603	107
1608	107
1610	107
1612	107
1613	107
1614	107
1617	107
1619	107
1620	107
1621	107
1622	107
1623	107
1626	107
1635	107
1636	107
1637	107
1639	107
1641	107
1643	107
1644	107
1652	107
1653	107
1659	107
1663	107
1668	107
1669	107
1675	107
1678	107
1682	107
1683	107
1688	107
1689	107
1691	107
1697	107
1698	107
1700	107
1701	107
1702	107
1708	107
1710	107
1714	107
1717	107
1718	107
1719	107
1721	107
1722	107
1723	107
1724	107
1726	107
1727	107
1730	107
1735	107
1736	107
1737	107
1746	107
1750	107
1752	107
1753	107
1757	107
1761	107
1765	107
1769	107
1774	107
1779	107
1789	107
1791	107
1792	107
1793	107
1795	107
1796	107
1799	107
1800	107
1803	107
1805	107
1808	107
1809	107
1811	107
1813	107
1816	107
1817	107
1819	107
1823	107
1827	107
1828	107
1833	107
1835	107
1836	107
1838	107
1842	107
1843	107
1845	107
1846	107
1848	107
1851	107
1852	107
1859	107
1861	107
1863	107
1865	107
1867	107
1872	107
1875	107
1877	107
1883	107
1886	107
1888	107
1891	107
1899	107
1900	107
1902	107
118	109
158	109
203	109
252	109
324	109
331	109
332	109
113	119
113	121
113	122
113	132
113	134
134	113
113	142
113	148
113	158
158	113
113	165
165	113
113	169
113	172
113	186
113	188
113	199
199	113
113	200
113	203
203	113
113	239
113	252
252	113
113	261
113	271
113	277
113	285
113	291
113	304
113	313
313	113
113	325
113	334
113	342
118	134
134	118
118	161
161	118
118	172
118	199
199	118
118	200
118	203
203	118
118	211
211	118
118	222
118	238
238	118
118	239
118	252
252	118
118	261
118	265
265	118
118	268
118	271
118	277
118	283
118	304
118	313
313	118
118	322
118	324
324	118
118	325
118	331
331	118
118	342
199	119
203	119
252	119
313	119
324	119
331	119
332	119
165	121
161	122
203	122
235	122
252	122
332	122
252	123
199	128
203	128
211	128
252	128
265	128
313	128
134	132
158	132
311	132
134	142
134	199
199	134
134	203
203	134
134	238
238	134
134	248
134	252
252	134
134	277
134	304
134	334
324	136
1718	136
1926	136
1932	136
1955	136
2007	136
2038	136
2039	136
2042	136
2068	136
2071	136
2072	136
2081	136
2111	136
2117	136
2127	136
2133	136
2135	136
2138	136
2174	136
2187	136
2189	136
2199	136
2223	136
2224	136
2247	136
2254	136
2279	136
2289	136
2451	136
2461	136
2471	136
2472	136
2475	136
2498	136
2511	136
2533	136
2543	136
2571	136
2589	136
2643	136
2649	136
199	141
158	142
161	142
203	142
252	142
332	142
151	144
313	146
324	150
151	310
151	312
235	156
158	168
158	232
158	242
158	248
158	291
158	304
158	315
158	317
158	322
158	325
158	332
332	158
158	339
161	199
199	161
161	203
203	161
161	213
161	252
252	161
161	258
161	271
161	277
161	304
161	308
161	314
161	322
161	325
161	339
173	163
165	169
165	188
165	200
165	334
165	342
173	166
252	169
332	169
203	170
211	170
252	170
313	170
332	170
1193	171
199	172
203	172
211	172
212	172
238	172
252	172
265	172
313	172
331	172
332	172
173	202
173	348
173	414
173	427
427	173
173	464
173	549
173	649
649	173
218	181
199	186
203	186
252	186
331	186
252	188
218	195
199	200
199	203
203	199
199	211
211	199
199	212
212	199
199	222
199	223
199	231
199	232
199	238
238	199
199	239
199	252
252	199
199	261
199	265
265	199
199	271
199	288
199	291
199	298
199	304
199	313
313	199
199	314
199	315
199	322
199	324
324	199
199	325
199	342
203	200
252	200
324	200
332	200
203	211
211	203
203	223
203	238
238	203
203	239
203	261
203	265
265	203
203	268
203	270
203	271
203	272
203	277
203	285
203	297
203	304
203	308
203	313
313	203
203	315
203	322
203	324
324	203
203	325
203	331
331	203
203	332
332	203
203	334
203	338
203	341
203	342
332	208
211	222
211	223
211	238
238	211
211	239
211	261
211	265
265	211
211	268
211	271
211	272
211	285
211	304
211	313
313	211
211	315
211	325
211	331
331	211
211	342
212	232
212	239
212	252
252	212
212	271
212	295
212	298
212	304
212	344
324	213
332	213
324	217
218	273
218	275
218	306
218	328
238	222
240	222
313	222
252	223
265	223
313	223
324	224
332	224
332	231
252	236
238	239
238	252
252	238
238	261
238	265
265	238
238	271
238	313
313	238
238	324
324	238
238	325
238	342
252	239
265	239
313	239
252	248
265	248
311	248
332	248
252	250
252	261
252	265
265	252
252	271
252	272
252	277
252	280
252	285
252	291
252	297
252	304
252	308
252	313
313	252
252	315
252	322
252	324
324	252
252	325
252	332
332	252
252	334
252	338
252	342
252	345
265	261
313	261
265	271
265	298
265	311
311	265
265	313
313	265
265	325
265	331
331	265
265	342
313	271
331	271
332	271
311	277
324	277
332	277
332	280
313	285
332	285
332	291
324	297
324	301
324	304
332	304
311	325
311	344
313	314
313	315
313	325
313	339
313	342
324	315
332	323
324	329
324	331
331	324
324	332
332	324
324	340
332	329
331	332
332	331
350	348
356	348
369	348
377	348
379	348
383	348
385	348
405	348
406	348
407	348
416	348
421	348
426	348
427	348
428	348
429	348
430	348
432	348
433	348
437	348
442	348
449	348
451	348
455	348
465	348
466	348
467	348
472	348
480	348
499	348
504	348
510	348
513	348
526	348
529	348
532	348
533	348
539	348
540	348
543	348
558	348
563	348
567	348
569	348
571	348
572	348
350	369
369	350
350	384
350	397
350	407
407	350
350	419
350	426
426	350
350	433
433	350
350	455
455	350
350	484
350	497
350	504
504	350
350	519
350	527
350	528
350	531
350	543
543	350
350	546
350	552
350	561
350	563
563	350
428	353
430	353
432	353
513	353
526	353
540	353
567	353
1075	353
510	354
455	355
510	355
543	355
356	411
356	472
472	356
369	357
563	357
405	359
455	359
428	360
432	360
442	360
510	360
513	360
543	360
558	360
567	360
405	361
558	362
385	363
432	363
455	363
526	363
513	365
428	366
430	366
513	366
526	366
539	366
416	367
455	367
504	367
416	368
526	368
369	378
369	380
369	381
369	389
369	397
369	407
407	369
369	419
369	424
369	433
433	369
369	435
369	442
442	369
369	455
455	369
369	457
369	469
369	477
369	486
369	509
369	516
369	518
369	551
369	554
369	561
369	563
563	369
416	370
428	370
430	370
432	370
451	370
465	370
540	370
563	370
567	370
421	372
429	372
455	372
539	372
543	372
558	372
421	373
428	373
465	373
513	373
558	373
563	373
567	373
430	374
432	374
451	374
465	374
504	374
510	374
513	374
526	374
563	374
567	374
569	374
526	375
405	376
426	376
428	376
432	376
442	376
465	376
513	376
526	376
563	376
567	376
377	383
383	377
426	378
428	378
465	378
513	378
563	378
379	532
532	379
383	387
385	423
385	436
385	461
385	483
385	507
385	524
532	386
406	387
428	387
465	387
513	387
567	387
421	388
465	388
513	388
567	388
539	390
428	391
465	391
513	391
539	391
563	391
567	391
428	392
430	392
465	392
567	392
513	394
421	395
428	395
430	395
451	395
465	395
513	395
567	395
510	396
421	397
426	397
432	397
449	397
504	397
510	397
513	397
543	397
563	397
430	398
526	398
421	400
428	400
432	400
465	400
513	400
539	400
567	400
421	402
428	402
432	402
451	402
465	402
513	402
543	402
558	402
563	402
567	402
510	403
421	404
428	404
465	404
526	404
405	418
405	428
428	405
405	478
405	513
513	405
405	531
405	563
563	405
405	568
406	437
437	406
406	532
532	406
407	426
426	407
407	433
433	407
407	455
455	407
407	458
407	490
407	504
504	407
407	510
510	407
407	513
513	407
407	528
407	533
533	407
407	543
543	407
407	563
563	407
428	408
430	408
465	408
513	408
526	408
526	409
416	412
428	412
430	412
432	412
442	412
455	412
504	412
513	412
526	412
529	412
533	412
558	412
567	412
569	412
465	413
427	414
428	414
465	414
480	414
513	414
558	414
563	414
567	414
594	414
649	414
660	414
667	414
421	415
428	415
465	415
558	415
563	415
416	417
416	419
416	430
430	416
416	432
432	416
416	465
465	416
416	483
416	493
416	494
416	497
416	500
416	503
416	537
416	557
416	563
563	416
416	567
567	416
416	569
569	416
421	417
428	417
465	417
513	417
567	417
432	418
465	418
504	418
510	418
428	419
430	419
513	419
526	419
540	419
567	419
430	420
432	420
451	420
465	420
513	420
563	420
567	420
569	420
421	444
421	445
421	455
455	421
421	457
421	465
465	421
421	487
421	493
421	500
421	504
504	421
421	543
543	421
421	545
421	558
558	421
421	563
563	421
421	570
432	422
449	422
455	422
504	422
428	423
430	423
465	423
513	423
558	423
567	423
427	425
428	425
563	425
426	431
426	455
455	426
426	471
426	504
504	426
426	510
510	426
426	513
513	426
426	524
426	525
426	531
426	544
426	546
426	563
563	426
427	428
428	427
427	464
427	496
427	549
427	563
563	427
428	430
430	428
428	431
428	432
432	428
428	434
428	436
428	438
428	444
428	451
451	428
428	452
428	456
428	460
428	461
428	463
428	465
465	428
428	473
428	475
428	479
428	482
428	484
428	492
428	497
428	500
428	506
428	507
428	508
428	511
428	512
428	513
513	428
428	514
428	515
428	517
428	520
428	523
428	524
428	525
428	526
526	428
428	542
428	544
428	545
428	549
428	553
428	558
558	428
428	559
428	561
428	563
563	428
428	567
567	428
428	570
428	591
428	594
594	428
428	601
428	604
428	606
428	609
428	614
428	641
428	651
428	667
667	428
428	669
428	676
428	683
428	915
428	930
428	962
428	1013
428	1109
428	1114
428	1179
428	1210
428	1226
428	1237
428	1300
428	1313
428	1320
428	1358
428	1374
428	1408
428	1425
428	1446
428	1512
428	1536
428	1545
428	1549
428	1574
428	1692
428	1740
428	1777
428	1778
428	1912
429	455
455	429
429	466
466	429
429	481
429	504
504	429
429	522
429	529
529	429
429	531
429	539
539	429
430	432
432	430
430	439
430	451
451	430
430	456
430	465
465	430
430	469
430	471
430	483
430	484
430	493
430	497
430	503
430	514
430	525
430	526
526	430
430	537
430	541
430	553
430	559
430	561
430	563
563	430
430	566
430	569
569	430
432	431
465	431
472	431
513	431
563	431
432	438
432	439
432	444
432	451
451	432
432	452
432	455
455	432
432	456
432	460
432	465
465	432
432	471
432	475
432	482
432	483
432	497
432	504
504	432
432	506
432	507
432	510
510	432
432	513
513	432
432	514
432	521
432	525
432	527
432	541
432	544
432	545
432	546
432	553
432	555
432	557
432	559
432	561
432	563
563	432
432	566
432	569
569	432
432	570
432	571
571	432
433	455
455	433
433	504
504	433
433	510
510	433
433	528
433	533
533	433
433	563
563	433
563	434
563	435
465	436
513	436
563	436
437	453
437	462
437	463
437	467
467	437
437	498
437	499
499	437
437	532
532	437
437	572
572	437
465	438
513	438
563	438
442	439
451	439
465	439
513	439
563	439
567	439
449	440
442	460
442	475
442	523
442	531
442	544
442	563
563	442
449	444
504	444
513	444
465	445
539	446
449	480
480	449
449	504
504	449
449	507
449	543
543	449
449	563
563	449
539	450
451	465
465	451
451	471
451	493
451	503
451	506
451	507
451	513
513	451
451	514
451	544
451	553
451	556
451	561
451	563
563	451
451	567
567	451
451	569
569	451
465	452
510	452
513	452
455	466
466	455
455	497
455	500
455	504
504	455
455	506
455	510
510	455
455	522
455	528
455	529
529	455
455	531
455	539
539	455
455	541
455	543
543	455
455	546
455	553
455	557
455	561
455	563
563	455
455	565
455	568
455	569
569	455
465	456
513	456
563	456
567	456
563	457
510	458
563	459
465	460
543	460
558	460
563	460
567	460
465	461
513	461
567	461
532	462
504	463
465	471
465	473
465	475
465	483
465	484
465	487
465	493
465	495
465	500
465	503
465	506
465	507
465	511
465	513
513	465
465	515
465	517
465	524
465	525
465	526
526	465
465	535
465	537
465	538
465	542
465	544
465	556
465	557
465	558
558	465
465	559
465	561
465	566
465	567
567	465
465	569
569	465
465	570
465	580
465	591
465	601
465	604
465	614
465	669
465	676
465	683
466	481
466	504
504	466
466	522
466	529
529	466
466	531
466	539
539	466
467	532
532	467
467	572
572	467
540	469
563	469
513	471
563	471
567	471
569	471
472	533
533	472
472	567
567	472
539	473
513	475
563	475
567	475
1435	475
563	477
513	479
480	540
540	480
480	543
543	480
480	563
563	480
480	593
504	481
539	481
513	483
526	483
563	483
567	483
1018	483
1086	483
1099	483
1158	483
1261	483
1515	483
1682	483
1828	483
1848	483
1875	483
1899	483
513	484
526	484
567	484
1029	484
1238	484
1422	484
1620	484
1813	484
563	485
513	487
513	488
513	492
567	492
526	493
539	493
526	494
558	495
513	496
510	497
513	497
526	497
567	497
532	498
499	532
532	499
513	500
563	500
539	502
513	503
526	503
539	503
567	503
504	506
504	507
504	510
510	504
504	513
513	504
504	514
504	521
504	522
504	528
504	529
529	504
504	531
504	539
539	504
504	541
504	543
543	504
504	544
504	546
504	547
504	548
504	553
504	555
504	562
504	563
563	504
504	570
504	571
571	504
513	506
563	506
510	507
513	507
526	507
563	507
563	508
510	513
513	510
510	521
510	528
510	533
533	510
510	553
510	555
510	563
563	510
513	512
526	512
513	514
513	515
513	517
513	520
513	523
513	524
513	525
513	527
513	537
513	542
513	544
513	553
513	557
513	559
513	561
513	563
563	513
513	566
513	567
567	513
513	580
513	591
513	601
513	604
513	606
513	610
513	614
513	634
513	637
513	641
513	645
513	646
513	651
513	669
513	683
569	514
563	516
526	517
563	518
563	520
567	520
529	522
539	522
563	523
567	524
526	525
563	525
567	525
526	538
526	553
526	559
526	561
526	566
526	606
526	637
526	651
526	906
906	526
526	968
526	993
526	1012
526	1049
1049	526
526	1054
1054	526
526	1074
1074	526
526	1075
1075	526
526	1078
526	1110
1110	526
526	1114
526	1128
1128	526
526	1179
526	1191
1191	526
526	1209
1209	526
526	1217
526	1226
526	1237
526	1242
1242	526
526	1250
1250	526
526	1265
1265	526
526	1278
1278	526
526	1290
1290	526
526	1320
526	1329
1329	526
526	1334
1334	526
526	1344
1344	526
526	1357
526	1358
526	1367
1367	526
526	1377
1377	526
526	1393
526	1407
526	1416
1416	526
526	1435
1435	526
526	1444
526	1487
526	1519
1519	526
526	1528
1528	526
526	1540
1540	526
526	1557
1557	526
526	1574
526	1584
1584	526
526	1600
1600	526
526	1609
526	1616
526	1620
1620	526
526	1630
526	1644
1644	526
526	1688
1688	526
526	1710
1710	526
526	1724
1724	526
526	1730
1730	526
526	1740
526	1754
526	1768
526	1778
526	1791
1791	526
526	1800
1800	526
526	1861
1861	526
526	1864
526	1882
567	527
543	528
563	528
529	531
529	539
539	529
539	531
543	531
563	531
532	572
572	532
563	534
567	537
569	537
539	560
539	568
540	559
540	560
563	541
567	542
543	545
543	546
543	558
558	543
543	563
563	543
543	570
563	544
558	545
563	545
563	546
563	549
558	553
567	553
569	553
563	554
563	556
558	570
558	604
567	559
567	561
563	566
563	567
567	563
563	569
569	563
563	594
594	563
563	604
563	634
563	645
563	1013
563	1070
563	1136
563	1217
563	1338
563	1574
563	1687
563	1688
1688	563
563	1745
563	1777
563	1808
1808	563
563	1912
563	1967
567	566
1128	566
1435	566
567	580
567	590
567	591
567	604
567	610
567	645
567	646
567	651
567	683
567	3437
567	3454
567	3487
567	3723
567	3861
567	3961
660	584
594	667
667	594
594	3980
594	3989
3989	594
594	4011
4011	594
594	4031
4031	594
1086	596
1215	596
1515	596
1688	596
1828	596
1859	596
1872	596
1086	606
1110	606
1334	606
1436	606
1620	606
1727	606
660	616
1018	637
1060	637
1086	637
1128	637
1143	637
1423	637
1436	637
1448	637
1584	637
1808	637
1060	641
1086	641
1231	641
1436	641
1448	641
649	1023
649	1694
692	686
698	686
700	686
705	686
710	686
715	686
729	686
735	686
745	686
748	686
759	686
761	686
764	686
765	686
769	686
775	686
783	686
796	686
800	686
804	686
805	686
810	686
811	686
818	686
819	686
823	686
825	686
828	686
831	686
851	686
856	686
759	687
764	687
765	687
783	687
805	687
819	687
823	687
828	687
856	687
800	688
805	688
819	688
823	688
828	688
856	688
831	690
705	693
823	693
828	693
705	694
710	694
745	694
800	694
805	694
810	694
823	694
828	694
831	694
700	695
745	695
805	695
810	695
745	696
805	696
823	696
828	696
698	697
705	697
745	697
748	697
765	697
769	697
800	697
805	697
818	697
819	697
823	697
828	697
856	697
698	703
698	708
698	713
698	719
698	729
729	698
698	745
745	698
698	747
698	753
698	769
769	698
698	772
698	774
698	776
698	798
698	800
800	698
698	803
698	804
804	698
698	805
805	698
698	810
810	698
698	811
811	698
698	819
819	698
698	823
823	698
698	825
825	698
698	828
828	698
698	830
698	840
698	856
856	698
698	857
698	858
698	859
698	860
860	698
698	861
698	862
698	863
863	698
698	864
698	865
865	698
698	866
698	867
698	868
868	698
698	869
698	870
698	871
698	872
698	873
698	874
698	875
875	698
698	876
698	877
698	878
878	698
698	879
698	880
880	698
698	881
698	882
882	698
698	883
883	698
698	884
698	885
698	886
886	698
698	887
698	888
888	698
698	889
698	890
698	891
698	892
698	893
698	894
698	895
698	3437
700	745
745	700
700	784
700	794
700	795
700	815
705	703
748	703
759	703
764	703
765	703
805	703
819	703
823	703
828	703
831	703
856	703
880	703
705	706
705	713
705	715
715	705
705	718
705	719
705	720
705	722
705	724
705	726
705	728
705	731
705	737
705	738
705	739
705	741
705	745
745	705
705	747
705	748
748	705
705	752
705	754
705	755
705	758
705	759
759	705
705	760
705	761
761	705
705	762
705	763
705	764
764	705
705	770
705	772
705	773
705	778
705	780
705	781
705	784
705	787
705	799
705	800
800	705
705	803
705	805
805	705
705	807
705	808
705	809
705	810
810	705
705	814
705	819
819	705
705	820
705	823
823	705
705	824
705	827
705	828
828	705
705	829
705	830
705	831
831	705
705	834
705	835
705	836
705	842
705	843
705	844
705	845
705	847
705	849
705	853
745	706
805	706
810	706
828	706
769	708
800	708
811	708
819	708
823	708
828	708
856	708
805	709
819	709
823	709
828	709
710	711
710	803
710	805
805	710
710	810
810	710
710	847
710	853
745	711
810	711
828	711
745	713
748	713
800	713
805	713
810	713
818	713
819	713
823	713
828	713
831	713
851	713
818	714
715	738
715	745
745	715
715	781
715	805
805	715
715	814
715	827
715	834
715	842
745	718
748	718
764	718
805	718
823	718
828	718
745	719
759	719
764	719
800	719
805	719
810	719
819	719
823	719
828	719
745	720
764	720
745	722
745	723
828	723
745	724
805	724
819	724
823	724
828	724
818	725
745	726
805	726
823	726
828	726
800	727
805	727
828	727
759	728
764	728
765	728
783	728
805	728
819	728
823	728
828	728
856	728
729	753
729	804
804	729
729	856
856	729
729	861
729	863
863	729
729	876
729	878
878	729
729	882
882	729
729	886
886	729
729	888
888	729
729	889
764	730
783	730
745	731
805	731
810	731
828	731
818	732
805	734
735	769
769	735
735	800
800	735
735	819
819	735
735	856
856	735
818	736
745	737
805	737
828	737
745	738
805	738
764	739
805	739
819	739
823	739
828	739
748	740
831	740
800	741
823	741
828	741
759	742
745	747
745	751
745	752
745	755
745	758
745	760
745	762
745	773
745	774
745	781
745	784
745	787
745	790
745	794
745	795
745	799
745	800
800	745
745	805
805	745
745	810
810	745
745	813
745	814
745	815
745	817
745	820
745	823
823	745
745	824
745	827
745	828
828	745
745	829
745	830
745	834
745	842
745	845
745	847
745	853
748	747
764	747
765	747
769	747
783	747
800	747
804	747
805	747
810	747
819	747
823	747
828	747
831	747
856	747
880	747
748	758
748	764
764	748
748	770
748	779
748	787
748	793
748	797
748	817
748	830
748	831
831	748
748	849
828	751
759	752
800	752
805	752
810	752
823	752
828	752
831	752
769	753
819	753
823	753
856	753
805	754
823	754
828	754
783	755
805	756
775	757
783	758
759	766
759	828
828	759
800	760
805	760
823	760
828	760
761	772
761	800
800	761
761	805
805	761
761	827
761	842
761	848
805	762
810	762
804	763
764	779
764	781
764	783
783	764
764	787
764	793
764	797
764	805
805	764
764	807
764	809
764	817
764	823
823	764
764	824
764	827
764	828
828	764
764	838
764	843
765	779
765	780
765	792
765	807
765	823
823	765
765	835
765	843
765	856
856	765
800	766
805	766
810	766
823	766
828	766
796	767
769	774
769	798
769	800
800	769
769	811
811	769
769	828
828	769
769	856
856	769
769	869
769	890
783	770
828	770
818	771
800	772
805	772
828	772
856	772
810	773
823	773
828	773
831	773
800	774
805	774
810	774
811	774
819	774
823	774
828	774
856	774
819	778
828	778
823	779
828	779
805	780
819	780
823	780
828	780
783	781
800	781
805	781
810	781
823	781
828	781
804	782
783	787
783	793
783	797
783	809
783	817
783	820
783	827
783	849
800	784
810	784
828	784
823	787
818	789
796	791
818	791
805	792
819	792
823	792
828	792
796	806
796	818
818	796
796	822
796	829
828	797
831	797
800	805
805	800
800	810
810	800
800	811
811	800
800	814
800	823
823	800
800	827
800	828
828	800
800	830
800	834
800	842
800	845
800	851
851	800
800	853
800	856
856	800
818	802
880	803
804	849
804	856
856	804
804	861
804	863
863	804
804	876
804	878
878	804
804	882
882	804
804	886
886	804
804	888
888	804
804	889
805	807
805	810
810	805
805	814
805	815
805	817
805	818
818	805
805	819
819	805
805	823
823	805
805	824
805	827
805	828
828	805
805	829
805	830
805	831
831	805
805	834
805	837
805	838
805	840
805	842
805	843
805	844
805	847
805	853
805	880
880	805
818	806
819	807
823	807
828	807
856	807
810	814
810	815
810	823
823	810
810	827
810	828
828	810
810	834
810	842
810	847
810	853
810	856
856	810
811	856
856	811
811	869
811	890
828	812
828	814
819	815
823	815
828	815
856	815
819	817
828	817
818	822
818	839
819	823
823	819
819	824
819	827
819	828
828	819
819	830
819	834
819	835
819	838
819	840
819	848
819	856
856	819
819	880
880	819
823	820
828	820
831	820
823	824
823	827
823	828
828	823
823	830
823	834
823	835
823	838
823	840
823	843
823	848
823	853
823	856
856	823
823	880
880	823
828	824
825	856
856	825
825	864
825	884
825	889
828	826
828	827
828	829
828	830
828	834
828	835
828	837
828	838
828	840
828	842
828	844
828	845
828	846
828	847
828	848
828	849
828	851
851	828
828	853
828	856
856	828
828	880
880	828
856	830
831	853
856	838
856	840
856	861
856	863
863	856
856	864
856	869
856	876
856	878
878	856
856	882
882	856
856	888
888	856
856	889
856	893
865	857
868	857
860	1684
863	861
878	861
888	861
865	862
868	862
3721	862
863	876
863	878
878	863
863	882
882	863
863	886
886	863
863	888
888	863
863	889
865	868
868	865
878	876
882	876
886	876
888	876
878	886
886	878
878	888
888	878
878	889
882	886
886	882
882	889
886	889
888	889
1015	896
1018	896
1036	896
1060	896
1115	896
1120	896
1158	896
1215	896
1227	896
1231	896
1257	896
1261	896
1379	896
1381	896
1413	896
1423	896
1448	896
1515	896
1591	896
1635	896
1636	896
1691	896
1859	896
1872	896
1875	896
1899	896
922	897
927	897
947	897
967	897
991	897
1029	897
1058	897
1074	897
1084	897
1123	897
1191	897
1214	897
1219	897
1305	897
1312	897
1329	897
1361	897
1376	897
1398	897
1420	897
1447	897
1449	897
1458	897
1460	897
1467	897
1470	897
1480	897
1513	897
1519	897
1522	897
1535	897
1553	897
1612	897
1620	897
1639	897
1765	897
1769	897
1791	897
1799	897
1805	897
1835	897
1842	897
1846	897
1861	897
1863	897
1888	897
971	898
1099	898
1261	898
1515	898
1848	898
1875	898
908	900
1261	900
1494	900
1553	900
1698	900
1036	902
1158	902
1227	902
1257	902
1379	902
1448	902
1591	902
1636	902
1691	902
1872	902
1899	902
1422	905
906	925
925	906
906	966
966	906
906	1003
1003	906
906	1048
1048	906
906	1049
1049	906
906	1054
1054	906
906	1059
1059	906
906	1075
1075	906
906	1078
906	1110
1110	906
906	1116
1116	906
906	1126
1126	906
906	1128
1128	906
906	1175
906	1184
1184	906
906	1199
906	1205
906	1209
1209	906
906	1222
906	1242
1242	906
906	1243
1243	906
906	1250
1250	906
906	1256
906	1269
1269	906
906	1278
1278	906
906	1323
906	1344
1344	906
906	1352
1352	906
906	1367
1367	906
906	1375
1375	906
906	1376
1376	906
906	1377
1377	906
906	1390
1390	906
906	1407
906	1431
1431	906
906	1471
1471	906
906	1480
1480	906
906	1520
1520	906
906	1528
1528	906
906	1547
1547	906
906	1551
1551	906
906	1554
1554	906
906	1557
1557	906
906	1570
906	1572
1572	906
906	1600
1600	906
906	1609
906	1620
1620	906
906	1622
1622	906
906	1623
1623	906
906	1644
1644	906
906	1652
1652	906
906	1653
1653	906
906	1659
1659	906
906	1663
1663	906
906	1688
1688	906
906	1689
1689	906
906	1724
1724	906
906	1730
1730	906
906	1737
1737	906
906	1746
1746	906
906	1757
1757	906
906	1768
906	1771
906	1795
1795	906
906	1796
1796	906
906	1800
1800	906
906	1804
906	1811
1811	906
906	1816
1816	906
906	1827
1827	906
906	1861
1861	906
906	1867
1867	906
906	1877
1877	906
906	1888
1888	906
906	1891
1891	906
980	907
1172	907
1420	907
1730	907
1845	907
908	950
908	1033
908	1077
1077	908
908	1136
908	1144
908	1187
908	1203
908	1274
908	1307
908	1325
908	1327
1327	908
908	1337
908	1360
1360	908
908	1421
908	1433
908	1465
908	1511
908	1518
908	1537
1537	908
908	1555
908	1567
908	1588
1588	908
908	1593
1593	908
908	1615
908	1687
908	1698
1698	908
908	1719
1719	908
908	1806
908	1825
908	1866
955	909
1030	909
1043	909
1045	909
1111	909
1197	909
1368	909
1384	909
1436	909
1808	910
1422	912
1808	912
1068	913
1135	913
1238	913
1377	913
1436	913
1561	913
1620	913
1675	913
1688	913
1727	913
1813	913
1867	913
1110	915
1636	915
916	925
925	916
916	946
946	916
916	947
947	916
916	952
952	916
916	960
916	966
966	916
916	967
967	916
916	972
916	978
978	916
916	982
982	916
916	983
983	916
916	993
916	999
916	1004
916	1006
1006	916
916	1017
1017	916
916	1026
1026	916
916	1028
1028	916
916	1040
916	1047
916	1063
916	1069
1069	916
916	1076
1076	916
916	1078
916	1079
1079	916
916	1086
1086	916
916	1092
1092	916
916	1125
916	1149
1149	916
916	1153
916	1156
916	1163
916	1172
1172	916
916	1175
916	1182
1182	916
916	1184
1184	916
916	1191
1191	916
916	1199
916	1207
916	1211
1211	916
916	1214
1214	916
916	1222
916	1230
916	1238
1238	916
916	1250
1250	916
916	1255
916	1256
916	1267
1267	916
916	1269
1269	916
916	1271
1271	916
916	1280
916	1285
916	1287
916	1288
1288	916
916	1289
916	1290
1290	916
916	1293
1293	916
916	1294
916	1302
916	1305
1305	916
916	1312
1312	916
916	1329
1329	916
916	1330
1330	916
916	1331
916	1335
916	1361
1361	916
916	1365
1365	916
916	1370
916	1376
1376	916
916	1380
1380	916
916	1390
1390	916
916	1399
916	1402
1402	916
916	1409
916	1431
1431	916
916	1456
916	1471
1471	916
916	1483
916	1509
1509	916
916	1516
1516	916
916	1522
1522	916
916	1523
1523	916
916	1524
1524	916
916	1530
916	1547
1547	916
916	1551
1551	916
916	1554
1554	916
916	1557
1557	916
916	1559
1559	916
916	1563
1563	916
916	1571
916	1580
1580	916
916	1584
1584	916
916	1589
1589	916
916	1597
1597	916
916	1598
916	1605
916	1610
1610	916
916	1612
1612	916
916	1613
1613	916
916	1614
1614	916
916	1617
1617	916
916	1619
1619	916
916	1621
1621	916
916	1622
1622	916
916	1623
1623	916
916	1632
916	1637
1637	916
916	1643
1643	916
916	1662
916	1663
1663	916
916	1665
916	1668
1668	916
916	1685
916	1707
916	1712
916	1717
1717	916
916	1718
1718	916
916	1730
1730	916
916	1735
1735	916
916	1736
1736	916
916	1746
1746	916
916	1750
1750	916
916	1752
1752	916
916	1753
1753	916
916	1754
916	1768
916	1791
1791	916
916	1793
1793	916
916	1796
1796	916
916	1799
1799	916
916	1800
1800	916
916	1804
916	1809
1809	916
916	1823
1823	916
916	1827
1827	916
916	1835
1835	916
916	1839
916	1849
916	1861
1861	916
916	1864
916	1868
916	1879
916	1888
1888	916
916	1900
1900	916
916	1902
1902	916
1018	917
1060	917
1086	917
1099	917
1158	917
1261	917
1418	917
1436	917
1515	917
1727	917
1828	917
1848	917
1899	917
1099	919
1261	919
920	921
921	920
920	1182
1182	920
920	1334
1334	920
920	1369
1369	920
920	1376
1376	920
920	1447
1447	920
920	1477
1477	920
920	1484
1484	920
920	1584
1584	920
920	1782
920	1792
1792	920
920	1860
921	925
925	921
921	927
927	921
921	934
934	921
921	952
952	921
921	967
967	921
921	980
980	921
921	993
921	995
921	1026
1026	921
921	1048
1048	921
921	1049
1049	921
921	1059
1059	921
921	1078
921	1124
1124	921
921	1126
1126	921
921	1128
1128	921
921	1135
1135	921
921	1146
1146	921
921	1164
921	1182
1182	921
921	1185
921	1195
1195	921
921	1199
921	1222
921	1230
921	1243
1243	921
921	1255
921	1269
1269	921
921	1272
1272	921
921	1290
1290	921
921	1291
1291	921
921	1312
1312	921
921	1323
921	1329
1329	921
921	1334
1334	921
921	1341
921	1352
1352	921
921	1361
1361	921
921	1367
1367	921
921	1369
1369	921
921	1375
1375	921
921	1376
1376	921
921	1377
1377	921
921	1389
921	1390
1390	921
921	1391
1391	921
921	1393
921	1399
921	1404
921	1407
921	1420
1420	921
921	1431
1431	921
921	1467
1467	921
921	1471
1471	921
921	1509
1509	921
921	1516
1516	921
921	1520
1520	921
921	1522
1522	921
921	1535
1535	921
921	1540
1540	921
921	1551
1551	921
921	1554
1554	921
921	1557
1557	921
921	1563
1563	921
921	1570
921	1584
1584	921
921	1589
1589	921
921	1603
1603	921
921	1608
1608	921
921	1612
1612	921
921	1613
1613	921
921	1621
1621	921
921	1622
1622	921
921	1639
1639	921
921	1643
1643	921
921	1663
1663	921
921	1669
1669	921
921	1675
1675	921
921	1683
1683	921
921	1685
921	1689
1689	921
921	1714
1714	921
921	1718
1718	921
921	1730
1730	921
921	1734
921	1735
1735	921
921	1750
1750	921
921	1753
1753	921
921	1757
1757	921
921	1761
1761	921
921	1765
1765	921
921	1768
921	1793
1793	921
921	1813
1813	921
921	1823
1823	921
921	1826
921	1827
1827	921
921	1833
1833	921
921	1835
1835	921
921	1842
1842	921
921	1845
1845	921
921	1864
921	1888
1888	921
921	1891
1891	921
922	946
946	922
922	991
991	922
922	1123
1123	922
922	1130
922	1199
922	1305
1305	922
922	1312
1312	922
922	1341
922	1398
1398	922
922	1399
922	1449
1449	922
922	1458
1458	922
922	1467
1467	922
922	1480
1480	922
922	1590
922	1614
1614	922
922	1626
1626	922
922	1662
922	1702
1702	922
922	1780
922	1800
1800	922
922	1805
1805	922
922	1817
1817	922
922	1839
922	1846
1846	922
922	1858
922	1863
1863	922
922	1909
923	961
961	923
923	1178
1178	923
923	1193
1193	923
923	1317
1317	923
923	1369
1369	923
923	1505
923	1758
1120	924
925	927
927	925
925	946
946	925
925	967
967	925
925	978
978	925
925	980
980	925
925	993
925	999
925	1003
1003	925
925	1004
925	1017
1017	925
925	1047
925	1048
1048	925
925	1049
1049	925
925	1054
1054	925
925	1059
1059	925
925	1075
1075	925
925	1076
1076	925
925	1079
1079	925
925	1086
1086	925
925	1092
1092	925
925	1110
1110	925
925	1112
1112	925
925	1124
1124	925
925	1125
925	1126
1126	925
925	1132
1132	925
925	1146
1146	925
925	1149
1149	925
925	1172
1172	925
925	1175
925	1180
925	1181
1181	925
925	1184
1184	925
925	1185
925	1196
925	1198
1198	925
925	1199
925	1209
1209	925
925	1211
1211	925
925	1214
1214	925
925	1222
925	1242
1242	925
925	1243
1243	925
925	1250
1250	925
925	1265
1265	925
925	1267
1267	925
925	1269
1269	925
925	1290
1290	925
925	1291
1291	925
925	1302
925	1312
1312	925
925	1323
925	1334
1334	925
925	1335
925	1339
1339	925
925	1340
925	1344
1344	925
925	1352
1352	925
925	1365
1365	925
925	1367
1367	925
925	1375
1375	925
925	1376
1376	925
925	1377
1377	925
925	1390
1390	925
925	1399
925	1416
1416	925
925	1420
1420	925
925	1431
1431	925
925	1449
1449	925
925	1456
925	1460
1460	925
925	1471
1471	925
925	1485
1485	925
925	1491
1491	925
925	1509
1509	925
925	1516
1516	925
925	1520
1520	925
925	1523
1523	925
925	1524
1524	925
925	1530
925	1538
925	1539
1539	925
925	1547
1547	925
925	1551
1551	925
925	1554
1554	925
925	1557
1557	925
925	1559
1559	925
925	1563
1563	925
925	1570
925	1572
1572	925
925	1584
1584	925
925	1589
1589	925
925	1590
925	1597
1597	925
925	1598
925	1600
1600	925
925	1608
1608	925
925	1610
1610	925
925	1612
1612	925
925	1613
1613	925
925	1614
1614	925
925	1617
1617	925
925	1618
925	1620
1620	925
925	1621
1621	925
925	1622
1622	925
925	1623
1623	925
925	1632
925	1637
1637	925
925	1639
1639	925
925	1643
1643	925
925	1644
1644	925
925	1653
1653	925
925	1659
1659	925
925	1663
1663	925
925	1668
1668	925
925	1669
1669	925
925	1675
1675	925
925	1683
1683	925
925	1688
1688	925
925	1689
1689	925
925	1710
1710	925
925	1714
1714	925
925	1717
1717	925
925	1718
1718	925
925	1721
1721	925
925	1724
1724	925
925	1730
1730	925
925	1734
925	1735
1735	925
925	1736
1736	925
925	1737
1737	925
925	1746
1746	925
925	1750
1750	925
925	1752
1752	925
925	1753
1753	925
925	1757
1757	925
925	1768
925	1769
1769	925
925	1771
925	1774
1774	925
925	1793
1793	925
925	1795
1795	925
925	1796
1796	925
925	1799
1799	925
925	1800
1800	925
925	1804
925	1811
1811	925
925	1813
1813	925
925	1819
1819	925
925	1827
1827	925
925	1833
1833	925
925	1835
1835	925
925	1836
1836	925
925	1842
1842	925
925	1861
1861	925
925	1867
1867	925
925	1877
1877	925
925	1879
925	1886
1886	925
925	1888
1888	925
925	1891
1891	925
925	1909
926	946
946	926
926	960
926	997
926	1026
1026	926
926	1056
1056	926
926	1151
1151	926
926	1191
1191	926
926	1255
926	1256
926	1280
926	1409
926	1509
1509	926
926	1604
926	1605
926	1608
1608	926
926	1663
1663	926
926	1722
1722	926
926	1782
926	1810
926	1835
1835	926
927	946
946	927
927	947
947	927
927	967
967	927
927	980
980	927
927	993
927	1026
1026	927
927	1048
1048	927
927	1124
1124	927
927	1146
1146	927
927	1153
927	1175
927	1182
1182	927
927	1185
927	1195
1195	927
927	1214
1214	927
927	1243
1243	927
927	1255
927	1265
1265	927
927	1269
1269	927
927	1290
1290	927
927	1312
1312	927
927	1329
1329	927
927	1334
1334	927
927	1352
1352	927
927	1367
1367	927
927	1369
1369	927
927	1376
1376	927
927	1377
1377	927
927	1405
1405	927
927	1420
1420	927
927	1460
1460	927
927	1467
1467	927
927	1513
1513	927
927	1520
1520	927
927	1528
1528	927
927	1530
927	1551
1551	927
927	1554
1554	927
927	1563
1563	927
927	1570
927	1584
1584	927
927	1589
1589	927
927	1590
927	1603
1603	927
927	1608
1608	927
927	1609
927	1611
927	1612
1612	927
927	1613
1613	927
927	1621
1621	927
927	1639
1639	927
927	1663
1663	927
927	1669
1669	927
927	1675
1675	927
927	1724
1724	927
927	1730
1730	927
927	1736
1736	927
927	1750
1750	927
927	1765
1765	927
927	1768
927	1782
927	1791
1791	927
927	1799
1799	927
927	1811
1811	927
927	1819
1819	927
927	1827
1827	927
927	1831
927	1835
1835	927
927	1846
1846	927
927	1851
1851	927
927	1888
1888	927
1328	928
1494	928
929	1317
1317	929
929	1505
929	1701
1701	929
929	1838
1838	929
980	932
982	932
1026	932
1029	932
1056	932
1074	932
1107	932
1172	932
1191	932
1211	932
1238	932
1269	932
1329	932
1330	932
1420	932
1447	932
1509	932
1517	932
1535	932
1580	932
1589	932
1594	932
1620	932
1622	932
1659	932
1663	932
1669	932
1675	932
1722	932
1730	932
1813	932
1827	932
1843	932
1845	932
1902	932
971	933
1215	933
1261	933
934	952
952	934
934	980
980	934
934	993
934	1026
1026	934
934	1048
1048	934
934	1076
1076	934
934	1079
1079	934
934	1086
1086	934
934	1126
1126	934
934	1128
1128	934
934	1146
1146	934
934	1155
934	1175
934	1185
934	1199
934	1211
1211	934
934	1243
1243	934
934	1267
1267	934
934	1269
1269	934
934	1291
1291	934
934	1302
934	1305
1305	934
934	1329
1329	934
934	1334
1334	934
934	1352
1352	934
934	1367
1367	934
934	1376
1376	934
934	1377
1377	934
934	1390
1390	934
934	1391
1391	934
934	1399
934	1420
1420	934
934	1431
1431	934
934	1456
934	1467
1467	934
934	1471
1471	934
934	1491
1491	934
934	1508
934	1509
1509	934
934	1516
1516	934
934	1522
1522	934
934	1538
934	1551
1551	934
934	1559
1559	934
934	1584
1584	934
934	1589
1589	934
934	1597
1597	934
934	1603
1603	934
934	1608
1608	934
934	1610
1610	934
934	1612
1612	934
934	1613
1613	934
934	1621
1621	934
934	1637
1637	934
934	1643
1643	934
934	1663
1663	934
934	1668
1668	934
934	1675
1675	934
934	1707
934	1714
1714	934
934	1721
1721	934
934	1730
1730	934
934	1746
1746	934
934	1750
1750	934
934	1753
1753	934
934	1757
1757	934
934	1761
1761	934
934	1768
934	1791
1791	934
934	1793
1793	934
934	1795
1795	934
934	1799
1799	934
934	1800
1800	934
934	1804
934	1823
1823	934
934	1827
1827	934
934	1833
1833	934
934	1835
1835	934
934	1888
1888	934
934	1902
1902	934
1418	940
971	941
1227	941
1257	941
1379	941
1635	941
1691	941
1828	941
971	942
1018	942
1099	942
1215	942
1261	942
1515	942
1828	942
1848	942
1899	942
946	947
947	946
946	952
952	946
946	960
946	966
966	946
946	967
967	946
946	968
946	991
991	946
946	993
946	1003
1003	946
946	1004
946	1006
1006	946
946	1024
946	1026
1026	946
946	1028
1028	946
946	1048
1048	946
946	1059
1059	946
946	1076
1076	946
946	1078
946	1079
1079	946
946	1083
946	1086
1086	946
946	1092
1092	946
946	1112
1112	946
946	1123
1123	946
946	1125
946	1126
1126	946
946	1132
1132	946
946	1146
1146	946
946	1149
1149	946
946	1153
946	1163
946	1172
1172	946
946	1181
1181	946
946	1182
1182	946
946	1184
1184	946
946	1185
946	1196
946	1199
946	1207
946	1209
1209	946
946	1211
1211	946
946	1238
1238	946
946	1242
1242	946
946	1243
1243	946
946	1250
1250	946
946	1255
946	1267
1267	946
946	1272
1272	946
946	1287
946	1289
946	1302
946	1305
1305	946
946	1312
1312	946
946	1330
1330	946
946	1331
946	1339
1339	946
946	1344
1344	946
946	1352
1352	946
946	1361
1361	946
946	1365
1365	946
946	1367
1367	946
946	1369
1369	946
946	1370
946	1375
1375	946
946	1376
1376	946
946	1377
1377	946
946	1390
1390	946
946	1391
1391	946
946	1398
1398	946
946	1399
946	1402
1402	946
946	1405
1405	946
946	1416
1416	946
946	1420
1420	946
946	1431
1431	946
946	1449
1449	946
946	1456
946	1467
1467	946
946	1480
1480	946
946	1485
1485	946
946	1488
946	1491
1491	946
946	1509
1509	946
946	1516
1516	946
946	1522
1522	946
946	1530
946	1532
1532	946
946	1538
946	1539
1539	946
946	1547
1547	946
946	1554
1554	946
946	1557
1557	946
946	1559
1559	946
946	1563
1563	946
946	1570
946	1580
1580	946
946	1584
1584	946
946	1589
1589	946
946	1590
946	1597
1597	946
946	1598
946	1603
1603	946
946	1608
1608	946
946	1610
1610	946
946	1612
1612	946
946	1614
1614	946
946	1617
1617	946
946	1619
1619	946
946	1621
1621	946
946	1623
1623	946
946	1632
946	1637
1637	946
946	1653
1653	946
946	1662
946	1663
1663	946
946	1668
1668	946
946	1683
1683	946
946	1689
1689	946
946	1700
1700	946
946	1707
946	1712
946	1714
1714	946
946	1717
1717	946
946	1721
1721	946
946	1730
1730	946
946	1735
1735	946
946	1736
1736	946
946	1737
1737	946
946	1741
946	1746
1746	946
946	1750
1750	946
946	1752
1752	946
946	1753
1753	946
946	1757
1757	946
946	1761
1761	946
946	1768
946	1782
946	1791
1791	946
946	1793
1793	946
946	1799
1799	946
946	1800
1800	946
946	1804
946	1810
946	1816
1816	946
946	1819
1819	946
946	1823
1823	946
946	1826
946	1827
1827	946
946	1833
1833	946
946	1835
1835	946
946	1836
1836	946
946	1839
946	1846
1846	946
946	1849
946	1867
1867	946
946	1868
946	1879
946	1886
1886	946
946	1888
1888	946
946	1902
1902	946
947	978
978	947
947	993
947	999
947	1017
1017	947
947	1028
1028	947
947	1049
1049	947
947	1059
1059	947
947	1078
947	1079
1079	947
947	1086
1086	947
947	1101
1101	947
947	1126
1126	947
947	1128
1128	947
947	1132
1132	947
947	1135
1135	947
947	1156
947	1184
1184	947
947	1185
947	1199
947	1211
1211	947
947	1230
947	1242
1242	947
947	1243
1243	947
947	1250
1250	947
947	1267
1267	947
947	1269
1269	947
947	1272
1272	947
947	1287
947	1291
1291	947
947	1302
947	1305
1305	947
947	1329
1329	947
947	1341
947	1352
1352	947
947	1365
1365	947
947	1367
1367	947
947	1376
1376	947
947	1377
1377	947
947	1390
1390	947
947	1391
1391	947
947	1399
947	1416
1416	947
947	1420
1420	947
947	1431
1431	947
947	1449
1449	947
947	1467
1467	947
947	1471
1471	947
947	1491
1491	947
947	1509
1509	947
947	1516
1516	947
947	1522
1522	947
947	1528
1528	947
947	1539
1539	947
947	1551
1551	947
947	1559
1559	947
947	1562
947	1563
1563	947
947	1584
1584	947
947	1589
1589	947
947	1590
947	1597
1597	947
947	1598
947	1603
1603	947
947	1604
947	1608
1608	947
947	1610
1610	947
947	1612
1612	947
947	1613
1613	947
947	1614
1614	947
947	1617
1617	947
947	1621
1621	947
947	1622
1622	947
947	1637
1637	947
947	1639
1639	947
947	1653
1653	947
947	1663
1663	947
947	1668
1668	947
947	1669
1669	947
947	1683
1683	947
947	1714
1714	947
947	1717
1717	947
947	1721
1721	947
947	1730
1730	947
947	1735
1735	947
947	1746
1746	947
947	1750
1750	947
947	1752
1752	947
947	1754
947	1757
1757	947
947	1761
1761	947
947	1765
1765	947
947	1768
947	1782
947	1795
1795	947
947	1799
1799	947
947	1800
1800	947
947	1804
947	1808
1808	947
947	1813
1813	947
947	1816
1816	947
947	1823
1823	947
947	1827
1827	947
947	1832
947	1833
1833	947
947	1835
1835	947
947	1845
1845	947
947	1864
947	1867
1867	947
947	1886
1886	947
947	1888
1888	947
1445	950
1494	950
1537	950
951	973
951	1033
951	1161
1161	951
951	1274
951	1325
951	1327
1327	951
951	1337
951	1445
1445	951
951	1511
951	1523
1523	951
951	1540
1540	951
951	1618
951	1641
1641	951
951	1656
951	1687
951	1702
1702	951
951	1718
1718	951
951	1806
951	1852
1852	951
952	967
967	952
952	993
952	1004
952	1017
1017	952
952	1028
1028	952
952	1054
1054	952
952	1059
1059	952
952	1076
1076	952
952	1078
952	1086
1086	952
952	1126
1126	952
952	1128
1128	952
952	1149
1149	952
952	1156
952	1184
1184	952
952	1185
952	1199
952	1211
1211	952
952	1230
952	1250
1250	952
952	1267
1267	952
952	1269
1269	952
952	1290
1290	952
952	1291
1291	952
952	1302
952	1341
952	1352
1352	952
952	1365
1365	952
952	1367
1367	952
952	1376
1376	952
952	1377
1377	952
952	1390
1390	952
952	1391
1391	952
952	1399
952	1420
1420	952
952	1431
1431	952
952	1467
1467	952
952	1491
1491	952
952	1516
1516	952
952	1522
1522	952
952	1530
952	1539
1539	952
952	1554
1554	952
952	1557
1557	952
952	1572
1572	952
952	1584
1584	952
952	1589
1589	952
952	1597
1597	952
952	1603
1603	952
952	1608
1608	952
952	1612
1612	952
952	1617
1617	952
952	1621
1621	952
952	1622
1622	952
952	1662
952	1663
1663	952
952	1689
1689	952
952	1707
952	1714
1714	952
952	1717
1717	952
952	1730
1730	952
952	1735
1735	952
952	1736
1736	952
952	1746
1746	952
952	1750
1750	952
952	1752
1752	952
952	1757
1757	952
952	1761
1761	952
952	1791
1791	952
952	1793
1793	952
952	1799
1799	952
952	1800
1800	952
952	1810
952	1823
1823	952
952	1827
1827	952
952	1833
1833	952
952	1849
952	1886
1886	952
952	1888
1888	952
978	953
1029	953
1056	953
1059	953
1086	953
1107	953
1124	953
1135	953
1172	953
1191	953
1201	953
1214	953
1238	953
1243	953
1271	953
1330	953
1361	953
1377	953
1390	953
1391	953
1431	953
1447	953
1470	953
1471	953
1509	953
1517	953
1520	953
1551	953
1553	953
1559	953
1563	953
1580	953
1589	953
1610	953
1613	953
1619	953
1620	953
1621	953
1622	953
1637	953
1663	953
1675	953
1688	953
1714	953
1717	953
1722	953
1730	953
1736	953
1791	953
1793	953
1800	953
1809	953
1813	953
1842	953
1861	953
1888	953
1902	953
971	954
1018	954
1120	954
1227	954
1515	954
1591	954
955	1030
1030	955
955	1043
1043	955
955	1045
1045	955
955	1111
1111	955
955	1197
1197	955
955	1254
1254	955
955	1368
1368	955
955	1788
1036	957
1060	957
1120	957
1158	957
1227	957
1231	957
1257	957
1379	957
1381	957
1413	957
1423	957
1591	957
1636	957
1691	957
1859	957
1899	957
983	959
1006	959
1029	959
1039	959
1069	959
1107	959
1132	959
1201	959
1238	959
1271	959
1288	959
1330	959
1380	959
1391	959
1402	959
1447	959
1519	959
1551	959
1619	959
1663	959
1809	959
966	960
982	960
1006	960
1017	960
1059	960
1068	960
1069	960
1086	960
1101	960
1107	960
1123	960
1126	960
1132	960
1211	960
1214	960
1238	960
1271	960
1272	960
1288	960
1291	960
1305	960
1390	960
1398	960
1431	960
1447	960
1449	960
1471	960
1480	960
1519	960
1547	960
1551	960
1559	960
1584	960
1603	960
1610	960
1612	960
1613	960
1617	960
1619	960
1622	960
1652	960
1663	960
1668	960
1714	960
1736	960
1789	960
1793	960
1799	960
1800	960
1809	960
1816	960
1823	960
1827	960
1833	960
1863	960
1888	960
961	1038
961	1087
961	1088
1088	961
961	1197
1197	961
961	1283
1283	961
961	1301
1301	961
961	1327
1327	961
961	1505
961	1688
1688	961
961	1780
961	1852
1852	961
1089	964
1278	964
966	978
978	966
966	982
982	966
966	983
983	966
966	999
966	1006
1006	966
966	1017
1017	966
966	1024
966	1040
966	1078
966	1083
966	1086
1086	966
966	1101
1101	966
966	1107
1107	966
966	1117
966	1125
966	1126
1126	966
966	1130
966	1132
1132	966
966	1153
966	1163
966	1172
1172	966
966	1181
1181	966
966	1184
1184	966
966	1185
966	1191
1191	966
966	1199
966	1211
1211	966
966	1219
1219	966
966	1222
966	1230
966	1238
1238	966
966	1256
966	1271
1271	966
966	1285
966	1288
1288	966
966	1289
966	1291
1291	966
966	1302
966	1305
1305	966
966	1330
1330	966
966	1331
966	1335
966	1336
966	1341
966	1351
1351	966
966	1352
1352	966
966	1361
1361	966
966	1367
1367	966
966	1370
966	1380
1380	966
966	1390
1390	966
966	1399
966	1416
1416	966
966	1431
1431	966
966	1449
1449	966
966	1456
966	1457
966	1471
1471	966
966	1488
966	1491
1491	966
966	1516
1516	966
966	1522
1522	966
966	1547
1547	966
966	1556
966	1559
1559	966
966	1572
1572	966
966	1584
1584	966
966	1589
1589	966
966	1605
966	1610
1610	966
966	1619
1619	966
966	1621
1621	966
966	1652
1652	966
966	1662
966	1663
1663	966
966	1665
966	1668
1668	966
966	1707
966	1714
1714	966
966	1717
1717	966
966	1721
1721	966
966	1730
1730	966
966	1736
1736	966
966	1737
1737	966
966	1746
1746	966
966	1757
1757	966
966	1789
1789	966
966	1793
1793	966
966	1799
1799	966
966	1800
1800	966
966	1804
966	1809
1809	966
966	1810
966	1813
1813	966
966	1816
1816	966
966	1821
966	1823
1823	966
966	1826
966	1827
1827	966
966	1832
966	1833
1833	966
966	1839
966	1849
966	1864
966	1868
966	1879
966	1886
1886	966
966	1888
1888	966
966	1898
966	1902
1902	966
967	980
980	967
967	993
967	1003
1003	967
967	1026
1026	967
967	1047
967	1048
1048	967
967	1049
1049	967
967	1054
1054	967
967	1076
1076	967
967	1092
1092	967
967	1110
1110	967
967	1112
1112	967
967	1124
1124	967
967	1126
1126	967
967	1146
1146	967
967	1149
1149	967
967	1175
967	1182
1182	967
967	1195
1195	967
967	1230
967	1238
1238	967
967	1243
1243	967
967	1250
1250	967
967	1255
967	1265
1265	967
967	1272
1272	967
967	1290
1290	967
967	1293
1293	967
967	1305
1305	967
967	1312
1312	967
967	1329
1329	967
967	1334
1334	967
967	1352
1352	967
967	1361
1361	967
967	1365
1365	967
967	1367
1367	967
967	1369
1369	967
967	1376
1376	967
967	1377
1377	967
967	1390
1390	967
967	1402
1402	967
967	1405
1405	967
967	1420
1420	967
967	1431
1431	967
967	1441
1441	967
967	1467
1467	967
967	1480
1480	967
967	1484
1484	967
967	1485
1485	967
967	1509
1509	967
967	1516
1516	967
967	1520
1520	967
967	1522
1522	967
967	1523
1523	967
967	1524
1524	967
967	1528
1528	967
967	1554
1554	967
967	1557
1557	967
967	1559
1559	967
967	1563
1563	967
967	1570
967	1584
1584	967
967	1589
1589	967
967	1590
967	1603
1603	967
967	1604
967	1614
1614	967
967	1621
1621	967
967	1622
1622	967
967	1626
1626	967
967	1637
1637	967
967	1659
1659	967
967	1663
1663	967
967	1675
1675	967
967	1685
967	1688
1688	967
967	1689
1689	967
967	1717
1717	967
967	1721
1721	967
967	1730
1730	967
967	1734
967	1752
1752	967
967	1753
1753	967
967	1768
967	1772
967	1774
1774	967
967	1782
967	1791
1791	967
967	1796
1796	967
967	1800
1800	967
967	1813
1813	967
967	1827
1827	967
967	1833
1833	967
967	1835
1835	967
967	1843
1843	967
967	1845
1845	967
967	1867
1867	967
967	1888
1888	967
967	1891
1891	967
1054	968
1110	968
1172	968
1334	968
1435	968
1436	968
1523	968
1540	968
1584	968
1827	968
1099	969
1261	969
1073	970
1360	970
971	984
971	1014
971	1020
971	1032
971	1158
1158	971
971	1204
971	1215
1215	971
971	1241
971	1247
971	1273
971	1282
971	1347
971	1429
971	1489
971	1495
971	1502
971	1503
971	1591
1591	971
971	1649
971	1704
971	1706
971	1729
971	1732
971	1783
971	1786
971	1794
971	1850
971	1871
983	972
1006	972
1069	972
1101	972
1238	972
1288	972
1431	972
1736	972
1809	972
1900	972
1178	973
1272	973
1321	973
1327	973
1369	973
1561	973
1597	973
1626	973
1702	973
1863	973
1883	973
1060	975
1227	975
1231	975
1379	975
1423	975
1448	975
1591	975
1636	975
1682	975
1872	975
1899	975
978	980
980	978
978	993
978	1017
1017	978
978	1047
978	1076
1076	978
978	1086
1086	978
978	1117
978	1124
1124	978
978	1126
1126	978
978	1132
1132	978
978	1146
1146	978
978	1184
1184	978
978	1185
978	1191
1191	978
978	1198
1198	978
978	1199
978	1205
978	1209
1209	978
978	1222
978	1243
1243	978
978	1255
978	1269
1269	978
978	1272
1272	978
978	1274
978	1305
1305	978
978	1323
978	1329
1329	978
978	1330
1330	978
978	1331
978	1351
1351	978
978	1352
1352	978
978	1367
1367	978
978	1376
1376	978
978	1377
1377	978
978	1389
978	1391
1391	978
978	1399
978	1431
1431	978
978	1435
1435	978
978	1439
978	1440
978	1471
1471	978
978	1484
1484	978
978	1488
978	1491
1491	978
978	1509
1509	978
978	1516
1516	978
978	1520
1520	978
978	1522
1522	978
978	1535
1535	978
978	1537
1537	978
978	1547
1547	978
978	1551
1551	978
978	1554
1554	978
978	1557
1557	978
978	1559
1559	978
978	1589
1589	978
978	1603
1603	978
978	1609
978	1610
1610	978
978	1612
1612	978
978	1613
1613	978
978	1621
1621	978
978	1622
1622	978
978	1623
1623	978
978	1626
1626	978
978	1643
1643	978
978	1662
978	1663
1663	978
978	1669
1669	978
978	1685
978	1707
978	1717
1717	978
978	1721
1721	978
978	1730
1730	978
978	1734
978	1746
1746	978
978	1750
1750	978
978	1757
1757	978
978	1768
978	1791
1791	978
978	1793
1793	978
978	1800
1800	978
978	1804
978	1811
1811	978
978	1813
1813	978
978	1819
1819	978
978	1827
1827	978
978	1833
1833	978
978	1835
1835	978
978	1839
978	1842
1842	978
978	1849
978	1874
978	1888
1888	978
978	1891
1891	978
978	1902
1902	978
978	1909
980	993
980	995
980	1017
1017	980
980	1026
1026	980
980	1047
980	1048
1048	980
980	1049
1049	980
980	1074
1074	980
980	1078
980	1079
1079	980
980	1086
1086	980
980	1116
1116	980
980	1124
1124	980
980	1126
1126	980
980	1128
1128	980
980	1146
1146	980
980	1164
980	1175
980	1182
1182	980
980	1185
980	1191
1191	980
980	1195
1195	980
980	1199
980	1209
1209	980
980	1211
1211	980
980	1222
980	1230
980	1239
980	1242
1242	980
980	1243
1243	980
980	1267
1267	980
980	1269
1269	980
980	1272
1272	980
980	1290
1290	980
980	1305
1305	980
980	1312
1312	980
980	1323
980	1329
1329	980
980	1331
980	1334
1334	980
980	1344
1344	980
980	1351
1351	980
980	1352
1352	980
980	1361
1361	980
980	1367
1367	980
980	1376
1376	980
980	1377
1377	980
980	1393
980	1399
980	1422
1422	980
980	1431
1431	980
980	1449
1449	980
980	1460
1460	980
980	1467
1467	980
980	1484
1484	980
980	1491
1491	980
980	1516
1516	980
980	1520
1520	980
980	1547
1547	980
980	1551
1551	980
980	1554
1554	980
980	1557
1557	980
980	1559
1559	980
980	1563
1563	980
980	1570
980	1584
1584	980
980	1589
1589	980
980	1603
1603	980
980	1608
1608	980
980	1610
1610	980
980	1612
1612	980
980	1613
1613	980
980	1621
1621	980
980	1622
1622	980
980	1632
980	1637
1637	980
980	1643
1643	980
980	1644
1644	980
980	1659
1659	980
980	1662
980	1663
1663	980
980	1669
1669	980
980	1675
1675	980
980	1683
1683	980
980	1685
980	1689
1689	980
980	1707
980	1714
1714	980
980	1717
1717	980
980	1721
1721	980
980	1730
1730	980
980	1734
980	1746
1746	980
980	1750
1750	980
980	1753
1753	980
980	1761
1761	980
980	1765
1765	980
980	1768
980	1774
1774	980
980	1775
980	1782
980	1793
1793	980
980	1795
1795	980
980	1800
1800	980
980	1804
980	1813
1813	980
980	1823
1823	980
980	1827
1827	980
980	1833
1833	980
980	1835
1835	980
980	1839
980	1842
1842	980
980	1845
1845	980
980	1861
1861	980
980	1874
980	1879
980	1888
1888	980
980	1891
1891	980
980	1902
1902	980
1036	981
1060	981
1120	981
1227	981
1231	981
1257	981
1379	981
1448	981
1636	981
1691	981
1872	981
1899	981
982	983
983	982
982	998
982	1006
1006	982
982	1017
1017	982
982	1029
1029	982
982	1040
982	1056
1056	982
982	1078
982	1083
982	1101
1101	982
982	1125
982	1126
1126	982
982	1132
1132	982
982	1153
982	1163
982	1199
982	1207
982	1211
1211	982
982	1256
982	1269
1269	982
982	1271
1271	982
982	1288
1288	982
982	1291
1291	982
982	1302
982	1331
982	1336
982	1346
982	1370
982	1380
1380	982
982	1390
1390	982
982	1391
1391	982
982	1399
982	1409
982	1456
982	1457
982	1488
982	1491
1491	982
982	1516
1516	982
982	1522
1522	982
982	1537
1537	982
982	1547
1547	982
982	1589
1589	982
982	1598
982	1604
982	1610
1610	982
982	1619
1619	982
982	1663
1663	982
982	1668
1668	982
982	1712
982	1714
1714	982
982	1730
1730	982
982	1736
1736	982
982	1754
982	1800
1800	982
982	1809
1809	982
982	1821
982	1833
1833	982
982	1839
982	1845
1845	982
982	1856
982	1864
982	1888
1888	982
982	1898
983	1006
1006	983
983	1040
983	1063
983	1069
1069	983
983	1078
983	1083
983	1086
1086	983
983	1101
1101	983
983	1107
1107	983
983	1125
983	1153
983	1156
983	1163
983	1199
983	1211
1211	983
983	1238
1238	983
983	1256
983	1271
1271	983
983	1285
983	1288
1288	983
983	1289
983	1331
983	1336
983	1341
983	1370
983	1380
1380	983
983	1390
1390	983
983	1399
983	1402
1402	983
983	1409
983	1456
983	1457
983	1488
983	1542
983	1547
1547	983
983	1619
1619	983
983	1662
983	1665
983	1668
1668	983
983	1707
983	1712
983	1736
1736	983
983	1791
1791	983
983	1793
1793	983
983	1809
1809	983
983	1810
983	1832
983	1833
1833	983
983	1839
983	1845
1845	983
983	1849
983	1864
983	1868
983	1879
983	1888
1888	983
983	1898
1099	984
1215	984
1261	984
1591	984
1828	984
1227	988
1231	988
1448	988
1515	988
1591	988
1636	988
1899	988
1158	989
1227	989
1231	989
1413	989
1875	989
1899	989
1678	990
1726	990
3136	990
991	1034
1034	991
991	1165
1165	991
991	1177
991	1283
1283	991
991	1312
1312	991
991	1317
1317	991
991	1467
1467	991
991	1505
991	1561
1561	991
991	1590
991	1641
1641	991
991	1701
1701	991
991	1726
1726	991
991	1750
1750	991
991	1846
1846	991
1006	993
1026	993
1028	993
1048	993
1059	993
1076	993
1079	993
1086	993
1101	993
1110	993
1126	993
1128	993
1135	993
1146	993
1149	993
1172	993
1182	993
1184	993
1191	993
1195	993
1209	993
1211	993
1214	993
1243	993
1267	993
1269	993
1290	993
1291	993
1312	993
1329	993
1330	993
1352	993
1361	993
1376	993
1377	993
1390	993
1391	993
1420	993
1431	993
1447	993
1460	993
1467	993
1470	993
1471	993
1484	993
1491	993
1509	993
1513	993
1516	993
1522	993
1535	993
1539	993
1551	993
1554	993
1557	993
1559	993
1580	993
1584	993
1589	993
1597	993
1600	993
1603	993
1608	993
1612	993
1613	993
1617	993
1620	993
1621	993
1622	993
1637	993
1639	993
1643	993
1659	993
1663	993
1669	993
1675	993
1683	993
1688	993
1689	993
1714	993
1717	993
1721	993
1730	993
1735	993
1746	993
1750	993
1753	993
1757	993
1761	993
1791	993
1793	993
1796	993
1799	993
1800	993
1813	993
1823	993
1827	993
1833	993
1835	993
1842	993
1851	993
1867	993
1877	993
1886	993
1888	993
1891	993
1902	993
1435	994
1448	994
1584	994
1029	995
1074	995
1084	995
1201	995
1214	995
1219	995
1238	995
1243	995
1265	995
1271	995
1330	995
1334	995
1352	995
1361	995
1377	995
1431	995
1447	995
1458	995
1460	995
1470	995
1517	995
1519	995
1535	995
1540	995
1551	995
1553	995
1554	995
1559	995
1580	995
1620	995
1722	995
1730	995
1809	995
1813	995
1861	995
996	1087
996	1505
996	1860
1006	997
1029	997
1056	997
1101	997
1124	997
1132	997
1146	997
1172	997
1191	997
1201	997
1214	997
1238	997
1243	997
1267	997
1330	997
1361	997
1377	997
1391	997
1402	997
1447	997
1470	997
1471	997
1480	997
1509	997
1517	997
1520	997
1535	997
1551	997
1559	997
1563	997
1580	997
1608	997
1610	997
1613	997
1620	997
1622	997
1637	997
1663	997
1668	997
1669	997
1675	997
1722	997
1730	997
1791	997
1793	997
1809	997
1811	997
1813	997
1835	997
1842	997
1861	997
1888	997
1902	997
1029	998
1330	998
1537	998
1722	998
1006	999
1017	999
1059	999
1068	999
1076	999
1079	999
1092	999
1124	999
1126	999
1132	999
1172	999
1181	999
1184	999
1211	999
1291	999
1351	999
1352	999
1361	999
1367	999
1376	999
1416	999
1431	999
1471	999
1491	999
1516	999
1532	999
1547	999
1551	999
1554	999
1584	999
1589	999
1603	999
1612	999
1617	999
1621	999
1652	999
1653	999
1669	999
1714	999
1721	999
1737	999
1746	999
1750	999
1752	999
1757	999
1799	999
1800	999
1823	999
1827	999
1833	999
1842	999
1888	999
1124	1001
1352	1001
1422	1001
1003	1004
1003	1054
1054	1003
1003	1059
1059	1003
1003	1075
1075	1003
1003	1076
1076	1003
1003	1079
1079	1003
1003	1086
1086	1003
1003	1112
1112	1003
1003	1126
1126	1003
1003	1175
1003	1184
1184	1003
1003	1191
1191	1003
1003	1242
1242	1003
1003	1250
1250	1003
1003	1255
1003	1272
1272	1003
1003	1293
1293	1003
1003	1305
1305	1003
1003	1331
1003	1339
1339	1003
1003	1340
1003	1352
1352	1003
1003	1367
1367	1003
1003	1376
1376	1003
1003	1380
1380	1003
1003	1390
1390	1003
1003	1391
1391	1003
1003	1416
1416	1003
1003	1420
1420	1003
1003	1431
1431	1003
1003	1435
1435	1003
1003	1480
1480	1003
1003	1484
1484	1003
1003	1488
1003	1513
1513	1003
1003	1516
1516	1003
1003	1520
1520	1003
1003	1523
1523	1003
1003	1539
1539	1003
1003	1540
1540	1003
1003	1557
1557	1003
1003	1559
1559	1003
1003	1563
1563	1003
1003	1589
1589	1003
1003	1597
1597	1003
1003	1598
1003	1600
1600	1003
1003	1612
1612	1003
1003	1613
1613	1003
1003	1614
1614	1003
1003	1618
1003	1622
1622	1003
1003	1623
1623	1003
1003	1637
1637	1003
1003	1639
1639	1003
1003	1641
1641	1003
1003	1644
1644	1003
1003	1652
1652	1003
1003	1653
1653	1003
1003	1659
1659	1003
1003	1662
1003	1663
1663	1003
1003	1683
1683	1003
1003	1689
1689	1003
1003	1707
1003	1712
1003	1717
1717	1003
1003	1721
1721	1003
1003	1724
1724	1003
1003	1737
1737	1003
1003	1741
1003	1746
1746	1003
1003	1750
1750	1003
1003	1752
1752	1003
1003	1765
1765	1003
1003	1779
1779	1003
1003	1789
1789	1003
1003	1795
1795	1003
1003	1799
1799	1003
1003	1800
1800	1003
1003	1809
1809	1003
1003	1816
1816	1003
1003	1819
1819	1003
1003	1827
1827	1003
1003	1835
1835	1003
1003	1843
1843	1003
1003	1851
1851	1003
1003	1867
1867	1003
1003	1877
1877	1003
1003	1888
1888	1003
1017	1004
1059	1004
1076	1004
1079	1004
1092	1004
1101	1004
1112	1004
1128	1004
1146	1004
1149	1004
1181	1004
1184	1004
1198	1004
1209	1004
1211	1004
1242	1004
1250	1004
1267	1004
1290	1004
1291	1004
1330	1004
1339	1004
1344	1004
1352	1004
1367	1004
1375	1004
1390	1004
1391	1004
1416	1004
1420	1004
1431	1004
1435	1004
1467	1004
1471	1004
1480	1004
1491	1004
1516	1004
1522	1004
1523	1004
1524	1004
1532	1004
1539	1004
1547	1004
1554	1004
1557	1004
1559	1004
1584	1004
1589	1004
1597	1004
1600	1004
1603	1004
1610	1004
1612	1004
1617	1004
1620	1004
1621	1004
1622	1004
1623	1004
1643	1004
1644	1004
1652	1004
1653	1004
1659	1004
1663	1004
1683	1004
1688	1004
1689	1004
1714	1004
1717	1004
1721	1004
1730	1004
1735	1004
1736	1004
1746	1004
1750	1004
1752	1004
1757	1004
1789	1004
1795	1004
1796	1004
1799	1004
1800	1004
1816	1004
1819	1004
1827	1004
1833	1004
1835	1004
1842	1004
1867	1004
1877	1004
1886	1004
1888	1004
1089	1005
1006	1017
1017	1006
1006	1024
1006	1039
1039	1006
1006	1040
1006	1059
1059	1006
1006	1063
1006	1069
1069	1006
1006	1078
1006	1083
1006	1086
1086	1006
1006	1091
1006	1101
1101	1006
1006	1107
1107	1006
1006	1123
1123	1006
1006	1124
1124	1006
1006	1125
1006	1126
1126	1006
1006	1130
1006	1132
1132	1006
1006	1153
1006	1156
1006	1163
1006	1172
1172	1006
1006	1175
1006	1191
1191	1006
1006	1199
1006	1201
1201	1006
1006	1207
1006	1211
1211	1006
1006	1214
1214	1006
1006	1219
1219	1006
1006	1222
1006	1230
1006	1238
1238	1006
1006	1242
1242	1006
1006	1256
1006	1271
1271	1006
1006	1285
1006	1287
1006	1288
1288	1006
1006	1289
1006	1293
1293	1006
1006	1302
1006	1331
1006	1335
1006	1336
1006	1341
1006	1351
1351	1006
1006	1352
1352	1006
1006	1361
1361	1006
1006	1367
1367	1006
1006	1370
1006	1376
1376	1006
1006	1380
1380	1006
1006	1388
1006	1390
1390	1006
1006	1391
1391	1006
1006	1398
1398	1006
1006	1399
1006	1402
1402	1006
1006	1431
1431	1006
1006	1437
1006	1449
1449	1006
1006	1456
1006	1471
1471	1006
1006	1480
1480	1006
1006	1488
1006	1516
1516	1006
1006	1522
1522	1006
1006	1530
1006	1542
1006	1547
1547	1006
1006	1551
1551	1006
1006	1556
1006	1559
1559	1006
1006	1584
1584	1006
1006	1598
1006	1600
1600	1006
1006	1603
1603	1006
1006	1604
1006	1605
1006	1610
1610	1006
1006	1612
1612	1006
1006	1613
1613	1006
1006	1619
1619	1006
1006	1621
1621	1006
1006	1662
1006	1663
1663	1006
1006	1665
1006	1668
1668	1006
1006	1683
1683	1006
1006	1702
1702	1006
1006	1707
1006	1712
1006	1714
1714	1006
1006	1717
1717	1006
1006	1730
1730	1006
1006	1736
1736	1006
1006	1741
1006	1746
1746	1006
1006	1768
1006	1789
1789	1006
1006	1791
1791	1006
1006	1793
1793	1006
1006	1795
1795	1006
1006	1799
1799	1006
1006	1800
1800	1006
1006	1804
1006	1809
1809	1006
1006	1810
1006	1813
1813	1006
1006	1816
1816	1006
1006	1821
1006	1823
1823	1006
1006	1826
1006	1827
1827	1006
1006	1833
1833	1006
1006	1835
1835	1006
1006	1839
1006	1842
1842	1006
1006	1845
1845	1006
1006	1849
1006	1864
1006	1868
1006	1874
1006	1879
1006	1888
1888	1006
1006	1898
1006	1900
1900	1006
1006	1902
1902	1006
1008	1073
1073	1008
1008	1337
1008	1357
1008	1505
1008	1674
1008	1708
1708	1008
1008	1911
1015	1009
1036	1009
1060	1009
1158	1009
1227	1009
1257	1009
1261	1009
1381	1009
1423	1009
1635	1009
1636	1009
1691	1009
1872	1009
1899	1009
1828	1010
1074	1012
1075	1012
1436	1012
1886	1012
1015	1014
1018	1014
1036	1014
1099	1014
1158	1014
1215	1014
1227	1014
1231	1014
1257	1014
1261	1014
1381	1014
1423	1014
1515	1014
1636	1014
1828	1014
1848	1014
1872	1014
1875	1014
1899	1014
1015	1021
1015	1044
1015	1100
1015	1104
1015	1120
1120	1015
1015	1129
1015	1192
1015	1229
1015	1231
1231	1015
1015	1235
1015	1277
1015	1298
1015	1315
1015	1322
1015	1345
1015	1423
1423	1015
1015	1459
1015	1462
1015	1479
1015	1495
1015	1576
1015	1583
1015	1592
1015	1628
1015	1636
1636	1015
1015	1655
1015	1682
1682	1015
1015	1715
1015	1857
1015	1884
1015	1899
1899	1015
1015	1903
1017	1024
1017	1028
1028	1017
1017	1059
1059	1017
1017	1074
1074	1017
1017	1076
1076	1017
1017	1078
1017	1092
1092	1017
1017	1101
1101	1017
1017	1117
1017	1123
1123	1017
1017	1124
1124	1017
1017	1125
1017	1126
1126	1017
1017	1128
1128	1017
1017	1130
1017	1132
1132	1017
1017	1149
1149	1017
1017	1153
1017	1156
1017	1163
1017	1181
1181	1017
1017	1184
1184	1017
1017	1185
1017	1187
1017	1198
1198	1017
1017	1199
1017	1211
1211	1017
1017	1219
1219	1017
1017	1222
1017	1230
1017	1250
1250	1017
1017	1267
1267	1017
1017	1269
1269	1017
1017	1287
1017	1289
1017	1291
1291	1017
1017	1293
1293	1017
1017	1302
1017	1330
1330	1017
1017	1331
1017	1335
1017	1336
1017	1341
1017	1351
1351	1017
1017	1352
1352	1017
1017	1361
1361	1017
1017	1367
1367	1017
1017	1370
1017	1375
1375	1017
1017	1380
1380	1017
1017	1390
1390	1017
1017	1391
1391	1017
1017	1398
1398	1017
1017	1399
1017	1401
1017	1416
1416	1017
1017	1420
1420	1017
1017	1431
1431	1017
1017	1437
1017	1449
1449	1017
1017	1456
1017	1457
1017	1467
1467	1017
1017	1471
1471	1017
1017	1480
1480	1017
1017	1491
1491	1017
1017	1501
1017	1516
1516	1017
1017	1522
1522	1017
1017	1530
1017	1547
1547	1017
1017	1551
1551	1017
1017	1554
1554	1017
1017	1557
1557	1017
1017	1563
1563	1017
1017	1584
1584	1017
1017	1589
1589	1017
1017	1597
1597	1017
1017	1598
1017	1603
1603	1017
1017	1604
1017	1605
1017	1610
1610	1017
1017	1612
1612	1017
1017	1614
1614	1017
1017	1617
1617	1017
1017	1621
1621	1017
1017	1622
1622	1017
1017	1623
1623	1017
1017	1632
1017	1652
1652	1017
1017	1653
1653	1017
1017	1662
1017	1663
1663	1017
1017	1665
1017	1668
1668	1017
1017	1669
1669	1017
1017	1683
1683	1017
1017	1685
1017	1707
1017	1712
1017	1714
1714	1017
1017	1721
1721	1017
1017	1730
1730	1017
1017	1735
1735	1017
1017	1736
1736	1017
1017	1737
1737	1017
1017	1741
1017	1746
1746	1017
1017	1750
1750	1017
1017	1752
1752	1017
1017	1757
1757	1017
1017	1761
1761	1017
1017	1782
1017	1793
1793	1017
1017	1799
1799	1017
1017	1800
1800	1017
1017	1804
1017	1810
1017	1816
1816	1017
1017	1821
1017	1823
1823	1017
1017	1826
1017	1827
1827	1017
1017	1833
1833	1017
1017	1839
1017	1842
1842	1017
1017	1845
1845	1017
1017	1849
1017	1864
1017	1867
1867	1017
1017	1879
1017	1886
1886	1017
1017	1888
1888	1017
1017	1902
1902	1017
1017	1909
1018	1032
1018	1066
1018	1099
1099	1018
1018	1102
1018	1148
1018	1166
1018	1192
1018	1231
1231	1018
1018	1261
1261	1018
1018	1273
1018	1277
1018	1281
1018	1282
1018	1284
1018	1286
1018	1303
1018	1309
1018	1324
1018	1373
1018	1382
1018	1396
1018	1454
1018	1479
1018	1495
1018	1508
1018	1573
1018	1578
1018	1595
1018	1638
1018	1661
1018	1716
1018	1720
1018	1729
1018	1742
1018	1751
1018	1786
1018	1820
1018	1824
1018	1848
1848	1018
1018	1871
1018	1894
1018	1899
1899	1018
1018	1907
1036	1019
1060	1019
1115	1019
1227	1019
1231	1019
1257	1019
1413	1019
1448	1019
1591	1019
1635	1019
1636	1019
1691	1019
1828	1019
1859	1019
1899	1019
1099	1020
1158	1020
1261	1020
1591	1020
1746	1020
1828	1020
1848	1020
1036	1021
1060	1021
1115	1021
1120	1021
1227	1021
1231	1021
1257	1021
1334	1021
1413	1021
1423	1021
1448	1021
1635	1021
1636	1021
1691	1021
1859	1021
1899	1021
1086	1022
1073	1023
1445	1023
1861	1023
1028	1024
1086	1024
1101	1024
1123	1024
1126	1024
1132	1024
1211	1024
1214	1024
1238	1024
1267	1024
1271	1024
1288	1024
1291	1024
1305	1024
1339	1024
1352	1024
1390	1024
1398	1024
1431	1024
1449	1024
1458	1024
1471	1024
1480	1024
1491	1024
1516	1024
1584	1024
1610	1024
1614	1024
1617	1024
1619	1024
1652	1024
1663	1024
1668	1024
1714	1024
1736	1024
1752	1024
1789	1024
1800	1024
1809	1024
1816	1024
1833	1024
1863	1024
1886	1024
1888	1024
1902	1024
1334	1025
1800	1025
1026	1028
1028	1026
1026	1048
1048	1026
1026	1075
1075	1026
1026	1146
1146	1026
1026	1149
1149	1026
1026	1155
1026	1156
1026	1164
1026	1172
1172	1026
1026	1175
1026	1182
1182	1026
1026	1185
1026	1250
1250	1026
1026	1290
1290	1026
1026	1305
1305	1026
1026	1312
1312	1026
1026	1334
1334	1026
1026	1352
1352	1026
1026	1367
1367	1026
1026	1369
1369	1026
1026	1376
1376	1026
1026	1377
1377	1026
1026	1391
1391	1026
1026	1409
1026	1420
1420	1026
1026	1431
1431	1026
1026	1460
1460	1026
1026	1509
1509	1026
1026	1517
1517	1026
1026	1520
1520	1026
1026	1522
1522	1026
1026	1554
1554	1026
1026	1557
1557	1026
1026	1559
1559	1026
1026	1570
1026	1584
1584	1026
1026	1589
1589	1026
1026	1590
1026	1603
1603	1026
1026	1612
1612	1026
1026	1613
1613	1026
1026	1621
1621	1026
1026	1622
1622	1026
1026	1637
1637	1026
1026	1663
1663	1026
1026	1669
1669	1026
1026	1675
1675	1026
1026	1685
1026	1714
1714	1026
1026	1721
1721	1026
1026	1730
1730	1026
1026	1734
1026	1746
1746	1026
1026	1753
1753	1026
1026	1757
1757	1026
1026	1761
1761	1026
1026	1765
1765	1026
1026	1768
1026	1775
1026	1793
1793	1026
1026	1810
1026	1813
1813	1026
1026	1827
1827	1026
1026	1835
1835	1026
1026	1845
1845	1026
1026	1846
1846	1026
1026	1883
1883	1026
1026	1888
1888	1026
1026	1902
1902	1026
1028	1078
1028	1092
1092	1028
1028	1124
1124	1028
1028	1126
1126	1028
1028	1128
1128	1028
1028	1149
1149	1028
1028	1163
1028	1185
1028	1209
1209	1028
1028	1267
1267	1028
1028	1287
1028	1291
1291	1028
1028	1305
1305	1028
1028	1329
1329	1028
1028	1352
1352	1028
1028	1365
1365	1028
1028	1375
1375	1028
1028	1376
1376	1028
1028	1377
1377	1028
1028	1420
1420	1028
1028	1449
1449	1028
1028	1467
1467	1028
1028	1471
1471	1028
1028	1491
1491	1028
1028	1509
1509	1028
1028	1516
1516	1028
1028	1520
1520	1028
1028	1522
1522	1028
1028	1523
1523	1028
1028	1532
1532	1028
1028	1559
1559	1028
1028	1584
1584	1028
1028	1589
1589	1028
1028	1597
1597	1028
1028	1603
1603	1028
1028	1610
1610	1028
1028	1612
1612	1028
1028	1613
1613	1028
1028	1614
1614	1028
1028	1617
1617	1028
1028	1632
1028	1663
1663	1028
1028	1700
1700	1028
1028	1714
1714	1028
1028	1718
1718	1028
1028	1730
1730	1028
1028	1735
1735	1028
1028	1757
1757	1028
1028	1761
1761	1028
1028	1768
1028	1799
1799	1028
1028	1800
1800	1028
1028	1823
1823	1028
1028	1833
1833	1028
1028	1835
1835	1028
1028	1867
1867	1028
1028	1886
1886	1028
1028	1888
1888	1028
1029	1056
1056	1029
1029	1059
1059	1029
1029	1074
1074	1029
1029	1078
1029	1084
1084	1029
1029	1086
1086	1029
1029	1153
1029	1160
1029	1165
1165	1029
1029	1171
1029	1173
1029	1175
1029	1201
1201	1029
1029	1205
1029	1214
1214	1029
1029	1220
1029	1222
1029	1238
1238	1029
1029	1256
1029	1280
1029	1323
1029	1330
1330	1029
1029	1346
1029	1359
1029	1377
1377	1029
1029	1391
1391	1029
1029	1409
1029	1447
1447	1029
1029	1460
1460	1029
1029	1470
1470	1029
1029	1483
1029	1487
1029	1513
1513	1029
1029	1519
1519	1029
1029	1535
1535	1029
1029	1537
1537	1029
1029	1551
1551	1029
1029	1553
1553	1029
1029	1557
1557	1029
1029	1570
1029	1577
1029	1580
1580	1029
1029	1598
1029	1600
1600	1029
1029	1604
1029	1608
1608	1029
1029	1609
1029	1613
1613	1029
1029	1620
1620	1029
1029	1663
1663	1029
1029	1669
1669	1029
1029	1675
1675	1029
1029	1687
1029	1688
1688	1029
1029	1707
1029	1722
1722	1029
1029	1730
1730	1029
1029	1768
1029	1772
1029	1774
1774	1029
1029	1804
1029	1813
1813	1029
1029	1835
1835	1029
1029	1842
1842	1029
1029	1843
1843	1029
1029	1856
1029	1861
1861	1029
1029	1898
1029	1902
1902	1029
1030	1043
1043	1030
1030	1111
1111	1030
1030	1197
1197	1030
1030	1237
1030	1252
1252	1030
1030	1254
1254	1030
1030	1368
1368	1030
1030	1788
1098	1031
1165	1031
1086	1032
1099	1032
1215	1032
1227	1032
1261	1032
1515	1032
1591	1032
1828	1032
1848	1032
1360	1033
1697	1033
1698	1033
1034	1283
1283	1034
1036	1067
1036	1100
1036	1104
1036	1129
1036	1148
1036	1158
1158	1036
1036	1192
1036	1204
1036	1221
1036	1227
1227	1036
1036	1229
1036	1231
1231	1036
1036	1235
1036	1257
1257	1036
1036	1277
1036	1284
1036	1298
1036	1315
1036	1322
1036	1345
1036	1350
1036	1381
1381	1036
1036	1404
1036	1413
1413	1036
1036	1426
1036	1432
1036	1448
1448	1036
1036	1459
1036	1462
1036	1475
1036	1479
1036	1550
1036	1573
1036	1576
1036	1583
1036	1592
1036	1596
1036	1647
1036	1655
1036	1680
1036	1691
1691	1036
1036	1715
1036	1783
1036	1841
1036	1857
1036	1859
1859	1036
1036	1862
1036	1872
1872	1036
1036	1899
1899	1036
1727	1037
1161	1038
1861	1038
1039	1040
1039	1107
1107	1039
1039	1160
1039	1205
1039	1211
1211	1039
1039	1214
1214	1039
1039	1271
1271	1039
1039	1280
1039	1331
1039	1359
1039	1388
1039	1391
1391	1039
1039	1447
1447	1039
1039	1551
1551	1039
1039	1608
1608	1039
1039	1619
1619	1039
1039	1707
1039	1736
1736	1039
1039	1809
1809	1039
1039	1832
1039	1842
1842	1039
1039	1864
1039	1868
1039	1898
1069	1040
1107	1040
1132	1040
1238	1040
1271	1040
1288	1040
1330	1040
1380	1040
1390	1040
1391	1040
1402	1040
1519	1040
1547	1040
1584	1040
1589	1040
1613	1040
1619	1040
1622	1040
1668	1040
1736	1040
1793	1040
1809	1040
1823	1040
1900	1040
1902	1040
1043	1045
1045	1043
1043	1111
1111	1043
1043	1197
1197	1043
1043	1368
1368	1043
1043	1384
1384	1043
1043	1788
1043	1889
1043	1896
1158	1044
1227	1044
1448	1044
1636	1044
1045	1111
1111	1045
1045	1197
1197	1045
1045	1337
1045	1360
1360	1045
1045	1368
1368	1045
1045	1384
1384	1045
1045	1593
1593	1045
1045	1788
1076	1047
1110	1047
1124	1047
1126	1047
1146	1047
1191	1047
1243	1047
1267	1047
1290	1047
1327	1047
1330	1047
1352	1047
1377	1047
1420	1047
1471	1047
1509	1047
1520	1047
1523	1047
1551	1047
1554	1047
1557	1047
1559	1047
1610	1047
1621	1047
1622	1047
1626	1047
1663	1047
1669	1047
1675	1047
1689	1047
1721	1047
1730	1047
1753	1047
1757	1047
1800	1047
1811	1047
1813	1047
1827	1047
1835	1047
1842	1047
1861	1047
1867	1047
1891	1047
1902	1047
1048	1049
1049	1048
1048	1056
1056	1048
1048	1074
1074	1048
1048	1075
1075	1048
1048	1110
1110	1048
1048	1116
1116	1048
1048	1124
1124	1048
1048	1126
1126	1048
1048	1146
1146	1048
1048	1149
1149	1048
1048	1175
1048	1182
1182	1048
1048	1185
1048	1191
1191	1048
1048	1195
1195	1048
1048	1209
1209	1048
1048	1230
1048	1265
1265	1048
1048	1269
1269	1048
1048	1287
1048	1290
1290	1048
1048	1305
1305	1048
1048	1329
1329	1048
1048	1331
1048	1334
1334	1048
1048	1341
1048	1352
1352	1048
1048	1365
1365	1048
1048	1367
1367	1048
1048	1376
1376	1048
1048	1377
1377	1048
1048	1391
1391	1048
1048	1393
1048	1399
1048	1407
1048	1409
1048	1416
1416	1048
1048	1420
1420	1048
1048	1431
1431	1048
1048	1449
1449	1048
1048	1450
1048	1467
1467	1048
1048	1471
1471	1048
1048	1484
1484	1048
1048	1485
1485	1048
1048	1509
1509	1048
1048	1513
1513	1048
1048	1519
1519	1048
1048	1522
1522	1048
1048	1528
1528	1048
1048	1551
1551	1048
1048	1553
1553	1048
1048	1554
1554	1048
1048	1557
1557	1048
1048	1559
1559	1048
1048	1563
1563	1048
1048	1570
1048	1584
1584	1048
1048	1589
1589	1048
1048	1590
1048	1608
1608	1048
1048	1609
1048	1612
1612	1048
1048	1613
1613	1048
1048	1614
1614	1048
1048	1621
1621	1048
1048	1622
1622	1048
1048	1637
1637	1048
1048	1659
1659	1048
1048	1663
1663	1048
1048	1669
1669	1048
1048	1675
1675	1048
1048	1685
1048	1688
1688	1048
1048	1717
1717	1048
1048	1722
1722	1048
1048	1724
1724	1048
1048	1730
1730	1048
1048	1746
1746	1048
1048	1750
1750	1048
1048	1753
1753	1048
1048	1754
1048	1765
1765	1048
1048	1768
1048	1782
1048	1791
1791	1048
1048	1800
1800	1048
1048	1811
1811	1048
1048	1813
1813	1048
1048	1816
1816	1048
1048	1827
1827	1048
1048	1835
1835	1048
1048	1845
1845	1048
1048	1864
1048	1888
1888	1048
1049	1054
1054	1049
1049	1059
1059	1049
1049	1075
1075	1049
1049	1086
1086	1049
1049	1110
1110	1049
1049	1112
1112	1049
1049	1116
1116	1049
1049	1123
1123	1049
1049	1128
1128	1049
1049	1146
1146	1049
1049	1184
1184	1049
1049	1191
1191	1049
1049	1209
1209	1049
1049	1222
1049	1230
1049	1242
1242	1049
1049	1243
1243	1049
1049	1250
1250	1049
1049	1269
1269	1049
1049	1278
1278	1049
1049	1290
1290	1049
1049	1317
1317	1049
1049	1329
1329	1049
1049	1340
1049	1344
1344	1049
1049	1352
1352	1049
1049	1367
1367	1049
1049	1375
1375	1049
1049	1376
1376	1049
1049	1377
1377	1049
1049	1390
1390	1049
1049	1391
1391	1049
1049	1393
1049	1399
1049	1407
1049	1416
1416	1049
1049	1431
1431	1049
1049	1522
1522	1049
1049	1523
1523	1049
1049	1528
1528	1049
1049	1534
1049	1554
1554	1049
1049	1557
1557	1049
1049	1572
1572	1049
1049	1589
1589	1049
1049	1597
1597	1049
1049	1603
1603	1049
1049	1620
1620	1049
1049	1621
1621	1049
1049	1623
1623	1049
1049	1644
1644	1049
1049	1653
1653	1049
1049	1659
1659	1049
1049	1688
1688	1049
1049	1689
1689	1049
1049	1721
1721	1049
1049	1724
1724	1049
1049	1730
1730	1049
1049	1737
1737	1049
1049	1746
1746	1049
1049	1750
1750	1049
1049	1752
1752	1049
1049	1754
1049	1800
1800	1049
1049	1813
1813	1049
1049	1816
1816	1049
1049	1819
1819	1049
1049	1827
1827	1049
1049	1845
1845	1049
1049	1864
1049	1867
1867	1049
1049	1877
1877	1049
1049	1888
1888	1049
1050	1055
1055	1050
1050	1266
1050	1328
1328	1050
1050	1441
1441	1050
1050	1544
1544	1050
1050	1564
1564	1050
1050	1585
1585	1050
1050	1779
1779	1050
1050	1822
1050	1905
1584	1051
1727	1051
1436	1052
1620	1052
1727	1052
1808	1053
1054	1059
1059	1054
1054	1075
1075	1054
1054	1086
1086	1054
1054	1092
1092	1054
1054	1110
1110	1054
1054	1128
1128	1054
1054	1209
1209	1054
1054	1242
1242	1054
1054	1250
1250	1054
1054	1278
1278	1054
1054	1293
1293	1054
1054	1344
1344	1054
1054	1367
1367	1054
1054	1375
1375	1054
1054	1376
1376	1054
1054	1390
1390	1054
1054	1416
1416	1054
1054	1435
1435	1054
1054	1529
1054	1540
1540	1054
1054	1554
1554	1054
1054	1557
1557	1054
1054	1572
1572	1054
1054	1600
1600	1054
1054	1608
1608	1054
1054	1612
1612	1054
1054	1613
1613	1054
1054	1644
1644	1054
1054	1659
1659	1054
1054	1688
1688	1054
1054	1689
1689	1054
1054	1707
1054	1717
1717	1054
1054	1721
1721	1054
1054	1724
1724	1054
1054	1737
1737	1054
1054	1746
1746	1054
1054	1752
1752	1054
1054	1761
1761	1054
1054	1768
1054	1795
1795	1054
1054	1800
1800	1054
1054	1819
1819	1054
1054	1827
1827	1054
1054	1861
1861	1054
1055	1266
1055	1431
1431	1055
1055	1434
1055	1441
1441	1055
1055	1513
1513	1055
1055	1544
1544	1055
1055	1564
1564	1055
1055	1585
1585	1055
1055	1666
1055	1779
1779	1055
1055	1822
1055	1905
1056	1078
1056	1110
1110	1056
1056	1124
1124	1056
1056	1135
1135	1056
1056	1160
1056	1173
1056	1191
1191	1056
1056	1201
1201	1056
1056	1205
1056	1222
1056	1238
1238	1056
1056	1280
1056	1290
1290	1056
1056	1323
1056	1329
1329	1056
1056	1330
1330	1056
1056	1359
1056	1377
1377	1056
1056	1391
1391	1056
1056	1409
1056	1447
1447	1056
1056	1457
1056	1483
1056	1519
1519	1056
1056	1527
1056	1528
1528	1056
1056	1551
1551	1056
1056	1559
1559	1056
1056	1570
1056	1580
1580	1056
1056	1584
1584	1056
1056	1598
1056	1604
1056	1609
1056	1620
1620	1056
1056	1637
1637	1056
1056	1663
1663	1056
1056	1669
1669	1056
1056	1675
1675	1056
1056	1685
1056	1688
1688	1056
1056	1712
1056	1722
1722	1056
1056	1754
1056	1768
1056	1772
1056	1791
1791	1056
1056	1793
1793	1056
1056	1800
1800	1056
1056	1805
1805	1056
1056	1811
1811	1056
1056	1813
1813	1056
1056	1842
1842	1056
1056	1861
1861	1056
1056	1864
1056	1898
1056	1902
1902	1056
1058	1077
1077	1058
1058	1171
1058	1470
1470	1058
1058	1552
1058	1642
1059	1075
1075	1059
1059	1076
1076	1059
1059	1078
1059	1079
1079	1059
1059	1086
1086	1059
1059	1107
1107	1059
1059	1110
1110	1059
1059	1112
1112	1059
1059	1126
1126	1059
1059	1128
1128	1059
1059	1132
1132	1059
1059	1146
1146	1059
1059	1149
1149	1059
1059	1172
1172	1059
1059	1175
1059	1180
1059	1184
1184	1059
1059	1185
1059	1191
1191	1059
1059	1198
1198	1059
1059	1199
1059	1211
1211	1059
1059	1214
1214	1059
1059	1238
1238	1059
1059	1242
1242	1059
1059	1243
1243	1059
1059	1250
1250	1059
1059	1255
1059	1269
1269	1059
1059	1278
1278	1059
1059	1290
1290	1059
1059	1291
1291	1059
1059	1293
1293	1059
1059	1302
1059	1312
1312	1059
1059	1329
1329	1059
1059	1334
1334	1059
1059	1335
1059	1339
1339	1059
1059	1340
1059	1341
1059	1344
1344	1059
1059	1352
1352	1059
1059	1367
1367	1059
1059	1370
1059	1375
1375	1059
1059	1376
1376	1059
1059	1377
1377	1059
1059	1380
1380	1059
1059	1390
1390	1059
1059	1391
1391	1059
1059	1399
1059	1416
1416	1059
1059	1420
1420	1059
1059	1431
1431	1059
1059	1435
1435	1059
1059	1467
1467	1059
1059	1471
1471	1059
1059	1488
1059	1491
1491	1059
1059	1509
1509	1059
1059	1516
1516	1059
1059	1520
1520	1059
1059	1522
1522	1059
1059	1523
1523	1059
1059	1524
1524	1059
1059	1530
1059	1532
1532	1059
1059	1539
1539	1059
1059	1540
1540	1059
1059	1544
1544	1059
1059	1547
1547	1059
1059	1551
1551	1059
1059	1554
1554	1059
1059	1557
1557	1059
1059	1559
1559	1059
1059	1563
1563	1059
1059	1570
1059	1572
1572	1059
1059	1584
1584	1059
1059	1589
1589	1059
1059	1598
1059	1600
1600	1059
1059	1603
1603	1059
1059	1610
1610	1059
1059	1612
1612	1059
1059	1613
1613	1059
1059	1617
1617	1059
1059	1620
1620	1059
1059	1621
1621	1059
1059	1622
1622	1059
1059	1623
1623	1059
1059	1632
1059	1643
1643	1059
1059	1644
1644	1059
1059	1652
1652	1059
1059	1653
1653	1059
1059	1659
1659	1059
1059	1662
1059	1663
1663	1059
1059	1665
1059	1669
1669	1059
1059	1683
1683	1059
1059	1685
1059	1688
1688	1059
1059	1689
1689	1059
1059	1707
1059	1712
1059	1714
1714	1059
1059	1717
1717	1059
1059	1721
1721	1059
1059	1724
1724	1059
1059	1730
1730	1059
1059	1735
1735	1059
1059	1736
1736	1059
1059	1737
1737	1059
1059	1746
1746	1059
1059	1750
1750	1059
1059	1752
1752	1059
1059	1754
1059	1757
1757	1059
1059	1761
1761	1059
1059	1765
1765	1059
1059	1768
1059	1789
1789	1059
1059	1793
1793	1059
1059	1795
1795	1059
1059	1796
1796	1059
1059	1799
1799	1059
1059	1800
1800	1059
1059	1804
1059	1810
1059	1816
1816	1059
1059	1819
1819	1059
1059	1823
1823	1059
1059	1827
1827	1059
1059	1833
1833	1059
1059	1835
1835	1059
1059	1839
1059	1849
1059	1851
1851	1059
1059	1867
1867	1059
1059	1877
1877	1059
1059	1879
1059	1886
1886	1059
1059	1888
1888	1059
1059	1891
1891	1059
1060	1067
1060	1086
1086	1060
1060	1100
1060	1104
1060	1148
1060	1152
1060	1158
1158	1060
1060	1204
1060	1227
1227	1060
1060	1229
1060	1235
1060	1257
1257	1060
1060	1277
1060	1298
1060	1322
1060	1347
1060	1373
1060	1423
1423	1060
1060	1426
1060	1432
1060	1459
1060	1475
1060	1479
1060	1515
1515	1060
1060	1573
1060	1576
1060	1578
1060	1591
1591	1060
1060	1596
1060	1628
1060	1636
1636	1060
1060	1661
1060	1715
1060	1716
1060	1728
1060	1742
1060	1859
1859	1060
1060	1893
1060	1899
1899	1060
1060	1903
1328	1061
1494	1061
1435	1062
1436	1062
1540	1062
1069	1063
1101	1063
1238	1063
1288	1063
1431	1063
1736	1063
1809	1063
1900	1063
1099	1066
1158	1066
1261	1066
1515	1066
1828	1066
1848	1066
1875	1066
1115	1067
1227	1067
1231	1067
1257	1067
1379	1067
1413	1067
1423	1067
1448	1067
1515	1067
1591	1067
1636	1067
1682	1067
1691	1067
1859	1067
1068	1086
1086	1068
1068	1153
1068	1156
1068	1160
1068	1163
1068	1181
1181	1068
1068	1207
1068	1211
1211	1068
1068	1238
1238	1068
1068	1256
1068	1271
1271	1068
1068	1280
1068	1331
1068	1365
1365	1068
1068	1370
1068	1390
1390	1068
1068	1436
1436	1068
1068	1456
1068	1457
1068	1488
1068	1571
1068	1580
1580	1068
1068	1598
1068	1604
1068	1613
1613	1068
1068	1619
1619	1068
1068	1620
1620	1068
1068	1622
1622	1068
1068	1644
1644	1068
1068	1660
1068	1662
1068	1665
1068	1707
1068	1712
1068	1736
1736	1068
1068	1768
1068	1793
1793	1068
1068	1809
1809	1068
1068	1823
1823	1068
1068	1832
1068	1839
1068	1849
1068	1881
1068	1888
1888	1068
1068	1898
1069	1101
1101	1069
1069	1238
1238	1069
1069	1285
1069	1288
1288	1069
1069	1302
1069	1431
1431	1069
1069	1488
1069	1621
1621	1069
1069	1736
1736	1069
1069	1809
1809	1069
1069	1868
1069	1900
1900	1069
1110	1070
1448	1070
1828	1070
1073	1307
1073	1325
1073	1528
1528	1073
1073	1806
1073	1861
1861	1073
1073	1908
1074	1078
1074	1084
1084	1074
1074	1107
1107	1074
1074	1116
1116	1074
1074	1171
1074	1173
1074	1185
1074	1191
1191	1074
1074	1199
1074	1211
1211	1074
1074	1219
1219	1074
1074	1222
1074	1230
1074	1269
1269	1074
1074	1329
1329	1074
1074	1331
1074	1341
1074	1376
1376	1074
1074	1393
1074	1399
1074	1407
1074	1409
1074	1437
1074	1460
1460	1074
1074	1465
1074	1470
1470	1074
1074	1483
1074	1519
1519	1074
1074	1522
1522	1074
1074	1551
1551	1074
1074	1553
1553	1074
1074	1554
1554	1074
1074	1570
1074	1577
1074	1617
1617	1074
1074	1620
1620	1074
1074	1662
1074	1685
1074	1707
1074	1730
1730	1074
1074	1736
1736	1074
1074	1754
1074	1768
1074	1793
1793	1074
1074	1813
1813	1074
1074	1839
1074	1842
1842	1074
1074	1845
1845	1074
1074	1849
1074	1861
1861	1074
1074	1864
1074	1888
1888	1074
1074	1902
1902	1074
1075	1076
1076	1075
1075	1086
1086	1075
1075	1110
1110	1075
1075	1112
1112	1075
1075	1123
1123	1075
1075	1128
1128	1075
1075	1146
1146	1075
1075	1175
1075	1184
1184	1075
1075	1209
1209	1075
1075	1222
1075	1242
1242	1075
1075	1243
1243	1075
1075	1250
1250	1075
1075	1278
1278	1075
1075	1290
1290	1075
1075	1340
1075	1344
1344	1075
1075	1352
1352	1075
1075	1367
1367	1075
1075	1376
1376	1075
1075	1377
1377	1075
1075	1390
1390	1075
1075	1407
1075	1416
1416	1075
1075	1460
1460	1075
1075	1513
1513	1075
1075	1520
1520	1075
1075	1522
1522	1075
1075	1523
1523	1075
1075	1528
1528	1075
1075	1539
1539	1075
1075	1554
1554	1075
1075	1557
1557	1075
1075	1572
1572	1075
1075	1597
1597	1075
1075	1600
1600	1075
1075	1609
1075	1614
1614	1075
1075	1620
1620	1075
1075	1621
1621	1075
1075	1637
1637	1075
1075	1644
1644	1075
1075	1659
1659	1075
1075	1688
1688	1075
1075	1717
1717	1075
1075	1724
1724	1075
1075	1730
1730	1075
1075	1737
1737	1075
1075	1746
1746	1075
1075	1752
1752	1075
1075	1754
1075	1765
1765	1075
1075	1768
1075	1791
1791	1075
1075	1795
1795	1075
1075	1800
1800	1075
1075	1813
1813	1075
1075	1816
1816	1075
1075	1819
1819	1075
1075	1827
1827	1075
1075	1845
1845	1075
1075	1861
1861	1075
1075	1864
1075	1867
1867	1075
1075	1870
1075	1877
1877	1075
1075	1888
1888	1075
1076	1078
1076	1079
1079	1076
1076	1083
1076	1086
1086	1076
1076	1092
1092	1076
1076	1124
1124	1076
1076	1126
1126	1076
1076	1132
1132	1076
1076	1146
1146	1076
1076	1149
1149	1076
1076	1156
1076	1163
1076	1175
1076	1181
1181	1076
1076	1184
1184	1076
1076	1185
1076	1198
1198	1076
1076	1199
1076	1211
1211	1076
1076	1222
1076	1242
1242	1076
1076	1243
1243	1076
1076	1250
1250	1076
1076	1256
1076	1267
1267	1076
1076	1290
1290	1076
1076	1323
1076	1329
1329	1076
1076	1330
1330	1076
1076	1331
1076	1335
1076	1339
1339	1076
1076	1340
1076	1341
1076	1344
1344	1076
1076	1352
1352	1076
1076	1361
1361	1076
1076	1367
1367	1076
1076	1375
1375	1076
1076	1376
1376	1076
1076	1377
1377	1076
1076	1390
1390	1076
1076	1391
1391	1076
1076	1399
1076	1416
1416	1076
1076	1420
1420	1076
1076	1431
1431	1076
1076	1447
1447	1076
1076	1451
1076	1467
1467	1076
1076	1480
1480	1076
1076	1485
1485	1076
1076	1491
1491	1076
1076	1509
1509	1076
1076	1516
1516	1076
1076	1520
1520	1076
1076	1522
1522	1076
1076	1523
1523	1076
1076	1530
1076	1532
1532	1076
1076	1539
1539	1076
1076	1551
1551	1076
1076	1554
1554	1076
1076	1557
1557	1076
1076	1559
1559	1076
1076	1563
1563	1076
1076	1584
1584	1076
1076	1589
1589	1076
1076	1597
1597	1076
1076	1600
1600	1076
1076	1605
1076	1610
1610	1076
1076	1612
1612	1076
1076	1613
1613	1076
1076	1617
1617	1076
1076	1621
1621	1076
1076	1622
1622	1076
1076	1623
1623	1076
1076	1632
1076	1637
1637	1076
1076	1643
1643	1076
1076	1644
1644	1076
1076	1652
1652	1076
1076	1653
1653	1076
1076	1659
1659	1076
1076	1662
1076	1663
1663	1076
1076	1669
1669	1076
1076	1675
1675	1076
1076	1683
1683	1076
1076	1689
1689	1076
1076	1700
1700	1076
1076	1714
1714	1076
1076	1717
1717	1076
1076	1721
1721	1076
1076	1735
1735	1076
1076	1736
1736	1076
1076	1737
1737	1076
1076	1741
1076	1746
1746	1076
1076	1750
1750	1076
1076	1752
1752	1076
1076	1753
1753	1076
1076	1761
1761	1076
1076	1768
1076	1795
1795	1076
1076	1796
1796	1076
1076	1799
1799	1076
1076	1800
1800	1076
1076	1804
1076	1810
1076	1811
1811	1076
1076	1813
1813	1076
1076	1816
1816	1076
1076	1819
1819	1076
1076	1827
1827	1076
1076	1833
1833	1076
1076	1835
1835	1076
1076	1839
1076	1842
1842	1076
1076	1849
1076	1861
1861	1076
1076	1867
1867	1076
1076	1877
1877	1076
1076	1879
1076	1888
1888	1076
1077	1165
1165	1077
1077	1171
1077	1202
1077	1337
1077	1465
1077	1577
1077	1642
1077	1702
1702	1077
1077	1858
1077	1863
1863	1077
1077	1866
1077	1911
1079	1078
1086	1078
1092	1078
1101	1078
1107	1078
1124	1078
1126	1078
1132	1078
1146	1078
1149	1078
1172	1078
1181	1078
1184	1078
1191	1078
1198	1078
1211	1078
1214	1078
1219	1078
1238	1078
1243	1078
1250	1078
1267	1078
1271	1078
1272	1078
1288	1078
1291	1078
1329	1078
1330	1078
1339	1078
1351	1078
1352	1078
1361	1078
1367	1078
1376	1078
1377	1078
1380	1078
1390	1078
1391	1078
1416	1078
1420	1078
1431	1078
1447	1078
1467	1078
1471	1078
1491	1078
1516	1078
1520	1078
1522	1078
1547	1078
1551	1078
1554	1078
1559	1078
1580	1078
1584	1078
1589	1078
1597	1078
1600	1078
1603	1078
1608	1078
1612	1078
1617	1078
1619	1078
1620	1078
1621	1078
1643	1078
1653	1078
1663	1078
1668	1078
1669	1078
1675	1078
1683	1078
1714	1078
1717	1078
1721	1078
1730	1078
1735	1078
1736	1078
1746	1078
1750	1078
1752	1078
1753	1078
1757	1078
1761	1078
1789	1078
1791	1078
1793	1078
1799	1078
1800	1078
1809	1078
1813	1078
1816	1078
1823	1078
1833	1078
1835	1078
1842	1078
1843	1078
1845	1078
1861	1078
1867	1078
1886	1078
1888	1078
1902	1078
1079	1086
1086	1079
1079	1101
1101	1079
1079	1107
1107	1079
1079	1117
1079	1126
1126	1079
1079	1128
1128	1079
1079	1132
1132	1079
1079	1146
1146	1079
1079	1181
1181	1079
1079	1184
1184	1079
1079	1185
1079	1198
1198	1079
1079	1199
1079	1209
1209	1079
1079	1211
1211	1079
1079	1214
1214	1079
1079	1242
1242	1079
1079	1243
1243	1079
1079	1250
1250	1079
1079	1267
1267	1079
1079	1278
1278	1079
1079	1290
1290	1079
1079	1329
1329	1079
1079	1331
1079	1335
1079	1339
1339	1079
1079	1340
1079	1344
1344	1079
1079	1351
1351	1079
1079	1352
1352	1079
1079	1365
1365	1079
1079	1367
1367	1079
1079	1375
1375	1079
1079	1377
1377	1079
1079	1390
1390	1079
1079	1391
1391	1079
1079	1399
1079	1416
1416	1079
1079	1431
1431	1079
1079	1447
1447	1079
1079	1471
1471	1079
1079	1491
1491	1079
1079	1516
1516	1079
1079	1522
1522	1079
1079	1523
1523	1079
1079	1524
1524	1079
1079	1530
1079	1532
1532	1079
1079	1539
1539	1079
1079	1540
1540	1079
1079	1547
1547	1079
1079	1551
1551	1079
1079	1557
1557	1079
1079	1584
1584	1079
1079	1589
1589	1079
1079	1597
1597	1079
1079	1600
1600	1079
1079	1608
1608	1079
1079	1610
1610	1079
1079	1612
1612	1079
1079	1613
1613	1079
1079	1621
1621	1079
1079	1622
1622	1079
1079	1623
1623	1079
1079	1643
1643	1079
1079	1644
1644	1079
1079	1652
1652	1079
1079	1653
1653	1079
1079	1659
1659	1079
1079	1662
1079	1663
1663	1079
1079	1683
1683	1079
1079	1685
1079	1688
1688	1079
1079	1689
1689	1079
1079	1707
1079	1714
1714	1079
1079	1717
1717	1079
1079	1721
1721	1079
1079	1724
1724	1079
1079	1730
1730	1079
1079	1734
1079	1736
1736	1079
1079	1737
1737	1079
1079	1741
1079	1746
1746	1079
1079	1750
1750	1079
1079	1752
1752	1079
1079	1757
1757	1079
1079	1761
1761	1079
1079	1768
1079	1791
1791	1079
1079	1793
1793	1079
1079	1795
1795	1079
1079	1796
1796	1079
1079	1800
1800	1079
1079	1804
1079	1810
1079	1813
1813	1079
1079	1816
1816	1079
1079	1819
1819	1079
1079	1827
1827	1079
1079	1833
1833	1079
1079	1835
1835	1079
1079	1839
1079	1849
1079	1867
1867	1079
1079	1879
1079	1888
1888	1079
1086	1080
1902	1080
1099	1081
1261	1081
1515	1081
1120	1082
1158	1082
1227	1082
1231	1082
1257	1082
1379	1082
1381	1082
1413	1082
1423	1082
1591	1082
1859	1082
1899	1082
1086	1083
1101	1083
1107	1083
1126	1083
1132	1083
1172	1083
1184	1083
1211	1083
1238	1083
1271	1083
1288	1083
1330	1083
1352	1083
1380	1083
1390	1083
1391	1083
1398	1083
1402	1083
1431	1083
1447	1083
1449	1083
1460	1083
1470	1083
1471	1083
1480	1083
1513	1083
1547	1083
1551	1083
1559	1083
1589	1083
1610	1083
1612	1083
1619	1083
1621	1083
1639	1083
1652	1083
1663	1083
1668	1083
1714	1083
1722	1083
1736	1083
1746	1083
1752	1083
1757	1083
1789	1083
1799	1083
1800	1083
1809	1083
1816	1083
1833	1083
1851	1083
1888	1083
1902	1083
1084	1173
1084	1458
1458	1084
1084	1470
1470	1084
1084	1519
1519	1084
1084	1570
1084	1571
1084	1605
1084	1620
1620	1084
1084	1722
1722	1084
1084	1768
1088	1085
1098	1085
1165	1085
1178	1085
1193	1085
1317	1085
1328	1085
1360	1085
1420	1085
1494	1085
1537	1085
1553	1085
1588	1085
1593	1085
1719	1085
1803	1085
3721	1085
1086	1091
1086	1101
1101	1086
1086	1112
1112	1086
1086	1117
1086	1123
1123	1086
1086	1125
1086	1126
1126	1086
1086	1128
1128	1086
1086	1130
1086	1132
1132	1086
1086	1135
1135	1086
1086	1143
1143	1086
1086	1146
1146	1086
1086	1149
1149	1086
1086	1153
1086	1156
1086	1163
1086	1164
1086	1172
1172	1086
1086	1175
1086	1180
1086	1184
1184	1086
1086	1185
1086	1192
1086	1198
1198	1086
1086	1199
1086	1201
1201	1086
1086	1207
1086	1211
1211	1086
1086	1214
1214	1086
1086	1222
1086	1235
1086	1238
1238	1086
1086	1243
1243	1086
1086	1250
1250	1086
1086	1255
1086	1256
1086	1267
1267	1086
1086	1271
1271	1086
1086	1273
1086	1285
1086	1288
1288	1086
1086	1289
1086	1291
1291	1086
1086	1298
1086	1302
1086	1312
1312	1086
1086	1318
1086	1329
1329	1086
1086	1330
1330	1086
1086	1335
1086	1339
1339	1086
1086	1344
1344	1086
1086	1351
1351	1086
1086	1352
1352	1086
1086	1358
1086	1367
1367	1086
1086	1370
1086	1375
1375	1086
1086	1376
1376	1086
1086	1377
1377	1086
1086	1390
1390	1086
1086	1391
1391	1086
1086	1399
1086	1402
1402	1086
1086	1416
1416	1086
1086	1418
1418	1086
1086	1423
1423	1086
1086	1427
1086	1429
1086	1431
1431	1086
1086	1436
1436	1086
1086	1447
1447	1086
1086	1449
1449	1086
1086	1456
1086	1457
1086	1463
1086	1467
1467	1086
1086	1471
1471	1086
1086	1480
1480	1086
1086	1483
1086	1488
1086	1509
1509	1086
1086	1516
1516	1086
1086	1517
1517	1086
1086	1522
1522	1086
1086	1539
1539	1086
1086	1547
1547	1086
1086	1556
1086	1557
1557	1086
1086	1563
1563	1086
1086	1565
1086	1570
1086	1571
1086	1589
1589	1086
1086	1598
1086	1600
1600	1086
1086	1603
1603	1086
1086	1604
1086	1605
1086	1608
1608	1086
1086	1610
1610	1086
1086	1613
1613	1086
1086	1617
1617	1086
1086	1619
1619	1086
1086	1620
1620	1086
1086	1621
1621	1086
1086	1622
1622	1086
1086	1632
1086	1643
1643	1086
1086	1652
1652	1086
1086	1659
1659	1086
1086	1660
1086	1662
1086	1663
1663	1086
1086	1665
1086	1668
1668	1086
1086	1674
1086	1675
1675	1086
1086	1679
1086	1680
1086	1688
1688	1086
1086	1689
1689	1086
1086	1707
1086	1714
1714	1086
1086	1715
1086	1717
1717	1086
1086	1721
1721	1086
1086	1722
1722	1086
1086	1727
1727	1086
1086	1730
1730	1086
1086	1735
1735	1086
1086	1736
1736	1086
1086	1737
1737	1086
1086	1741
1086	1746
1746	1086
1086	1750
1750	1086
1086	1753
1753	1086
1086	1754
1086	1757
1757	1086
1086	1761
1761	1086
1086	1768
1086	1789
1789	1086
1086	1799
1799	1086
1086	1800
1800	1086
1086	1804
1086	1809
1809	1086
1086	1810
1086	1813
1813	1086
1086	1823
1823	1086
1086	1827
1827	1086
1086	1830
1086	1832
1086	1833
1833	1086
1086	1835
1835	1086
1086	1842
1842	1086
1086	1844
1086	1849
1086	1861
1861	1086
1086	1867
1867	1086
1086	1868
1086	1877
1877	1086
1086	1879
1086	1886
1886	1086
1086	1888
1888	1086
1086	1898
1086	1902
1902	1086
1086	1907
1283	1087
1317	1087
1838	1087
1088	1098
1098	1088
1088	1165
1165	1088
1088	1178
1178	1088
1088	1193
1193	1088
1088	1301
1301	1088
1088	1421
1088	1540
1540	1088
1088	1641
1641	1088
1088	1719
1719	1088
1088	1803
1803	1088
1088	1866
1089	1168
1089	1213
1089	1259
1089	1354
1089	1415
1089	1507
1089	1624
1089	1667
1089	1672
1089	1725
1089	1783
1271	1091
1471	1091
1619	1091
1668	1091
1752	1091
1888	1091
1092	1124
1124	1092
1092	1126
1126	1092
1092	1149
1149	1092
1092	1199
1092	1214
1214	1092
1092	1230
1092	1250
1250	1092
1092	1289
1092	1291
1291	1092
1092	1361
1361	1092
1092	1367
1367	1092
1092	1390
1390	1092
1092	1398
1398	1092
1092	1437
1092	1447
1447	1092
1092	1485
1485	1092
1092	1551
1551	1092
1092	1559
1559	1092
1092	1589
1589	1092
1092	1603
1603	1092
1092	1605
1092	1609
1092	1617
1617	1092
1092	1622
1622	1092
1092	1669
1669	1092
1092	1714
1714	1092
1092	1741
1092	1753
1753	1092
1092	1754
1092	1761
1761	1092
1092	1768
1092	1795
1795	1092
1092	1827
1827	1092
1092	1846
1846	1092
1092	1860
1092	1864
1092	1886
1886	1092
1092	1909
1422	1095
1098	1140
1140	1098
1098	1165
1165	1098
1098	1187
1098	1251
1098	1317
1317	1098
1098	1328
1328	1098
1098	1360
1360	1098
1098	1505
1098	1511
1098	1534
1098	1553
1553	1098
1098	1567
1098	1579
1579	1098
1098	1593
1593	1098
1098	1666
1098	1705
1098	1719
1719	1098
1098	1803
1803	1098
1098	1806
1099	1102
1099	1108
1099	1166
1099	1204
1099	1245
1099	1261
1261	1099
1099	1273
1099	1277
1099	1282
1099	1303
1099	1309
1099	1316
1099	1324
1099	1373
1099	1382
1099	1396
1099	1406
1099	1451
1099	1454
1099	1495
1099	1508
1099	1515
1515	1099
1099	1582
1099	1583
1099	1595
1099	1638
1099	1661
1099	1729
1099	1732
1099	1742
1099	1751
1099	1783
1099	1786
1099	1812
1099	1820
1099	1824
1099	1828
1828	1099
1099	1848
1848	1099
1099	1871
1099	1893
1099	1894
1099	1907
1158	1100
1227	1100
1231	1100
1257	1100
1413	1100
1423	1100
1591	1100
1635	1100
1636	1100
1859	1100
1899	1100
1101	1107
1107	1101
1101	1125
1101	1126
1126	1101
1101	1132
1132	1101
1101	1153
1101	1163
1101	1172
1172	1101
1101	1175
1101	1185
1101	1191
1191	1101
1101	1199
1101	1205
1101	1207
1101	1211
1211	1101
1101	1214
1214	1101
1101	1219
1219	1101
1101	1230
1101	1256
1101	1271
1271	1101
1101	1278
1278	1101
1101	1287
1101	1288
1288	1101
1101	1289
1101	1302
1101	1329
1329	1101
1101	1330
1330	1101
1101	1335
1101	1336
1101	1341
1101	1351
1351	1101
1101	1361
1361	1101
1101	1370
1101	1376
1376	1101
1101	1390
1390	1101
1101	1391
1391	1101
1101	1393
1101	1398
1398	1101
1101	1399
1101	1402
1402	1101
1101	1416
1416	1101
1101	1420
1420	1101
1101	1431
1431	1101
1101	1449
1449	1101
1101	1456
1101	1471
1471	1101
1101	1480
1480	1101
1101	1488
1101	1516
1516	1101
1101	1522
1522	1101
1101	1535
1535	1101
1101	1547
1547	1101
1101	1551
1551	1101
1101	1554
1554	1101
1101	1556
1101	1559
1559	1101
1101	1584
1584	1101
1101	1589
1589	1101
1101	1597
1597	1101
1101	1598
1101	1604
1101	1610
1610	1101
1101	1612
1612	1101
1101	1613
1613	1101
1101	1619
1619	1101
1101	1621
1621	1101
1101	1637
1637	1101
1101	1652
1652	1101
1101	1662
1101	1663
1663	1101
1101	1665
1101	1668
1668	1101
1101	1707
1101	1712
1101	1714
1714	1101
1101	1736
1736	1101
1101	1741
1101	1746
1746	1101
1101	1752
1752	1101
1101	1757
1757	1101
1101	1761
1761	1101
1101	1768
1101	1789
1789	1101
1101	1791
1791	1101
1101	1793
1793	1101
1101	1799
1799	1101
1101	1800
1800	1101
1101	1804
1101	1809
1809	1101
1101	1813
1813	1101
1101	1827
1827	1101
1101	1833
1833	1101
1101	1835
1835	1101
1101	1839
1101	1842
1842	1101
1101	1845
1845	1101
1101	1849
1101	1864
1101	1868
1101	1874
1101	1879
1101	1888
1888	1101
1101	1898
1101	1900
1900	1101
1101	1902
1902	1101
1261	1102
1591	1102
1848	1102
1215	1103
1115	1104
1120	1104
1158	1104
1227	1104
1231	1104
1257	1104
1379	1104
1381	1104
1413	1104
1423	1104
1436	1104
1448	1104
1635	1104
1636	1104
1682	1104
1691	1104
1859	1104
1899	1104
1418	1106
1591	1106
1727	1106
1107	1123
1123	1107
1107	1124
1124	1107
1107	1125
1107	1126
1126	1107
1107	1130
1107	1132
1132	1107
1107	1149
1149	1107
1107	1153
1107	1156
1107	1163
1107	1172
1172	1107
1107	1184
1184	1107
1107	1191
1191	1107
1107	1199
1107	1211
1211	1107
1107	1219
1219	1107
1107	1222
1107	1230
1107	1238
1238	1107
1107	1256
1107	1267
1267	1107
1107	1269
1269	1107
1107	1271
1271	1107
1107	1288
1288	1107
1107	1289
1107	1291
1291	1107
1107	1302
1107	1330
1330	1107
1107	1331
1107	1335
1107	1341
1107	1351
1351	1107
1107	1352
1352	1107
1107	1361
1361	1107
1107	1367
1367	1107
1107	1370
1107	1375
1375	1107
1107	1380
1380	1107
1107	1388
1107	1390
1390	1107
1107	1391
1391	1107
1107	1399
1107	1407
1107	1409
1107	1431
1431	1107
1107	1437
1107	1447
1447	1107
1107	1449
1449	1107
1107	1456
1107	1457
1107	1458
1458	1107
1107	1460
1460	1107
1107	1467
1467	1107
1107	1471
1471	1107
1107	1488
1107	1491
1491	1107
1107	1509
1509	1107
1107	1516
1516	1107
1107	1522
1522	1107
1107	1530
1107	1538
1107	1539
1539	1107
1107	1542
1107	1547
1547	1107
1107	1551
1551	1107
1107	1554
1554	1107
1107	1559
1559	1107
1107	1563
1563	1107
1107	1571
1107	1584
1584	1107
1107	1589
1589	1107
1107	1598
1107	1603
1603	1107
1107	1604
1107	1605
1107	1610
1610	1107
1107	1612
1612	1107
1107	1613
1613	1107
1107	1617
1617	1107
1107	1619
1619	1107
1107	1620
1620	1107
1107	1621
1621	1107
1107	1622
1622	1107
1107	1623
1623	1107
1107	1643
1643	1107
1107	1652
1652	1107
1107	1662
1107	1663
1663	1107
1107	1665
1107	1668
1668	1107
1107	1669
1669	1107
1107	1683
1683	1107
1107	1707
1107	1714
1714	1107
1107	1721
1721	1107
1107	1723
1723	1107
1107	1730
1730	1107
1107	1736
1736	1107
1107	1746
1746	1107
1107	1757
1757	1107
1107	1768
1107	1789
1789	1107
1107	1791
1791	1107
1107	1793
1793	1107
1107	1796
1796	1107
1107	1799
1799	1107
1107	1800
1800	1107
1107	1809
1809	1107
1107	1810
1107	1816
1816	1107
1107	1823
1823	1107
1107	1827
1827	1107
1107	1832
1107	1833
1833	1107
1107	1839
1107	1842
1842	1107
1107	1843
1843	1107
1107	1845
1845	1107
1107	1849
1107	1861
1861	1107
1107	1864
1107	1879
1107	1886
1886	1107
1107	1888
1888	1107
1107	1902
1902	1107
1261	1108
1515	1108
1828	1108
1848	1108
1110	1175
1110	1191
1191	1110
1110	1209
1209	1110
1110	1242
1242	1110
1110	1243
1243	1110
1110	1250
1250	1110
1110	1278
1278	1110
1110	1290
1290	1110
1110	1312
1312	1110
1110	1321
1321	1110
1110	1327
1327	1110
1110	1339
1339	1110
1110	1344
1344	1110
1110	1352
1352	1110
1110	1367
1367	1110
1110	1377
1377	1110
1110	1390
1390	1110
1110	1393
1110	1407
1110	1522
1522	1110
1110	1523
1523	1110
1110	1526
1110	1528
1528	1110
1110	1540
1540	1110
1110	1557
1557	1110
1110	1600
1600	1110
1110	1609
1110	1620
1620	1110
1110	1622
1622	1110
1110	1659
1659	1110
1110	1663
1663	1110
1110	1688
1688	1110
1110	1710
1710	1110
1110	1711
1110	1717
1717	1110
1110	1721
1721	1110
1110	1724
1724	1110
1110	1730
1730	1110
1110	1750
1750	1110
1110	1753
1753	1110
1110	1754
1110	1791
1791	1110
1110	1795
1795	1110
1110	1800
1800	1110
1110	1813
1813	1110
1110	1819
1819	1110
1110	1827
1827	1110
1110	1835
1835	1110
1110	1845
1845	1110
1110	1861
1861	1110
1110	1864
1110	1897
1110	1911
1111	1197
1197	1111
1111	1368
1368	1111
1111	1788
1112	1184
1184	1112
1112	1185
1112	1209
1209	1112
1112	1242
1242	1112
1112	1250
1250	1112
1112	1255
1112	1278
1278	1112
1112	1312
1312	1112
1112	1340
1112	1344
1344	1112
1112	1367
1367	1112
1112	1375
1375	1112
1112	1390
1390	1112
1112	1416
1416	1112
1112	1420
1420	1112
1112	1572
1572	1112
1112	1600
1600	1112
1112	1612
1612	1112
1112	1620
1620	1112
1112	1644
1644	1112
1112	1653
1653	1112
1112	1683
1683	1112
1112	1688
1688	1112
1112	1710
1710	1112
1112	1714
1714	1112
1112	1721
1721	1112
1112	1724
1724	1112
1112	1735
1735	1112
1112	1737
1737	1112
1112	1746
1746	1112
1112	1750
1750	1112
1112	1752
1752	1112
1112	1757
1757	1112
1112	1771
1112	1789
1789	1112
1112	1796
1796	1112
1112	1799
1799	1112
1112	1800
1800	1112
1112	1804
1112	1819
1819	1112
1112	1827
1827	1112
1112	1867
1867	1112
1112	1886
1886	1112
1112	1888
1888	1112
1422	1114
1746	1114
1808	1114
1115	1120
1120	1115
1115	1148
1115	1190
1115	1192
1115	1221
1115	1231
1231	1115
1115	1235
1115	1257
1257	1115
1115	1277
1115	1284
1115	1298
1115	1315
1115	1322
1115	1345
1115	1404
1115	1432
1115	1462
1115	1550
1115	1576
1115	1596
1115	1628
1115	1647
1115	1655
1115	1680
1115	1691
1691	1115
1115	1716
1115	1857
1115	1862
1115	1872
1872	1115
1115	1899
1899	1115
1116	1230
1116	1269
1269	1116
1116	1329
1329	1116
1116	1331
1116	1344
1344	1116
1116	1367
1367	1116
1116	1391
1391	1116
1116	1484
1484	1116
1116	1522
1522	1116
1116	1540
1540	1116
1116	1600
1600	1116
1116	1608
1608	1116
1116	1609
1116	1617
1617	1116
1116	1688
1688	1116
1116	1730
1730	1116
1116	1754
1116	1800
1800	1116
1116	1816
1816	1116
1116	1827
1827	1116
1116	1835
1835	1116
1116	1845
1845	1116
1116	1864
1124	1117
1126	1117
1132	1117
1146	1117
1172	1117
1191	1117
1201	1117
1211	1117
1214	1117
1238	1117
1267	1117
1271	1117
1272	1117
1288	1117
1329	1117
1330	1117
1339	1117
1361	1117
1377	1117
1380	1117
1390	1117
1402	1117
1420	1117
1431	1117
1447	1117
1470	1117
1516	1117
1522	1117
1535	1117
1547	1117
1551	1117
1554	1117
1559	1117
1580	1117
1584	1117
1589	1117
1608	1117
1610	1117
1613	1117
1621	1117
1622	1117
1637	1117
1663	1117
1675	1117
1683	1117
1714	1117
1717	1117
1722	1117
1730	1117
1736	1117
1746	1117
1791	1117
1793	1117
1795	1117
1800	1117
1809	1117
1811	1117
1813	1117
1827	1117
1833	1117
1835	1117
1842	1117
1861	1117
1877	1117
1888	1117
1902	1117
1120	1129
1120	1192
1120	1204
1120	1227
1227	1120
1120	1231
1231	1120
1120	1235
1120	1273
1120	1277
1120	1292
1120	1298
1120	1315
1120	1345
1120	1347
1120	1379
1379	1120
1120	1404
1120	1448
1448	1120
1120	1459
1120	1462
1120	1475
1120	1479
1120	1573
1120	1576
1120	1583
1120	1587
1120	1591
1591	1120
1120	1596
1120	1611
1120	1628
1120	1636
1636	1120
1120	1655
1120	1682
1682	1120
1120	1715
1120	1716
1120	1781
1120	1830
1120	1841
1120	1857
1120	1862
1120	1872
1872	1120
1120	1899
1899	1120
1123	1125
1123	1130
1123	1132
1132	1123
1123	1153
1123	1156
1123	1163
1123	1175
1123	1185
1123	1196
1123	1199
1123	1211
1211	1123
1123	1256
1123	1271
1271	1123
1123	1272
1272	1123
1123	1305
1305	1123
1123	1341
1123	1361
1361	1123
1123	1391
1391	1123
1123	1398
1398	1123
1123	1440
1123	1449
1449	1123
1123	1456
1123	1458
1458	1123
1123	1460
1460	1123
1123	1467
1467	1123
1123	1471
1471	1123
1123	1480
1480	1123
1123	1485
1485	1123
1123	1488
1123	1501
1123	1513
1513	1123
1123	1585
1585	1123
1123	1590
1123	1610
1610	1123
1123	1612
1612	1123
1123	1614
1614	1123
1123	1617
1617	1123
1123	1619
1619	1123
1123	1639
1639	1123
1123	1662
1123	1668
1668	1123
1123	1707
1123	1712
1123	1735
1735	1123
1123	1765
1765	1123
1123	1782
1123	1799
1799	1123
1123	1804
1123	1805
1805	1123
1123	1833
1833	1123
1123	1836
1836	1123
1123	1839
1123	1843
1843	1123
1123	1845
1845	1123
1123	1851
1851	1123
1123	1863
1863	1123
1123	1886
1886	1123
1123	1888
1888	1123
1123	1911
1124	1125
1124	1126
1126	1124
1124	1146
1146	1124
1124	1149
1149	1124
1124	1156
1124	1160
1124	1164
1124	1172
1172	1124
1124	1173
1124	1175
1124	1180
1124	1184
1184	1124
1124	1191
1191	1124
1124	1199
1124	1201
1201	1124
1124	1205
1124	1211
1211	1124
1124	1214
1214	1124
1124	1219
1219	1124
1124	1222
1124	1230
1124	1243
1243	1124
1124	1255
1124	1289
1124	1305
1305	1124
1124	1321
1321	1124
1124	1323
1124	1327
1327	1124
1124	1330
1330	1124
1124	1334
1334	1124
1124	1335
1124	1341
1124	1352
1352	1124
1124	1359
1124	1361
1361	1124
1124	1377
1377	1124
1124	1388
1124	1398
1398	1124
1124	1399
1124	1420
1420	1124
1124	1437
1124	1440
1124	1447
1447	1124
1124	1458
1458	1124
1124	1470
1470	1124
1124	1485
1485	1124
1124	1488
1124	1501
1124	1509
1509	1124
1124	1520
1520	1124
1124	1522
1522	1124
1124	1538
1124	1542
1124	1551
1551	1124
1124	1554
1554	1124
1124	1559
1559	1124
1124	1563
1563	1124
1124	1570
1124	1580
1580	1124
1124	1589
1589	1124
1124	1604
1124	1608
1608	1124
1124	1609
1124	1610
1610	1124
1124	1622
1622	1124
1124	1626
1626	1124
1124	1637
1637	1124
1124	1639
1639	1124
1124	1659
1659	1124
1124	1662
1124	1663
1663	1124
1124	1665
1124	1669
1669	1124
1124	1675
1675	1124
1124	1683
1683	1124
1124	1689
1689	1124
1124	1702
1702	1124
1124	1707
1124	1735
1735	1124
1124	1736
1736	1124
1124	1753
1753	1124
1124	1754
1124	1768
1124	1772
1124	1774
1774	1124
1124	1793
1793	1124
1124	1799
1799	1124
1124	1800
1800	1124
1124	1804
1124	1810
1124	1811
1811	1124
1124	1813
1813	1124
1124	1827
1827	1124
1124	1835
1835	1124
1124	1839
1124	1842
1842	1124
1124	1843
1843	1124
1124	1845
1845	1124
1124	1849
1124	1858
1124	1861
1861	1124
1124	1879
1124	1888
1888	1124
1124	1891
1891	1124
1124	1898
1124	1902
1902	1124
1124	1909
1124	1911
1126	1125
1132	1125
1172	1125
1184	1125
1191	1125
1198	1125
1211	1125
1238	1125
1267	1125
1271	1125
1288	1125
1291	1125
1330	1125
1351	1125
1352	1125
1365	1125
1367	1125
1380	1125
1390	1125
1391	1125
1398	1125
1431	1125
1449	1125
1471	1125
1480	1125
1491	1125
1516	1125
1522	1125
1547	1125
1551	1125
1554	1125
1584	1125
1589	1125
1610	1125
1612	1125
1619	1125
1620	1125
1652	1125
1663	1125
1668	1125
1714	1125
1730	1125
1736	1125
1757	1125
1789	1125
1793	1125
1795	1125
1799	1125
1800	1125
1809	1125
1816	1125
1823	1125
1827	1125
1833	1125
1842	1125
1886	1125
1888	1125
1902	1125
1126	1128
1128	1126
1126	1132
1132	1126
1126	1146
1146	1126
1126	1149
1149	1126
1126	1153
1126	1156
1126	1163
1126	1173
1126	1175
1126	1184
1184	1126
1126	1185
1126	1191
1191	1126
1126	1195
1195	1126
1126	1196
1126	1198
1198	1126
1126	1199
1126	1201
1201	1126
1126	1207
1126	1211
1211	1126
1126	1222
1126	1242
1242	1126
1126	1243
1243	1126
1126	1250
1250	1126
1126	1255
1126	1256
1126	1267
1267	1126
1126	1269
1269	1126
1126	1271
1271	1126
1126	1272
1272	1126
1126	1278
1278	1126
1126	1280
1126	1288
1288	1126
1126	1289
1126	1291
1291	1126
1126	1302
1126	1305
1305	1126
1126	1323
1126	1327
1327	1126
1126	1329
1329	1126
1126	1330
1330	1126
1126	1331
1126	1335
1126	1336
1126	1339
1339	1126
1126	1341
1126	1344
1344	1126
1126	1351
1351	1126
1126	1352
1352	1126
1126	1361
1361	1126
1126	1367
1367	1126
1126	1370
1126	1375
1375	1126
1126	1376
1376	1126
1126	1377
1377	1126
1126	1380
1380	1126
1126	1390
1390	1126
1126	1391
1391	1126
1126	1399
1126	1402
1402	1126
1126	1420
1420	1126
1126	1431
1431	1126
1126	1439
1126	1447
1447	1126
1126	1449
1449	1126
1126	1456
1126	1467
1467	1126
1126	1470
1470	1126
1126	1471
1471	1126
1126	1480
1480	1126
1126	1485
1485	1126
1126	1488
1126	1491
1491	1126
1126	1509
1509	1126
1126	1516
1516	1126
1126	1520
1520	1126
1126	1522
1522	1126
1126	1523
1523	1126
1126	1535
1535	1126
1126	1539
1539	1126
1126	1547
1547	1126
1126	1551
1551	1126
1126	1554
1554	1126
1126	1557
1557	1126
1126	1559
1559	1126
1126	1562
1126	1563
1563	1126
1126	1584
1584	1126
1126	1589
1589	1126
1126	1590
1126	1598
1126	1603
1603	1126
1126	1604
1126	1605
1126	1608
1608	1126
1126	1610
1610	1126
1126	1612
1612	1126
1126	1613
1613	1126
1126	1614
1614	1126
1126	1617
1617	1126
1126	1619
1619	1126
1126	1621
1621	1126
1126	1622
1622	1126
1126	1623
1623	1126
1126	1643
1643	1126
1126	1659
1659	1126
1126	1662
1126	1663
1663	1126
1126	1665
1126	1668
1668	1126
1126	1669
1669	1126
1126	1675
1675	1126
1126	1678
1678	1126
1126	1683
1683	1126
1126	1685
1126	1689
1689	1126
1126	1707
1126	1712
1126	1714
1714	1126
1126	1717
1717	1126
1126	1718
1718	1126
1126	1721
1721	1126
1126	1730
1730	1126
1126	1735
1735	1126
1126	1736
1736	1126
1126	1737
1737	1126
1126	1741
1126	1746
1746	1126
1126	1752
1752	1126
1126	1753
1753	1126
1126	1754
1126	1757
1757	1126
1126	1761
1761	1126
1126	1765
1765	1126
1126	1768
1126	1782
1126	1793
1793	1126
1126	1799
1799	1126
1126	1800
1800	1126
1126	1804
1126	1809
1809	1126
1126	1810
1126	1813
1813	1126
1126	1816
1816	1126
1126	1819
1819	1126
1126	1821
1126	1823
1823	1126
1126	1826
1126	1827
1827	1126
1126	1833
1833	1126
1126	1835
1835	1126
1126	1836
1836	1126
1126	1839
1126	1842
1842	1126
1126	1843
1843	1126
1126	1849
1126	1867
1867	1126
1126	1868
1126	1879
1126	1886
1886	1126
1126	1888
1888	1126
1126	1898
1126	1902
1902	1126
1126	1909
1128	1135
1135	1128
1128	1143
1143	1128
1128	1149
1149	1128
1128	1184
1184	1128
1128	1185
1128	1199
1128	1211
1211	1128
1128	1230
1128	1242
1242	1128
1128	1267
1267	1128
1128	1269
1269	1128
1128	1272
1272	1128
1128	1291
1291	1128
1128	1302
1128	1339
1339	1128
1128	1341
1128	1344
1344	1128
1128	1350
1128	1352
1352	1128
1128	1367
1367	1128
1128	1376
1376	1128
1128	1377
1377	1128
1128	1390
1390	1128
1128	1391
1391	1128
1128	1399
1128	1416
1416	1128
1128	1418
1418	1128
1128	1420
1420	1128
1128	1431
1431	1128
1128	1436
1436	1128
1128	1467
1467	1128
1128	1491
1491	1128
1128	1516
1516	1128
1128	1522
1522	1128
1128	1538
1128	1539
1539	1128
1128	1554
1554	1128
1128	1557
1557	1128
1128	1575
1128	1584
1584	1128
1128	1589
1589	1128
1128	1597
1597	1128
1128	1600
1600	1128
1128	1603
1603	1128
1128	1610
1610	1128
1128	1612
1612	1128
1128	1620
1620	1128
1128	1621
1621	1128
1128	1622
1622	1128
1128	1650
1128	1663
1663	1128
1128	1675
1675	1128
1128	1689
1689	1128
1128	1714
1714	1128
1128	1724
1724	1128
1128	1727
1727	1128
1128	1730
1730	1128
1128	1735
1735	1128
1128	1746
1746	1128
1128	1750
1750	1128
1128	1761
1761	1128
1128	1768
1128	1793
1793	1128
1128	1799
1799	1128
1128	1800
1800	1128
1128	1804
1128	1810
1128	1819
1819	1128
1128	1823
1823	1128
1128	1827
1827	1128
1128	1833
1833	1128
1128	1835
1835	1128
1128	1844
1128	1864
1128	1886
1886	1128
1128	1888
1888	1128
1128	1894
1158	1129
1227	1129
1231	1129
1257	1129
1413	1129
1636	1129
1691	1129
1872	1129
1132	1130
1135	1130
1211	1130
1219	1130
1271	1130
1305	1130
1376	1130
1377	1130
1391	1130
1398	1130
1449	1130
1458	1130
1460	1130
1467	1130
1471	1130
1480	1130
1513	1130
1547	1130
1584	1130
1610	1130
1612	1130
1614	1130
1619	1130
1639	1130
1668	1130
1689	1130
1746	1130
1750	1130
1799	1130
1800	1130
1805	1130
1809	1130
1833	1130
1863	1130
1888	1130
1132	1153
1132	1156
1132	1163
1132	1172
1172	1132
1132	1175
1132	1184
1184	1132
1132	1185
1132	1198
1198	1132
1132	1199
1132	1201
1201	1132
1132	1207
1132	1211
1211	1132
1132	1214
1214	1132
1132	1219
1219	1132
1132	1222
1132	1230
1132	1238
1238	1132
1132	1256
1132	1267
1267	1132
1132	1269
1269	1132
1132	1271
1271	1132
1132	1285
1132	1288
1288	1132
1132	1289
1132	1291
1291	1132
1132	1302
1132	1305
1305	1132
1132	1330
1330	1132
1132	1331
1132	1335
1132	1336
1132	1339
1339	1132
1132	1341
1132	1344
1344	1132
1132	1351
1351	1132
1132	1352
1352	1132
1132	1361
1361	1132
1132	1367
1367	1132
1132	1370
1132	1376
1376	1132
1132	1377
1377	1132
1132	1380
1380	1132
1132	1390
1390	1132
1132	1398
1398	1132
1132	1399
1132	1416
1416	1132
1132	1431
1431	1132
1132	1449
1449	1132
1132	1456
1132	1467
1467	1132
1132	1471
1471	1132
1132	1480
1480	1132
1132	1488
1132	1509
1509	1132
1132	1516
1516	1132
1132	1522
1522	1132
1132	1530
1132	1539
1539	1132
1132	1547
1547	1132
1132	1551
1551	1132
1132	1554
1554	1132
1132	1556
1132	1559
1559	1132
1132	1580
1580	1132
1132	1589
1589	1132
1132	1597
1597	1132
1132	1598
1132	1600
1600	1132
1132	1603
1603	1132
1132	1604
1132	1605
1132	1610
1610	1132
1132	1612
1612	1132
1132	1613
1613	1132
1132	1619
1619	1132
1132	1621
1621	1132
1132	1623
1623	1132
1132	1652
1652	1132
1132	1662
1132	1665
1132	1668
1668	1132
1132	1707
1132	1712
1132	1721
1721	1132
1132	1730
1730	1132
1132	1736
1736	1132
1132	1737
1737	1132
1132	1746
1746	1132
1132	1750
1750	1132
1132	1752
1752	1132
1132	1757
1757	1132
1132	1772
1132	1789
1789	1132
1132	1793
1793	1132
1132	1799
1799	1132
1132	1800
1800	1132
1132	1804
1132	1809
1809	1132
1132	1810
1132	1813
1813	1132
1132	1816
1816	1132
1132	1826
1132	1827
1827	1132
1132	1832
1132	1833
1833	1132
1132	1839
1132	1849
1132	1863
1863	1132
1132	1868
1132	1874
1132	1879
1132	1886
1886	1132
1132	1888
1888	1132
1132	1898
1471	1133
1135	1146
1146	1135
1135	1160
1135	1164
1135	1173
1135	1185
1135	1212
1135	1222
1135	1238
1238	1135
1135	1243
1243	1135
1135	1255
1135	1269
1269	1135
1135	1312
1312	1135
1135	1329
1329	1135
1135	1334
1334	1135
1135	1352
1352	1135
1135	1376
1376	1135
1135	1377
1377	1135
1135	1389
1135	1391
1391	1135
1135	1420
1420	1135
1135	1431
1431	1135
1135	1467
1467	1135
1135	1470
1470	1135
1135	1483
1135	1497
1135	1509
1509	1135
1135	1516
1516	1135
1135	1522
1522	1135
1135	1559
1559	1135
1135	1570
1135	1584
1584	1135
1135	1589
1589	1135
1135	1590
1135	1603
1603	1135
1135	1604
1135	1612
1612	1135
1135	1613
1613	1135
1135	1620
1620	1135
1135	1621
1621	1135
1135	1637
1637	1135
1135	1646
1135	1663
1663	1135
1135	1675
1675	1135
1135	1688
1688	1135
1135	1714
1714	1135
1135	1723
1723	1135
1135	1730
1730	1135
1135	1746
1746	1135
1135	1761
1761	1135
1135	1768
1135	1800
1800	1135
1135	1813
1813	1135
1135	1835
1835	1135
1135	1843
1843	1135
1135	1867
1867	1135
1135	1881
1135	1885
1135	1888
1888	1135
1328	1136
1360	1136
1494	1136
1588	1136
1593	1136
1698	1136
1719	1136
1803	1136
1140	1173
1140	1317
1317	1140
1140	1450
1140	1505
1140	1534
1140	1656
1140	1666
1143	1215
1215	1143
1143	1231
1231	1143
1143	1273
1143	1418
1418	1143
1143	1556
1143	1591
1591	1143
1143	1650
1143	1661
1143	1706
1143	1783
1328	1144
1360	1144
1494	1144
1588	1144
1593	1144
1146	1149
1149	1146
1146	1160
1146	1164
1146	1165
1165	1146
1146	1172
1172	1146
1146	1173
1146	1175
1146	1182
1182	1146
1146	1184
1184	1146
1146	1185
1146	1195
1195	1146
1146	1199
1146	1205
1146	1209
1209	1146
1146	1214
1214	1146
1146	1222
1146	1230
1146	1238
1238	1146
1146	1243
1243	1146
1146	1250
1250	1146
1146	1255
1146	1265
1265	1146
1146	1267
1267	1146
1146	1269
1269	1146
1146	1290
1290	1146
1146	1291
1291	1146
1146	1293
1293	1146
1146	1302
1146	1305
1305	1146
1146	1323
1146	1329
1329	1146
1146	1334
1334	1146
1146	1340
1146	1344
1344	1146
1146	1352
1352	1146
1146	1365
1365	1146
1146	1367
1367	1146
1146	1376
1376	1146
1146	1377
1377	1146
1146	1390
1390	1146
1146	1391
1391	1146
1146	1399
1146	1420
1420	1146
1146	1431
1431	1146
1146	1435
1435	1146
1146	1467
1467	1146
1146	1471
1471	1146
1146	1491
1491	1146
1146	1509
1509	1146
1146	1520
1520	1146
1146	1522
1522	1146
1146	1523
1523	1146
1146	1528
1528	1146
1146	1538
1146	1539
1539	1146
1146	1540
1540	1146
1146	1547
1547	1146
1146	1551
1551	1146
1146	1554
1554	1146
1146	1557
1557	1146
1146	1559
1559	1146
1146	1563
1563	1146
1146	1570
1146	1584
1584	1146
1146	1589
1589	1146
1146	1600
1600	1146
1146	1603
1603	1146
1146	1608
1608	1146
1146	1610
1610	1146
1146	1612
1612	1146
1146	1613
1613	1146
1146	1614
1614	1146
1146	1619
1619	1146
1146	1620
1620	1146
1146	1621
1621	1146
1146	1622
1622	1146
1146	1637
1637	1146
1146	1643
1643	1146
1146	1644
1644	1146
1146	1653
1653	1146
1146	1659
1659	1146
1146	1662
1146	1663
1663	1146
1146	1669
1669	1146
1146	1675
1675	1146
1146	1683
1683	1146
1146	1685
1146	1689
1689	1146
1146	1714
1714	1146
1146	1717
1717	1146
1146	1721
1721	1146
1146	1723
1723	1146
1146	1726
1726	1146
1146	1730
1730	1146
1146	1734
1146	1741
1146	1746
1746	1146
1146	1753
1753	1146
1146	1757
1757	1146
1146	1761
1761	1146
1146	1768
1146	1791
1791	1146
1146	1793
1793	1146
1146	1795
1795	1146
1146	1796
1796	1146
1146	1799
1799	1146
1146	1800
1800	1146
1146	1813
1813	1146
1146	1823
1823	1146
1146	1827
1827	1146
1146	1833
1833	1146
1146	1835
1835	1146
1146	1842
1842	1146
1146	1861
1861	1146
1146	1867
1867	1146
1146	1877
1877	1146
1146	1879
1146	1886
1886	1146
1146	1888
1888	1146
1146	1891
1891	1146
1146	1898
1435	1147
1227	1148
1231	1148
1257	1148
1379	1148
1413	1148
1423	1148
1591	1148
1636	1148
1682	1148
1691	1148
1859	1148
1899	1148
1149	1181
1181	1149
1149	1184
1184	1149
1149	1185
1149	1196
1149	1199
1149	1209
1209	1149
1149	1211
1211	1149
1149	1219
1219	1149
1149	1222
1149	1250
1250	1149
1149	1267
1267	1149
1149	1272
1272	1149
1149	1305
1305	1149
1149	1323
1149	1327
1327	1149
1149	1352
1352	1149
1149	1361
1361	1149
1149	1367
1367	1149
1149	1375
1375	1149
1149	1376
1376	1149
1149	1377
1377	1149
1149	1390
1390	1149
1149	1420
1420	1149
1149	1467
1467	1149
1149	1485
1485	1149
1149	1516
1516	1149
1149	1538
1149	1551
1551	1149
1149	1554
1554	1149
1149	1559
1559	1149
1149	1563
1563	1149
1149	1570
1149	1584
1584	1149
1149	1589
1589	1149
1149	1603
1603	1149
1149	1612
1612	1149
1149	1613
1613	1149
1149	1617
1617	1149
1149	1618
1149	1621
1621	1149
1149	1622
1622	1149
1149	1632
1149	1643
1643	1149
1149	1644
1644	1149
1149	1653
1653	1149
1149	1659
1659	1149
1149	1663
1663	1149
1149	1665
1149	1669
1669	1149
1149	1675
1675	1149
1149	1683
1683	1149
1149	1689
1689	1149
1149	1707
1149	1714
1714	1149
1149	1724
1724	1149
1149	1730
1730	1149
1149	1735
1735	1149
1149	1746
1746	1149
1149	1750
1750	1149
1149	1752
1752	1149
1149	1761
1761	1149
1149	1768
1149	1769
1769	1149
1149	1774
1774	1149
1149	1791
1791	1149
1149	1796
1796	1149
1149	1799
1799	1149
1149	1800
1800	1149
1149	1804
1149	1810
1149	1816
1816	1149
1149	1819
1819	1149
1149	1827
1827	1149
1149	1833
1833	1149
1149	1835
1835	1149
1149	1836
1836	1149
1149	1839
1149	1845
1845	1149
1149	1879
1149	1888
1888	1149
1283	1150
1321	1150
1327	1150
1626	1150
1702	1150
1865	1150
1151	1171
1151	1447
1447	1151
1151	1501
1151	1540
1540	1151
1584	1152
1172	1153
1181	1153
1184	1153
1201	1153
1214	1153
1238	1153
1269	1153
1271	1153
1288	1153
1330	1153
1352	1153
1376	1153
1377	1153
1380	1153
1390	1153
1391	1153
1402	1153
1431	1153
1447	1153
1449	1153
1470	1153
1471	1153
1480	1153
1491	1153
1516	1153
1522	1153
1524	1153
1547	1153
1559	1153
1580	1153
1584	1153
1589	1153
1600	1153
1610	1153
1617	1153
1619	1153
1620	1153
1621	1153
1622	1153
1652	1153
1663	1153
1668	1153
1669	1153
1714	1153
1717	1153
1723	1153
1730	1153
1736	1153
1746	1153
1757	1153
1761	1153
1789	1153
1793	1153
1796	1153
1800	1153
1809	1153
1811	1153
1816	1153
1823	1153
1833	1153
1842	1153
1845	1153
1886	1153
1888	1153
1902	1153
1420	1155
1621	1155
1637	1155
1172	1156
1211	1156
1238	1156
1271	1156
1288	1156
1291	1156
1352	1156
1375	1156
1377	1156
1390	1156
1391	1156
1431	1156
1447	1156
1449	1156
1470	1156
1517	1156
1520	1156
1551	1156
1557	1156
1563	1156
1584	1156
1589	1156
1603	1156
1610	1156
1612	1156
1619	1156
1622	1156
1652	1156
1653	1156
1668	1156
1669	1156
1722	1156
1730	1156
1736	1156
1746	1156
1789	1156
1799	1156
1800	1156
1809	1156
1816	1156
1823	1156
1833	1156
1845	1156
1886	1156
1888	1156
1891	1156
1594	1157
1158	1192
1158	1215
1215	1158
1158	1227
1227	1158
1158	1235
1158	1277
1158	1284
1158	1292
1158	1298
1158	1322
1158	1345
1158	1347
1158	1381
1381	1158
1158	1392
1158	1413
1413	1158
1158	1423
1423	1158
1158	1432
1158	1448
1448	1158
1158	1454
1158	1459
1158	1462
1158	1479
1158	1495
1158	1502
1158	1503
1158	1550
1158	1573
1158	1576
1158	1583
1158	1591
1591	1158
1158	1596
1158	1611
1158	1628
1158	1636
1636	1158
1158	1649
1158	1691
1691	1158
1158	1715
1158	1716
1158	1729
1158	1732
1158	1783
1158	1841
1158	1857
1158	1871
1158	1872
1872	1158
1158	1893
1158	1899
1899	1158
1158	1903
1227	1159
1418	1159
1435	1159
1584	1159
1591	1159
1828	1159
1191	1160
1201	1160
1214	1160
1238	1160
1243	1160
1330	1160
1352	1160
1361	1160
1377	1160
1380	1160
1391	1160
1402	1160
1447	1160
1470	1160
1519	1160
1535	1160
1551	1160
1559	1160
1600	1160
1608	1160
1610	1160
1620	1160
1637	1160
1663	1160
1669	1160
1675	1160
1688	1160
1722	1160
1723	1160
1736	1160
1793	1160
1800	1160
1809	1160
1813	1160
1835	1160
1842	1160
1861	1160
1888	1160
1902	1160
1161	1283
1283	1161
1161	1321
1321	1161
1161	1327
1327	1161
1161	1337
1161	1518
1161	1540
1540	1161
1161	1561
1561	1161
1161	1618
1161	1626
1626	1161
1161	1656
1161	1702
1702	1161
1161	1779
1779	1161
1161	1846
1846	1161
1161	1858
1161	1909
1161	1911
1761	1162
1172	1163
1181	1163
1184	1163
1238	1163
1271	1163
1288	1163
1305	1163
1351	1163
1352	1163
1367	1163
1380	1163
1390	1163
1431	1163
1447	1163
1449	1163
1471	1163
1480	1163
1516	1163
1547	1163
1559	1163
1580	1163
1584	1163
1589	1163
1610	1163
1613	1163
1617	1163
1619	1163
1621	1163
1622	1163
1652	1163
1663	1163
1668	1163
1714	1163
1736	1163
1746	1163
1757	1163
1789	1163
1791	1163
1800	1163
1809	1163
1816	1163
1833	1163
1863	1163
1886	1163
1888	1163
1329	1164
1334	1164
1352	1164
1377	1164
1391	1164
1520	1164
1557	1164
1584	1164
1600	1164
1603	1164
1644	1164
1663	1164
1675	1164
1730	1164
1761	1164
1765	1164
1165	1178
1178	1165
1165	1182
1182	1165
1165	1254
1254	1165
1165	1283
1283	1165
1165	1317
1317	1165
1165	1369
1369	1165
1165	1384
1384	1165
1165	1419
1165	1421
1165	1461
1165	1505
1165	1561
1561	1165
1165	1641
1641	1165
1165	1718
1718	1165
1165	1719
1719	1165
1165	1758
1165	1866
1261	1166
1515	1166
1828	1166
1691	1170
1182	1171
1883	1171
1172	1173
1172	1191
1191	1172
1172	1199
1172	1201
1201	1172
1172	1205
1172	1211
1211	1172
1172	1214
1214	1172
1172	1219
1219	1172
1172	1222
1172	1230
1172	1238
1238	1172
1172	1256
1172	1280
1172	1289
1172	1293
1293	1172
1172	1330
1330	1172
1172	1331
1172	1335
1172	1341
1172	1351
1351	1172
1172	1352
1352	1172
1172	1361
1361	1172
1172	1376
1376	1172
1172	1388
1172	1390
1390	1172
1172	1399
1172	1409
1172	1420
1420	1172
1172	1431
1431	1172
1172	1447
1447	1172
1172	1456
1172	1471
1471	1172
1172	1480
1480	1172
1172	1483
1172	1517
1517	1172
1172	1530
1172	1535
1535	1172
1172	1547
1547	1172
1172	1551
1551	1172
1172	1554
1554	1172
1172	1559
1559	1172
1172	1580
1580	1172
1172	1584
1584	1172
1172	1589
1589	1172
1172	1597
1597	1172
1172	1598
1172	1604
1172	1605
1172	1609
1172	1610
1610	1172
1172	1613
1613	1172
1172	1619
1619	1172
1172	1621
1621	1172
1172	1637
1637	1172
1172	1662
1172	1663
1663	1172
1172	1665
1172	1668
1668	1172
1172	1689
1689	1172
1172	1707
1172	1714
1714	1172
1172	1721
1721	1172
1172	1730
1730	1172
1172	1736
1736	1172
1172	1746
1746	1172
1172	1750
1750	1172
1172	1757
1757	1172
1172	1768
1172	1791
1791	1172
1172	1793
1793	1172
1172	1800
1800	1172
1172	1804
1172	1809
1809	1172
1172	1813
1813	1172
1172	1816
1816	1172
1172	1821
1172	1823
1823	1172
1172	1833
1833	1172
1172	1839
1172	1842
1842	1172
1172	1849
1172	1868
1172	1879
1172	1888
1888	1172
1172	1902
1902	1172
1191	1173
1201	1173
1214	1173
1219	1173
1238	1173
1243	1173
1271	1173
1329	1173
1330	1173
1377	1173
1390	1173
1391	1173
1431	1173
1447	1173
1460	1173
1470	1173
1509	1173
1517	1173
1519	1173
1520	1173
1522	1173
1535	1173
1539	1173
1551	1173
1553	1173
1554	1173
1557	1173
1559	1173
1580	1173
1584	1173
1608	1173
1610	1173
1613	1173
1620	1173
1637	1173
1639	1173
1663	1173
1669	1173
1675	1173
1688	1173
1698	1173
1717	1173
1722	1173
1730	1173
1791	1173
1793	1173
1800	1173
1811	1173
1813	1173
1842	1173
1861	1173
1867	1173
1888	1173
1900	1173
1902	1173
1328	1174
1494	1174
1719	1174
1803	1174
1191	1175
1195	1175
1201	1175
1214	1175
1265	1175
1269	1175
1272	1175
1288	1175
1291	1175
1305	1175
1312	1175
1329	1175
1334	1175
1352	1175
1376	1175
1377	1175
1380	1175
1390	1175
1391	1175
1398	1175
1405	1175
1416	1175
1420	1175
1431	1175
1447	1175
1460	1175
1467	1175
1471	1175
1480	1175
1484	1175
1485	1175
1509	1175
1513	1175
1522	1175
1528	1175
1540	1175
1547	1175
1554	1175
1557	1175
1559	1175
1600	1175
1608	1175
1610	1175
1612	1175
1614	1175
1617	1175
1620	1175
1621	1175
1622	1175
1637	1175
1639	1175
1644	1175
1652	1175
1663	1175
1668	1175
1675	1175
1717	1175
1724	1175
1730	1175
1736	1175
1765	1175
1774	1175
1789	1175
1800	1175
1809	1175
1811	1175
1819	1175
1823	1175
1827	1175
1833	1175
1835	1175
1842	1175
1846	1175
1851	1175
1861	1175
1863	1175
1867	1175
1888	1175
1891	1175
1902	1175
1591	1176
1436	1177
1641	1177
1178	1369
1369	1178
1178	1419
1178	1461
1178	1641
1641	1178
1178	1758
1178	1803
1803	1178
1178	1866
1214	1180
1238	1180
1330	1180
1352	1180
1377	1180
1447	1180
1470	1180
1471	1180
1520	1180
1551	1180
1554	1180
1600	1180
1663	1180
1730	1180
1789	1180
1793	1180
1813	1180
1835	1180
1888	1180
1181	1184
1184	1181
1181	1185
1181	1198
1198	1181
1181	1199
1181	1211
1211	1181
1181	1242
1242	1181
1181	1250
1250	1181
1181	1267
1267	1181
1181	1289
1181	1335
1181	1339
1339	1181
1181	1340
1181	1344
1344	1181
1181	1352
1352	1181
1181	1365
1365	1181
1181	1367
1367	1181
1181	1375
1375	1181
1181	1391
1391	1181
1181	1399
1181	1416
1416	1181
1181	1431
1431	1181
1181	1447
1447	1181
1181	1491
1491	1181
1181	1516
1516	1181
1181	1522
1522	1181
1181	1530
1181	1532
1532	1181
1181	1547
1547	1181
1181	1554
1554	1181
1181	1557
1557	1181
1181	1584
1584	1181
1181	1589
1589	1181
1181	1597
1597	1181
1181	1600
1600	1181
1181	1603
1603	1181
1181	1610
1610	1181
1181	1612
1612	1181
1181	1613
1613	1181
1181	1621
1621	1181
1181	1623
1623	1181
1181	1632
1181	1643
1643	1181
1181	1644
1644	1181
1181	1653
1653	1181
1181	1662
1181	1663
1663	1181
1181	1683
1683	1181
1181	1689
1689	1181
1181	1700
1700	1181
1181	1707
1181	1714
1714	1181
1181	1717
1717	1181
1181	1721
1721	1181
1181	1736
1736	1181
1181	1737
1737	1181
1181	1746
1746	1181
1181	1750
1750	1181
1181	1752
1752	1181
1181	1793
1793	1181
1181	1795
1795	1181
1181	1799
1799	1181
1181	1800
1800	1181
1181	1804
1181	1810
1181	1813
1813	1181
1181	1816
1816	1181
1181	1826
1181	1827
1827	1181
1181	1833
1833	1181
1181	1839
1181	1849
1181	1867
1867	1181
1181	1879
1181	1886
1886	1181
1181	1888
1888	1181
1182	1185
1182	1191
1191	1182
1182	1195
1195	1182
1182	1243
1243	1182
1182	1255
1182	1265
1265	1182
1182	1269
1269	1182
1182	1312
1312	1182
1182	1329
1329	1182
1182	1334
1334	1182
1182	1352
1352	1182
1182	1369
1369	1182
1182	1376
1376	1182
1182	1377
1377	1182
1182	1391
1391	1182
1182	1399
1182	1405
1405	1182
1182	1420
1420	1182
1182	1431
1431	1182
1182	1509
1509	1182
1182	1522
1522	1182
1182	1528
1528	1182
1182	1539
1539	1182
1182	1554
1554	1182
1182	1559
1559	1182
1182	1570
1182	1584
1584	1182
1182	1589
1589	1182
1182	1603
1603	1182
1182	1608
1608	1182
1182	1609
1182	1612
1612	1182
1182	1613
1613	1182
1182	1617
1617	1182
1182	1637
1637	1182
1182	1639
1639	1182
1182	1643
1643	1182
1182	1663
1663	1182
1182	1669
1669	1182
1182	1675
1675	1182
1182	1714
1714	1182
1182	1718
1718	1182
1182	1730
1730	1182
1182	1753
1753	1182
1182	1757
1757	1182
1182	1761
1761	1182
1182	1768
1182	1782
1182	1804
1182	1835
1835	1182
1182	1851
1851	1182
1182	1888
1888	1182
1436	1183
1540	1183
1184	1185
1184	1198
1198	1184
1184	1199
1184	1209
1209	1184
1184	1211
1211	1184
1184	1237
1184	1242
1242	1184
1184	1250
1250	1184
1184	1255
1184	1267
1267	1184
1184	1269
1269	1184
1184	1278
1278	1184
1184	1287
1184	1288
1288	1184
1184	1331
1184	1335
1184	1339
1339	1184
1184	1340
1184	1341
1184	1344
1344	1184
1184	1351
1351	1184
1184	1352
1352	1184
1184	1361
1361	1184
1184	1367
1367	1184
1184	1375
1375	1184
1184	1376
1376	1184
1184	1390
1390	1184
1184	1391
1391	1184
1184	1399
1184	1402
1402	1184
1184	1416
1416	1184
1184	1420
1420	1184
1184	1431
1431	1184
1184	1435
1435	1184
1184	1456
1184	1471
1471	1184
1184	1488
1184	1491
1491	1184
1184	1509
1509	1184
1184	1516
1516	1184
1184	1520
1520	1184
1184	1522
1522	1184
1184	1523
1523	1184
1184	1524
1524	1184
1184	1530
1184	1532
1532	1184
1184	1538
1184	1539
1539	1184
1184	1542
1184	1551
1551	1184
1184	1557
1557	1184
1184	1559
1559	1184
1184	1563
1563	1184
1184	1572
1572	1184
1184	1584
1584	1184
1184	1589
1589	1184
1184	1597
1597	1184
1184	1598
1184	1600
1600	1184
1184	1603
1603	1184
1184	1605
1184	1610
1610	1184
1184	1612
1612	1184
1184	1613
1613	1184
1184	1617
1617	1184
1184	1619
1619	1184
1184	1620
1620	1184
1184	1621
1621	1184
1184	1622
1622	1184
1184	1623
1623	1184
1184	1632
1184	1643
1643	1184
1184	1644
1644	1184
1184	1652
1652	1184
1184	1653
1653	1184
1184	1659
1659	1184
1184	1662
1184	1663
1663	1184
1184	1665
1184	1668
1668	1184
1184	1669
1669	1184
1184	1683
1683	1184
1184	1685
1184	1688
1688	1184
1184	1689
1689	1184
1184	1700
1700	1184
1184	1707
1184	1714
1714	1184
1184	1717
1717	1184
1184	1721
1721	1184
1184	1724
1724	1184
1184	1730
1730	1184
1184	1735
1735	1184
1184	1736
1736	1184
1184	1737
1737	1184
1184	1746
1746	1184
1184	1750
1750	1184
1184	1752
1752	1184
1184	1754
1184	1757
1757	1184
1184	1769
1769	1184
1184	1789
1789	1184
1184	1793
1793	1184
1184	1795
1795	1184
1184	1799
1799	1184
1184	1800
1800	1184
1184	1810
1184	1813
1813	1184
1184	1816
1816	1184
1184	1819
1819	1184
1184	1823
1823	1184
1184	1826
1184	1827
1827	1184
1184	1833
1833	1184
1184	1835
1835	1184
1184	1839
1184	1845
1845	1184
1184	1849
1184	1867
1867	1184
1184	1877
1877	1184
1184	1879
1184	1886
1886	1184
1184	1888
1888	1184
1184	1902
1902	1184
1198	1185
1211	1185
1219	1185
1243	1185
1250	1185
1267	1185
1269	1185
1271	1185
1272	1185
1291	1185
1293	1185
1305	1185
1312	1185
1329	1185
1334	1185
1339	1185
1344	1185
1352	1185
1367	1185
1376	1185
1377	1185
1390	1185
1391	1185
1416	1185
1420	1185
1431	1185
1449	1185
1467	1185
1471	1185
1484	1185
1491	1185
1509	1185
1516	1185
1520	1185
1522	1185
1547	1185
1554	1185
1557	1185
1559	1185
1563	1185
1584	1185
1589	1185
1597	1185
1603	1185
1608	1185
1610	1185
1612	1185
1613	1185
1617	1185
1619	1185
1621	1185
1622	1185
1623	1185
1639	1185
1643	1185
1652	1185
1653	1185
1659	1185
1663	1185
1668	1185
1669	1185
1675	1185
1714	1185
1721	1185
1730	1185
1735	1185
1736	1185
1737	1185
1746	1185
1750	1185
1752	1185
1753	1185
1757	1185
1761	1185
1789	1185
1791	1185
1799	1185
1800	1185
1809	1185
1816	1185
1819	1185
1823	1185
1827	1185
1833	1185
1835	1185
1886	1185
1888	1185
1891	1185
1328	1187
1360	1187
1553	1187
1588	1187
1593	1187
1698	1187
1719	1187
1803	1187
1553	1189
1727	1189
1227	1190
1231	1190
1379	1190
1448	1190
1515	1190
1636	1190
1899	1190
1191	1195
1195	1191
1191	1199
1191	1205
1191	1211
1211	1191
1191	1214
1214	1191
1191	1219
1219	1191
1191	1222
1191	1230
1191	1238
1238	1191
1191	1243
1243	1191
1191	1267
1267	1191
1191	1280
1191	1290
1290	1191
1191	1291
1291	1191
1191	1323
1191	1329
1329	1191
1191	1331
1191	1335
1191	1352
1352	1191
1191	1359
1191	1361
1361	1191
1191	1376
1376	1191
1191	1377
1377	1191
1191	1388
1191	1390
1390	1191
1191	1393
1191	1399
1191	1407
1191	1431
1431	1191
1191	1447
1447	1191
1191	1470
1470	1191
1191	1488
1191	1491
1491	1191
1191	1516
1516	1191
1191	1517
1517	1191
1191	1528
1528	1191
1191	1551
1551	1191
1191	1554
1554	1191
1191	1559
1559	1191
1191	1563
1563	1191
1191	1570
1191	1571
1191	1584
1584	1191
1191	1589
1589	1191
1191	1604
1191	1608
1608	1191
1191	1609
1191	1610
1610	1191
1191	1613
1613	1191
1191	1620
1620	1191
1191	1621
1621	1191
1191	1639
1639	1191
1191	1643
1643	1191
1191	1663
1663	1191
1191	1669
1669	1191
1191	1675
1675	1191
1191	1707
1191	1730
1730	1191
1191	1736
1736	1191
1191	1768
1191	1791
1791	1191
1191	1800
1800	1191
1191	1804
1191	1811
1811	1191
1191	1823
1823	1191
1191	1827
1827	1191
1191	1833
1833	1191
1191	1835
1835	1191
1191	1839
1191	1842
1842	1191
1191	1861
1861	1191
1191	1863
1863	1191
1191	1864
1191	1868
1191	1879
1191	1888
1888	1191
1191	1898
1215	1192
1227	1192
1231	1192
1257	1192
1379	1192
1413	1192
1423	1192
1448	1192
1515	1192
1591	1192
1636	1192
1682	1192
1691	1192
1859	1192
1872	1192
1193	1387
1193	1505
1193	1585
1585	1193
1193	1838
1838	1193
1195	1255
1195	1265
1265	1195
1195	1329
1329	1195
1195	1352
1352	1195
1195	1376
1376	1195
1195	1377
1377	1195
1195	1420
1420	1195
1195	1431
1431	1195
1195	1467
1467	1195
1195	1509
1509	1195
1195	1513
1513	1195
1195	1520
1520	1195
1195	1538
1195	1554
1554	1195
1195	1563
1563	1195
1195	1590
1195	1594
1594	1195
1195	1603
1603	1195
1195	1608
1608	1195
1195	1612
1612	1195
1195	1614
1614	1195
1195	1621
1621	1195
1195	1637
1637	1195
1195	1639
1639	1195
1195	1663
1663	1195
1195	1669
1669	1195
1195	1730
1730	1195
1195	1741
1195	1765
1765	1195
1195	1768
1195	1782
1195	1800
1800	1195
1195	1835
1835	1195
1195	1843
1843	1195
1195	1846
1846	1195
1195	1851
1851	1195
1195	1891
1891	1195
1197	1196
1272	1196
1305	1196
1449	1196
1467	1196
1485	1196
1563	1196
1612	1196
1663	1196
1718	1196
1735	1196
1753	1196
1769	1196
1774	1196
1799	1196
1836	1196
1845	1196
1852	1196
1197	1368
1368	1197
1197	1441
1441	1197
1197	1544
1544	1197
1197	1718
1718	1197
1197	1788
1197	1851
1851	1197
1198	1199
1198	1211
1211	1198
1198	1242
1242	1198
1198	1250
1250	1198
1198	1267
1267	1198
1198	1269
1269	1198
1198	1335
1198	1340
1198	1344
1344	1198
1198	1352
1352	1198
1198	1361
1361	1198
1198	1367
1367	1198
1198	1375
1375	1198
1198	1390
1390	1198
1198	1399
1198	1416
1416	1198
1198	1431
1431	1198
1198	1467
1467	1198
1198	1471
1471	1198
1198	1488
1198	1491
1491	1198
1198	1516
1516	1198
1198	1530
1198	1532
1532	1198
1198	1538
1198	1557
1557	1198
1198	1563
1563	1198
1198	1570
1198	1584
1584	1198
1198	1589
1589	1198
1198	1598
1198	1600
1600	1198
1198	1610
1610	1198
1198	1612
1612	1198
1198	1613
1613	1198
1198	1623
1623	1198
1198	1632
1198	1643
1643	1198
1198	1644
1644	1198
1198	1652
1652	1198
1198	1653
1653	1198
1198	1663
1663	1198
1198	1683
1683	1198
1198	1689
1689	1198
1198	1707
1198	1714
1714	1198
1198	1721
1721	1198
1198	1736
1736	1198
1198	1737
1737	1198
1198	1746
1746	1198
1198	1750
1750	1198
1198	1752
1752	1198
1198	1757
1757	1198
1198	1768
1198	1789
1789	1198
1198	1795
1795	1198
1198	1799
1799	1198
1198	1800
1800	1198
1198	1804
1198	1810
1198	1816
1816	1198
1198	1819
1819	1198
1198	1827
1827	1198
1198	1833
1833	1198
1198	1867
1867	1198
1198	1879
1198	1888
1888	1198
1201	1199
1211	1199
1214	1199
1219	1199
1238	1199
1242	1199
1250	1199
1267	1199
1269	1199
1271	1199
1288	1199
1291	1199
1305	1199
1329	1199
1330	1199
1334	1199
1339	1199
1351	1199
1352	1199
1361	1199
1365	1199
1367	1199
1376	1199
1377	1199
1380	1199
1390	1199
1391	1199
1398	1199
1402	1199
1416	1199
1431	1199
1447	1199
1449	1199
1467	1199
1471	1199
1480	1199
1491	1199
1509	1199
1516	1199
1522	1199
1535	1199
1539	1199
1547	1199
1551	1199
1554	1199
1557	1199
1559	1199
1563	1199
1584	1199
1589	1199
1597	1199
1603	1199
1608	1199
1610	1199
1612	1199
1613	1199
1614	1199
1617	1199
1619	1199
1620	1199
1621	1199
1622	1199
1623	1199
1653	1199
1659	1199
1663	1199
1668	1199
1669	1199
1675	1199
1702	1199
1714	1199
1717	1199
1721	1199
1722	1199
1723	1199
1730	1199
1735	1199
1736	1199
1737	1199
1746	1199
1750	1199
1757	1199
1761	1199
1789	1199
1791	1199
1793	1199
1795	1199
1796	1199
1799	1199
1800	1199
1809	1199
1813	1199
1816	1199
1823	1199
1827	1199
1833	1199
1835	1199
1842	1199
1845	1199
1867	1199
1886	1199
1888	1199
1902	1199
1201	1205
1201	1214
1214	1201
1201	1222
1201	1238
1238	1201
1201	1243
1243	1201
1201	1280
1201	1329
1329	1201
1201	1331
1201	1352
1352	1201
1201	1359
1201	1377
1377	1201
1201	1388
1201	1389
1201	1447
1447	1201
1201	1456
1201	1470
1470	1201
1201	1471
1471	1201
1201	1480
1480	1201
1201	1483
1201	1535
1535	1201
1201	1551
1551	1201
1201	1570
1201	1580
1580	1201
1201	1598
1201	1600
1600	1201
1201	1608
1608	1201
1201	1609
1201	1610
1610	1201
1201	1621
1621	1201
1201	1689
1689	1201
1201	1768
1201	1772
1201	1804
1201	1811
1811	1201
1201	1835
1835	1201
1201	1842
1842	1201
1201	1868
1201	1879
1201	1888
1888	1201
1360	1203
1588	1203
1215	1204
1227	1204
1231	1204
1257	1204
1261	1204
1379	1204
1413	1204
1423	1204
1515	1204
1591	1204
1635	1204
1636	1204
1682	1204
1691	1204
1727	1204
1828	1204
1859	1204
1875	1204
1899	1204
1238	1205
1250	1205
1271	1205
1288	1205
1329	1205
1330	1205
1352	1205
1361	1205
1377	1205
1391	1205
1447	1205
1470	1205
1509	1205
1517	1205
1520	1205
1522	1205
1535	1205
1551	1205
1554	1205
1559	1205
1580	1205
1584	1205
1608	1205
1610	1205
1619	1205
1637	1205
1663	1205
1669	1205
1675	1205
1714	1205
1717	1205
1722	1205
1730	1205
1736	1205
1791	1205
1793	1205
1796	1205
1809	1205
1811	1205
1813	1205
1835	1205
1842	1205
1861	1205
1888	1205
1891	1205
1902	1205
1238	1207
1271	1207
1288	1207
1380	1207
1390	1207
1431	1207
1447	1207
1449	1207
1471	1207
1480	1207
1516	1207
1584	1207
1610	1207
1619	1207
1652	1207
1668	1207
1717	1207
1746	1207
1789	1207
1800	1207
1809	1207
1816	1207
1823	1207
1833	1207
1886	1207
1888	1207
1209	1242
1242	1209
1209	1243
1243	1209
1209	1250
1250	1209
1209	1278
1278	1209
1209	1290
1290	1209
1209	1291
1291	1209
1209	1331
1209	1339
1339	1209
1209	1340
1209	1344
1344	1209
1209	1352
1352	1209
1209	1367
1367	1209
1209	1375
1375	1209
1209	1376
1376	1209
1209	1390
1390	1209
1209	1407
1209	1416
1416	1209
1209	1431
1431	1209
1209	1522
1522	1209
1209	1528
1528	1209
1209	1554
1554	1209
1209	1557
1557	1209
1209	1572
1572	1209
1209	1597
1597	1209
1209	1600
1600	1209
1209	1612
1612	1209
1209	1620
1620	1209
1209	1622
1622	1209
1209	1644
1644	1209
1209	1659
1659	1209
1209	1663
1663	1209
1209	1688
1688	1209
1209	1710
1710	1209
1209	1717
1717	1209
1209	1721
1721	1209
1209	1724
1724	1209
1209	1730
1730	1209
1209	1735
1735	1209
1209	1737
1737	1209
1209	1746
1746	1209
1209	1750
1750	1209
1209	1752
1752	1209
1209	1754
1209	1757
1757	1209
1209	1789
1789	1209
1209	1791
1791	1209
1209	1796
1796	1209
1209	1800
1800	1209
1209	1804
1209	1816
1816	1209
1209	1819
1819	1209
1209	1827
1827	1209
1209	1835
1835	1209
1209	1867
1867	1209
1209	1886
1886	1209
1209	1888
1888	1209
1211	1214
1214	1211
1211	1222
1211	1230
1211	1243
1243	1211
1211	1250
1250	1211
1211	1267
1267	1211
1211	1269
1269	1211
1211	1287
1211	1289
1211	1291
1291	1211
1211	1293
1293	1211
1211	1302
1211	1305
1305	1211
1211	1330
1330	1211
1211	1331
1211	1335
1211	1336
1211	1341
1211	1351
1351	1211
1211	1352
1352	1211
1211	1361
1361	1211
1211	1367
1367	1211
1211	1370
1211	1376
1376	1211
1211	1377
1377	1211
1211	1380
1380	1211
1211	1390
1390	1211
1211	1391
1391	1211
1211	1393
1211	1398
1398	1211
1211	1399
1211	1409
1211	1416
1416	1211
1211	1420
1420	1211
1211	1431
1431	1211
1211	1437
1211	1439
1211	1447
1447	1211
1211	1449
1449	1211
1211	1458
1458	1211
1211	1467
1467	1211
1211	1471
1471	1211
1211	1480
1480	1211
1211	1488
1211	1491
1491	1211
1211	1509
1509	1211
1211	1516
1516	1211
1211	1520
1520	1211
1211	1522
1522	1211
1211	1530
1211	1538
1211	1547
1547	1211
1211	1551
1551	1211
1211	1554
1554	1211
1211	1559
1559	1211
1211	1563
1563	1211
1211	1570
1211	1571
1211	1580
1580	1211
1211	1584
1584	1211
1211	1589
1589	1211
1211	1597
1597	1211
1211	1598
1211	1603
1603	1211
1211	1604
1211	1608
1608	1211
1211	1609
1211	1610
1610	1211
1211	1612
1612	1211
1211	1613
1613	1211
1211	1617
1617	1211
1211	1620
1620	1211
1211	1621
1621	1211
1211	1623
1623	1211
1211	1632
1211	1643
1643	1211
1211	1652
1652	1211
1211	1653
1653	1211
1211	1662
1211	1663
1663	1211
1211	1665
1211	1668
1668	1211
1211	1669
1669	1211
1211	1683
1683	1211
1211	1689
1689	1211
1211	1702
1702	1211
1211	1707
1211	1712
1211	1714
1714	1211
1211	1721
1721	1211
1211	1730
1730	1211
1211	1735
1735	1211
1211	1736
1736	1211
1211	1737
1737	1211
1211	1741
1211	1746
1746	1211
1211	1750
1750	1211
1211	1752
1752	1211
1211	1757
1757	1211
1211	1761
1761	1211
1211	1768
1211	1793
1793	1211
1211	1799
1799	1211
1211	1800
1800	1211
1211	1804
1211	1810
1211	1813
1813	1211
1211	1816
1816	1211
1211	1821
1211	1823
1823	1211
1211	1826
1211	1827
1827	1211
1211	1833
1833	1211
1211	1835
1835	1211
1211	1839
1211	1842
1842	1211
1211	1843
1843	1211
1211	1845
1845	1211
1211	1849
1211	1858
1211	1863
1863	1211
1211	1864
1211	1879
1211	1886
1886	1211
1211	1888
1888	1211
1211	1902
1902	1211
1214	1222
1214	1238
1238	1214
1214	1243
1243	1214
1214	1256
1214	1280
1214	1289
1214	1321
1321	1214
1214	1323
1214	1329
1329	1214
1214	1335
1214	1341
1214	1359
1214	1361
1361	1214
1214	1370
1214	1376
1376	1214
1214	1377
1377	1214
1214	1388
1214	1407
1214	1409
1214	1437
1214	1447
1447	1214
1214	1471
1471	1214
1214	1480
1480	1214
1214	1483
1214	1509
1509	1214
1214	1522
1522	1214
1214	1530
1214	1539
1539	1214
1214	1551
1551	1214
1214	1553
1553	1214
1214	1559
1559	1214
1214	1570
1214	1580
1580	1214
1214	1589
1589	1214
1214	1598
1214	1600
1600	1214
1214	1605
1214	1609
1214	1613
1613	1214
1214	1620
1620	1214
1214	1622
1622	1214
1214	1626
1626	1214
1214	1637
1637	1214
1214	1643
1643	1214
1214	1652
1652	1214
1214	1662
1214	1663
1663	1214
1214	1668
1668	1214
1214	1669
1669	1214
1214	1702
1702	1214
1214	1707
1214	1712
1214	1722
1722	1214
1214	1723
1723	1214
1214	1730
1730	1214
1214	1736
1736	1214
1214	1757
1757	1214
1214	1768
1214	1772
1214	1789
1789	1214
1214	1791
1791	1214
1214	1793
1793	1214
1214	1797
1214	1804
1214	1813
1813	1214
1214	1823
1823	1214
1214	1833
1833	1214
1214	1839
1214	1842
1842	1214
1214	1845
1845	1214
1214	1846
1846	1214
1214	1849
1214	1858
1214	1861
1861	1214
1214	1863
1863	1214
1214	1864
1214	1879
1214	1888
1888	1214
1214	1902
1902	1214
1214	1911
1215	1273
1215	1347
1215	1373
1215	1413
1413	1215
1215	1429
1215	1459
1215	1475
1215	1489
1215	1495
1215	1502
1215	1503
1215	1515
1515	1215
1215	1587
1215	1591
1591	1215
1215	1649
1215	1661
1215	1706
1215	1729
1215	1732
1215	1742
1215	1783
1215	1786
1215	1790
1215	1794
1215	1828
1828	1215
1215	1850
1215	1871
1215	1893
1215	1907
1334	1217
1435	1217
1540	1217
1584	1217
1620	1217
1888	1217
1593	1218
1219	1222
1219	1230
1219	1265
1265	1219
1219	1289
1219	1341
1219	1351
1351	1219
1219	1352
1352	1219
1219	1361
1361	1219
1219	1367
1367	1219
1219	1376
1376	1219
1219	1377
1377	1219
1219	1399
1219	1437
1219	1470
1470	1219
1219	1509
1509	1219
1219	1519
1519	1219
1219	1547
1547	1219
1219	1551
1551	1219
1219	1553
1553	1219
1219	1610
1610	1219
1219	1662
1219	1665
1219	1707
1219	1730
1730	1219
1219	1736
1736	1219
1219	1768
1219	1793
1793	1219
1219	1813
1813	1219
1219	1827
1827	1219
1219	1839
1219	1842
1842	1219
1219	1864
1219	1879
1219	1888
1888	1219
1219	1902
1902	1219
1367	1220
1537	1220
1827	1220
1231	1221
1418	1221
1423	1221
1515	1221
1635	1221
1691	1221
1727	1221
1859	1221
1872	1221
1899	1221
1238	1222
1243	1222
1267	1222
1272	1222
1291	1222
1327	1222
1330	1222
1334	1222
1351	1222
1352	1222
1361	1222
1367	1222
1369	1222
1377	1222
1431	1222
1447	1222
1471	1222
1509	1222
1513	1222
1520	1222
1547	1222
1551	1222
1554	1222
1557	1222
1559	1222
1563	1222
1580	1222
1584	1222
1589	1222
1603	1222
1608	1222
1610	1222
1613	1222
1620	1222
1621	1222
1622	1222
1659	1222
1663	1222
1669	1222
1675	1222
1678	1222
1683	1222
1688	1222
1702	1222
1717	1222
1730	1222
1736	1222
1753	1222
1793	1222
1800	1222
1811	1222
1813	1222
1816	1222
1819	1222
1827	1222
1835	1222
1842	1222
1845	1222
1861	1222
1867	1222
1888	1222
1891	1222
1902	1222
1436	1223
1559	1223
1724	1223
1227	1229
1227	1231
1231	1227
1227	1235
1227	1277
1227	1279
1227	1282
1227	1292
1227	1298
1227	1309
1227	1322
1227	1345
1227	1347
1227	1379
1379	1227
1227	1381
1381	1227
1227	1392
1227	1404
1227	1423
1423	1227
1227	1426
1227	1448
1448	1227
1227	1459
1227	1462
1227	1475
1227	1479
1227	1500
1227	1502
1227	1515
1515	1227
1227	1550
1227	1573
1227	1576
1227	1583
1227	1587
1227	1591
1591	1227
1227	1596
1227	1611
1227	1628
1227	1636
1636	1227
1227	1647
1227	1649
1227	1680
1227	1682
1682	1227
1227	1706
1227	1715
1227	1728
1227	1742
1227	1786
1227	1812
1227	1841
1227	1857
1227	1859
1859	1227
1227	1872
1872	1227
1227	1873
1227	1875
1875	1227
1227	1893
1227	1899
1899	1227
1231	1229
1257	1229
1261	1229
1413	1229
1591	1229
1635	1229
1691	1229
1859	1229
1243	1230
1267	1230
1269	1230
1290	1230
1291	1230
1329	1230
1334	1230
1351	1230
1352	1230
1361	1230
1367	1230
1376	1230
1377	1230
1390	1230
1391	1230
1420	1230
1431	1230
1484	1230
1491	1230
1509	1230
1516	1230
1522	1230
1540	1230
1547	1230
1551	1230
1554	1230
1557	1230
1559	1230
1563	1230
1584	1230
1589	1230
1597	1230
1603	1230
1608	1230
1612	1230
1617	1230
1620	1230
1621	1230
1622	1230
1669	1230
1688	1230
1689	1230
1714	1230
1721	1230
1723	1230
1730	1230
1736	1230
1746	1230
1750	1230
1752	1230
1753	1230
1793	1230
1800	1230
1813	1230
1827	1230
1833	1230
1835	1230
1842	1230
1845	1230
1867	1230
1888	1230
1902	1230
1231	1235
1231	1257
1257	1231
1231	1261
1261	1231
1231	1273
1231	1277
1231	1284
1231	1286
1231	1292
1231	1322
1231	1345
1231	1347
1231	1350
1231	1404
1231	1423
1423	1231
1231	1426
1231	1432
1231	1448
1448	1231
1231	1459
1231	1462
1231	1475
1231	1550
1231	1573
1231	1576
1231	1583
1231	1587
1231	1591
1591	1231
1231	1592
1231	1596
1231	1611
1231	1628
1231	1635
1635	1231
1231	1636
1636	1231
1231	1638
1231	1647
1231	1655
1231	1680
1231	1715
1231	1720
1231	1728
1231	1764
1231	1783
1231	1786
1231	1812
1231	1862
1231	1899
1899	1231
1593	1232
1257	1235
1379	1235
1381	1235
1413	1235
1423	1235
1436	1235
1448	1235
1591	1235
1635	1235
1636	1235
1682	1235
1691	1235
1859	1235
1872	1235
1899	1235
1390	1237
1420	1237
1746	1237
1800	1237
1833	1237
1238	1250
1250	1238
1238	1255
1238	1256
1238	1271
1271	1238
1238	1280
1238	1285
1238	1287
1238	1288
1288	1238
1238	1289
1238	1293
1293	1238
1238	1302
1238	1323
1238	1330
1330	1238
1238	1331
1238	1335
1238	1336
1238	1359
1238	1361
1361	1238
1238	1370
1238	1376
1376	1238
1238	1377
1377	1238
1238	1380
1380	1238
1238	1388
1238	1391
1391	1238
1238	1402
1402	1238
1238	1409
1238	1420
1420	1238
1238	1431
1431	1238
1238	1447
1447	1238
1238	1456
1238	1457
1238	1470
1470	1238
1238	1471
1471	1238
1238	1483
1238	1487
1238	1488
1238	1497
1238	1509
1509	1238
1238	1517
1517	1238
1238	1520
1520	1238
1238	1522
1522	1238
1238	1530
1238	1535
1535	1238
1238	1539
1539	1238
1238	1542
1238	1547
1547	1238
1238	1551
1551	1238
1238	1559
1559	1238
1238	1571
1238	1580
1580	1238
1238	1584
1584	1238
1238	1589
1589	1238
1238	1598
1238	1604
1238	1605
1238	1608
1608	1238
1238	1609
1238	1610
1610	1238
1238	1612
1612	1238
1238	1613
1613	1238
1238	1614
1614	1238
1238	1619
1619	1238
1238	1620
1620	1238
1238	1637
1637	1238
1238	1662
1238	1663
1663	1238
1238	1665
1238	1668
1668	1238
1238	1675
1675	1238
1238	1688
1688	1238
1238	1689
1689	1238
1238	1707
1238	1712
1238	1714
1714	1238
1238	1717
1717	1238
1238	1722
1722	1238
1238	1723
1723	1238
1238	1730
1730	1238
1238	1741
1238	1746
1746	1238
1238	1757
1757	1238
1238	1768
1238	1772
1238	1791
1791	1238
1238	1793
1793	1238
1238	1800
1800	1238
1238	1804
1238	1809
1809	1238
1238	1813
1813	1238
1238	1816
1816	1238
1238	1826
1238	1832
1238	1833
1833	1238
1238	1839
1238	1842
1842	1238
1238	1845
1845	1238
1238	1849
1238	1867
1867	1238
1238	1868
1238	1879
1238	1881
1238	1888
1888	1238
1238	1898
1238	1900
1900	1238
1238	1902
1902	1238
1644	1239
1721	1239
1730	1239
1845	1239
1242	1250
1250	1242
1242	1267
1267	1242
1242	1278
1278	1242
1242	1291
1291	1242
1242	1339
1339	1242
1242	1340
1242	1341
1242	1344
1344	1242
1242	1352
1352	1242
1242	1367
1367	1242
1242	1375
1375	1242
1242	1376
1376	1242
1242	1390
1390	1242
1242	1399
1242	1407
1242	1416
1416	1242
1242	1431
1431	1242
1242	1471
1471	1242
1242	1480
1480	1242
1242	1491
1491	1242
1242	1516
1516	1242
1242	1524
1524	1242
1242	1538
1242	1554
1554	1242
1242	1557
1557	1242
1242	1559
1559	1242
1242	1572
1572	1242
1242	1584
1584	1242
1242	1589
1589	1242
1242	1597
1597	1242
1242	1600
1600	1242
1242	1603
1603	1242
1242	1612
1612	1242
1242	1613
1613	1242
1242	1620
1620	1242
1242	1622
1622	1242
1242	1623
1623	1242
1242	1644
1644	1242
1242	1652
1652	1242
1242	1653
1653	1242
1242	1659
1659	1242
1242	1683
1683	1242
1242	1688
1688	1242
1242	1689
1689	1242
1242	1714
1714	1242
1242	1717
1717	1242
1242	1724
1724	1242
1242	1730
1730	1242
1242	1746
1746	1242
1242	1750
1750	1242
1242	1752
1752	1242
1242	1789
1789	1242
1242	1795
1795	1242
1242	1796
1796	1242
1242	1800
1800	1242
1242	1804
1242	1810
1242	1816
1816	1242
1242	1819
1819	1242
1242	1823
1823	1242
1242	1827
1827	1242
1242	1833
1833	1242
1242	1835
1835	1242
1242	1839
1242	1861
1861	1242
1242	1867
1867	1242
1242	1877
1877	1242
1242	1888
1888	1242
1243	1267
1267	1243
1243	1269
1269	1243
1243	1290
1290	1243
1243	1323
1243	1329
1329	1243
1243	1330
1330	1243
1243	1334
1334	1243
1243	1351
1351	1243
1243	1352
1352	1243
1243	1376
1376	1243
1243	1377
1377	1243
1243	1399
1243	1420
1420	1243
1243	1431
1431	1243
1243	1451
1243	1483
1243	1497
1243	1509
1509	1243
1243	1522
1522	1243
1243	1528
1528	1243
1243	1530
1243	1554
1554	1243
1243	1559
1559	1243
1243	1563
1563	1243
1243	1570
1243	1584
1584	1243
1243	1589
1589	1243
1243	1590
1243	1604
1243	1608
1608	1243
1243	1609
1243	1610
1610	1243
1243	1612
1612	1243
1243	1613
1613	1243
1243	1620
1620	1243
1243	1621
1621	1243
1243	1623
1623	1243
1243	1637
1637	1243
1243	1639
1639	1243
1243	1643
1643	1243
1243	1659
1659	1243
1243	1662
1243	1663
1663	1243
1243	1669
1669	1243
1243	1675
1675	1243
1243	1688
1688	1243
1243	1714
1714	1243
1243	1721
1721	1243
1243	1723
1723	1243
1243	1730
1730	1243
1243	1735
1735	1243
1243	1746
1746	1243
1243	1753
1753	1243
1243	1754
1243	1761
1761	1243
1243	1765
1765	1243
1243	1768
1243	1791
1791	1243
1243	1799
1799	1243
1243	1800
1800	1243
1243	1804
1243	1811
1811	1243
1243	1813
1813	1243
1243	1827
1827	1243
1243	1833
1833	1243
1243	1835
1835	1243
1243	1842
1842	1243
1243	1849
1243	1861
1861	1243
1243	1867
1867	1243
1243	1885
1243	1888
1888	1243
1243	1902
1902	1243
1591	1244
1261	1245
1683	1245
1828	1245
1848	1245
1418	1246
1635	1246
1872	1246
1875	1246
1250	1255
1250	1256
1250	1271
1271	1250
1250	1278
1278	1250
1250	1287
1250	1288
1288	1250
1250	1293
1293	1250
1250	1330
1330	1250
1250	1335
1250	1339
1339	1250
1250	1340
1250	1341
1250	1344
1344	1250
1250	1352
1352	1250
1250	1367
1367	1250
1250	1375
1375	1250
1250	1376
1376	1250
1250	1380
1380	1250
1250	1390
1390	1250
1250	1399
1250	1402
1402	1250
1250	1416
1416	1250
1250	1420
1420	1250
1250	1431
1431	1250
1250	1435
1435	1250
1250	1456
1250	1488
1250	1491
1491	1250
1250	1522
1522	1250
1250	1524
1524	1250
1250	1530
1250	1532
1532	1250
1250	1547
1547	1250
1250	1554
1554	1250
1250	1557
1557	1250
1250	1559
1559	1250
1250	1572
1572	1250
1250	1584
1584	1250
1250	1589
1589	1250
1250	1597
1597	1250
1250	1600
1600	1250
1250	1603
1603	1250
1250	1608
1608	1250
1250	1610
1610	1250
1250	1612
1612	1250
1250	1613
1613	1250
1250	1617
1617	1250
1250	1619
1619	1250
1250	1620
1620	1250
1250	1622
1622	1250
1250	1623
1623	1250
1250	1632
1250	1644
1644	1250
1250	1652
1652	1250
1250	1653
1653	1250
1250	1659
1659	1250
1250	1662
1250	1663
1663	1250
1250	1683
1683	1250
1250	1685
1250	1688
1688	1250
1250	1689
1689	1250
1250	1707
1250	1712
1250	1714
1714	1250
1250	1717
1717	1250
1250	1721
1721	1250
1250	1724
1724	1250
1250	1730
1730	1250
1250	1736
1736	1250
1250	1737
1737	1250
1250	1741
1250	1746
1746	1250
1250	1750
1750	1250
1250	1752
1752	1250
1250	1754
1250	1757
1757	1250
1250	1765
1765	1250
1250	1768
1250	1771
1250	1789
1789	1250
1250	1793
1793	1250
1250	1795
1795	1250
1250	1796
1796	1250
1250	1799
1799	1250
1250	1800
1800	1250
1250	1804
1250	1810
1250	1816
1816	1250
1250	1819
1819	1250
1250	1827
1827	1250
1250	1833
1833	1250
1250	1839
1250	1849
1250	1861
1861	1250
1250	1867
1867	1250
1250	1877
1877	1250
1250	1879
1250	1888
1888	1250
1250	1902
1902	1250
1252	1254
1254	1252
1254	1368
1368	1254
1269	1255
1272	1255
1291	1255
1305	1255
1312	1255
1321	1255
1329	1255
1334	1255
1352	1255
1361	1255
1367	1255
1369	1255
1376	1255
1377	1255
1390	1255
1391	1255
1405	1255
1416	1255
1420	1255
1431	1255
1447	1255
1467	1255
1471	1255
1509	1255
1513	1255
1516	1255
1520	1255
1522	1255
1528	1255
1539	1255
1551	1255
1554	1255
1559	1255
1563	1255
1584	1255
1589	1255
1600	1255
1603	1255
1608	1255
1610	1255
1612	1255
1613	1255
1614	1255
1617	1255
1621	1255
1622	1255
1626	1255
1637	1255
1639	1255
1643	1255
1659	1255
1663	1255
1669	1255
1675	1255
1683	1255
1714	1255
1717	1255
1721	1255
1730	1255
1735	1255
1737	1255
1746	1255
1750	1255
1752	1255
1753	1255
1757	1255
1765	1255
1791	1255
1799	1255
1800	1255
1805	1255
1813	1255
1819	1255
1827	1255
1833	1255
1835	1255
1846	1255
1888	1255
1891	1255
1902	1255
1271	1256
1288	1256
1330	1256
1351	1256
1361	1256
1367	1256
1377	1256
1380	1256
1390	1256
1431	1256
1447	1256
1458	1256
1470	1256
1471	1256
1480	1256
1509	1256
1516	1256
1520	1256
1524	1256
1547	1256
1551	1256
1554	1256
1559	1256
1563	1256
1589	1256
1610	1256
1613	1256
1619	1256
1620	1256
1621	1256
1637	1256
1639	1256
1652	1256
1663	1256
1668	1256
1714	1256
1717	1256
1722	1256
1736	1256
1746	1256
1757	1256
1789	1256
1791	1256
1796	1256
1800	1256
1809	1256
1813	1256
1816	1256
1833	1256
1835	1256
1863	1256
1888	1256
1900	1256
1902	1256
1257	1284
1257	1292
1257	1315
1257	1322
1257	1345
1257	1404
1257	1413
1413	1257
1257	1426
1257	1432
1257	1459
1257	1462
1257	1479
1257	1573
1257	1576
1257	1583
1257	1587
1257	1591
1591	1257
1257	1592
1257	1596
1257	1635
1635	1257
1257	1636
1636	1257
1257	1647
1257	1655
1257	1680
1257	1691
1691	1257
1257	1790
1257	1841
1257	1857
1257	1859
1859	1257
1257	1862
1257	1872
1872	1257
1334	1258
1435	1258
1584	1258
1261	1273
1261	1277
1261	1281
1261	1282
1261	1292
1261	1309
1261	1316
1261	1324
1261	1345
1261	1373
1261	1382
1261	1396
1261	1406
1261	1451
1261	1454
1261	1475
1261	1495
1261	1508
1261	1515
1515	1261
1261	1582
1261	1583
1261	1595
1261	1638
1261	1661
1261	1729
1261	1732
1261	1742
1261	1751
1261	1783
1261	1786
1261	1812
1261	1820
1261	1824
1261	1828
1828	1261
1261	1848
1848	1261
1261	1850
1261	1857
1261	1871
1261	1872
1872	1261
1261	1893
1261	1894
1261	1907
1835	1262
1591	1263
1265	1269
1269	1265
1265	1323
1265	1329
1329	1265
1265	1376
1376	1265
1265	1377
1377	1265
1265	1460
1460	1265
1265	1484
1484	1265
1265	1513
1513	1265
1265	1520
1520	1265
1265	1528
1528	1265
1265	1570
1265	1590
1265	1608
1608	1265
1265	1609
1265	1768
1265	1782
1265	1811
1811	1265
1265	1861
1861	1265
1265	1891
1891	1265
1431	1266
1441	1266
1564	1266
1585	1266
1779	1266
1267	1269
1269	1267
1267	1272
1272	1267
1267	1287
1267	1289
1267	1291
1291	1267
1267	1302
1267	1335
1267	1336
1267	1339
1339	1267
1267	1341
1267	1352
1352	1267
1267	1365
1365	1267
1267	1370
1267	1376
1376	1267
1267	1377
1377	1267
1267	1390
1390	1267
1267	1391
1391	1267
1267	1399
1267	1402
1402	1267
1267	1431
1431	1267
1267	1447
1447	1267
1267	1467
1467	1267
1267	1483
1267	1491
1491	1267
1267	1509
1509	1267
1267	1516
1516	1267
1267	1520
1520	1267
1267	1522
1522	1267
1267	1530
1267	1557
1557	1267
1267	1559
1559	1267
1267	1570
1267	1584
1584	1267
1267	1589
1589	1267
1267	1590
1267	1597
1597	1267
1267	1603
1603	1267
1267	1608
1608	1267
1267	1612
1612	1267
1267	1613
1613	1267
1267	1617
1617	1267
1267	1621
1621	1267
1267	1622
1622	1267
1267	1623
1623	1267
1267	1643
1643	1267
1267	1644
1644	1267
1267	1662
1267	1663
1663	1267
1267	1668
1668	1267
1267	1689
1689	1267
1267	1707
1267	1712
1267	1714
1714	1267
1267	1717
1717	1267
1267	1723
1723	1267
1267	1730
1730	1267
1267	1735
1735	1267
1267	1736
1736	1267
1267	1746
1746	1267
1267	1750
1750	1267
1267	1752
1752	1267
1267	1753
1753	1267
1267	1761
1761	1267
1267	1768
1267	1791
1791	1267
1267	1793
1793	1267
1267	1795
1795	1267
1267	1796
1796	1267
1267	1799
1799	1267
1267	1800
1800	1267
1267	1804
1267	1823
1823	1267
1267	1827
1827	1267
1267	1833
1833	1267
1267	1835
1835	1267
1267	1839
1267	1849
1267	1867
1867	1267
1267	1868
1267	1886
1886	1267
1267	1888
1888	1267
1267	1891
1891	1267
1269	1291
1291	1269
1269	1302
1269	1305
1305	1269
1269	1312
1312	1269
1269	1329
1329	1269
1269	1331
1269	1334
1334	1269
1269	1352
1352	1269
1269	1367
1367	1269
1269	1376
1376	1269
1269	1377
1377	1269
1269	1388
1269	1391
1391	1269
1269	1399
1269	1409
1269	1420
1420	1269
1269	1431
1431	1269
1269	1439
1269	1456
1269	1460
1460	1269
1269	1467
1467	1269
1269	1471
1471	1269
1269	1480
1480	1269
1269	1484
1484	1269
1269	1491
1491	1269
1269	1509
1509	1269
1269	1513
1513	1269
1269	1516
1516	1269
1269	1522
1522	1269
1269	1528
1528	1269
1269	1538
1269	1547
1547	1269
1269	1554
1554	1269
1269	1557
1557	1269
1269	1559
1559	1269
1269	1570
1269	1580
1580	1269
1269	1584
1584	1269
1269	1589
1589	1269
1269	1600
1600	1269
1269	1603
1603	1269
1269	1608
1608	1269
1269	1609
1269	1610
1610	1269
1269	1612
1612	1269
1269	1613
1613	1269
1269	1617
1617	1269
1269	1621
1621	1269
1269	1622
1622	1269
1269	1623
1623	1269
1269	1637
1637	1269
1269	1643
1643	1269
1269	1663
1663	1269
1269	1668
1668	1269
1269	1669
1669	1269
1269	1675
1675	1269
1269	1685
1269	1688
1688	1269
1269	1714
1714	1269
1269	1721
1721	1269
1269	1730
1730	1269
1269	1735
1735	1269
1269	1736
1736	1269
1269	1746
1746	1269
1269	1750
1750	1269
1269	1753
1753	1269
1269	1754
1269	1757
1757	1269
1269	1761
1761	1269
1269	1768
1269	1782
1269	1799
1799	1269
1269	1800
1800	1269
1269	1804
1269	1810
1269	1816
1816	1269
1269	1819
1819	1269
1269	1823
1823	1269
1269	1827
1827	1269
1269	1833
1833	1269
1269	1835
1835	1269
1269	1845
1845	1269
1269	1864
1269	1879
1269	1886
1886	1269
1269	1888
1888	1269
1269	1891
1891	1269
1271	1280
1271	1285
1271	1288
1288	1271
1271	1291
1291	1271
1271	1302
1271	1330
1330	1271
1271	1331
1271	1336
1271	1352
1352	1271
1271	1370
1271	1380
1380	1271
1271	1390
1390	1271
1271	1391
1391	1271
1271	1399
1271	1402
1402	1271
1271	1431
1431	1271
1271	1447
1447	1271
1271	1449
1449	1271
1271	1456
1271	1457
1271	1471
1471	1271
1271	1480
1480	1271
1271	1483
1271	1488
1271	1559
1559	1271
1271	1584
1584	1271
1271	1598
1271	1604
1271	1605
1271	1610
1610	1271
1271	1612
1612	1271
1271	1613
1613	1271
1271	1619
1619	1271
1271	1663
1663	1271
1271	1665
1271	1668
1668	1271
1271	1707
1271	1712
1271	1714
1714	1271
1271	1717
1717	1271
1271	1722
1722	1271
1271	1741
1271	1746
1746	1271
1271	1757
1757	1271
1271	1768
1271	1793
1793	1271
1271	1800
1800	1271
1271	1804
1271	1809
1809	1271
1271	1816
1816	1271
1271	1826
1271	1832
1271	1833
1833	1271
1271	1849
1271	1868
1271	1879
1271	1888
1888	1271
1271	1898
1271	1902
1902	1271
1272	1305
1305	1272
1272	1312
1312	1272
1272	1327
1327	1272
1272	1329
1329	1272
1272	1352
1352	1272
1272	1367
1367	1272
1272	1369
1369	1272
1272	1376
1376	1272
1272	1391
1391	1272
1272	1402
1402	1272
1272	1405
1405	1272
1272	1420
1420	1272
1272	1431
1431	1272
1272	1449
1449	1272
1272	1460
1460	1272
1272	1467
1467	1272
1272	1485
1485	1272
1272	1488
1272	1491
1491	1272
1272	1509
1509	1272
1272	1513
1513	1272
1272	1516
1516	1272
1272	1520
1520	1272
1272	1551
1551	1272
1272	1554
1554	1272
1272	1559
1559	1272
1272	1563
1563	1272
1272	1584
1584	1272
1272	1585
1585	1272
1272	1589
1589	1272
1272	1590
1272	1603
1603	1272
1272	1610
1610	1272
1272	1612
1612	1272
1272	1613
1613	1272
1272	1622
1622	1272
1272	1639
1639	1272
1272	1644
1644	1272
1272	1662
1272	1669
1669	1272
1272	1685
1272	1714
1714	1272
1272	1723
1723	1272
1272	1730
1730	1272
1272	1735
1735	1272
1272	1753
1753	1272
1272	1761
1761	1272
1272	1765
1765	1272
1272	1793
1793	1272
1272	1799
1799	1272
1272	1800
1800	1272
1272	1804
1272	1813
1813	1272
1272	1823
1823	1272
1272	1833
1833	1272
1272	1835
1835	1272
1272	1836
1836	1272
1272	1839
1272	1846
1846	1272
1272	1886
1886	1272
1272	1888
1888	1272
1272	1891
1891	1272
1515	1273
1848	1273
1445	1274
1553	1274
1588	1274
1593	1274
1698	1274
1708	1274
1418	1275
1828	1275
1791	1276
1379	1277
1381	1277
1413	1277
1423	1277
1448	1277
1515	1277
1591	1277
1635	1277
1636	1277
1691	1277
1848	1277
1859	1277
1872	1277
1875	1277
1899	1277
1278	1344
1344	1278
1278	1367
1367	1278
1278	1375
1375	1278
1278	1416
1416	1278
1278	1471
1471	1278
1278	1523
1523	1278
1278	1524
1524	1278
1278	1572
1572	1278
1278	1688
1688	1278
1278	1724
1724	1278
1278	1730
1730	1278
1278	1746
1746	1278
1278	1750
1750	1278
1278	1757
1757	1278
1278	1771
1278	1800
1800	1278
1278	1810
1278	1827
1827	1278
1278	1867
1867	1278
1379	1279
1448	1279
1636	1279
1691	1279
1899	1279
1330	1280
1352	1280
1391	1280
1402	1280
1431	1280
1447	1280
1470	1280
1509	1280
1535	1280
1551	1280
1608	1280
1637	1280
1663	1280
1722	1280
1723	1280
1736	1280
1791	1280
1793	1280
1809	1280
1813	1280
1835	1280
1842	1280
1861	1280
1902	1280
1515	1281
1828	1281
1381	1282
1515	1282
1591	1282
1828	1282
1283	1301
1301	1283
1283	1321
1321	1283
1283	1327
1327	1283
1283	1369
1369	1283
1283	1384
1384	1283
1283	1411
1411	1283
1283	1421
1283	1477
1477	1283
1283	1505
1283	1520
1520	1283
1283	1523
1523	1283
1283	1540
1540	1283
1283	1554
1554	1283
1283	1626
1626	1283
1283	1641
1641	1283
1283	1683
1683	1283
1283	1803
1803	1283
1283	1817
1817	1283
1283	1827
1827	1283
1283	1852
1852	1283
1283	1858
1283	1863
1863	1283
1283	1891
1891	1283
1283	1911
1413	1284
1423	1284
1591	1284
1636	1284
1691	1284
1859	1284
1899	1284
1288	1285
1380	1285
1391	1285
1431	1285
1447	1285
1471	1285
1547	1285
1610	1285
1619	1285
1668	1285
1736	1285
1793	1285
1809	1285
1888	1285
1900	1285
1591	1286
1293	1287
1329	1287
1352	1287
1367	1287
1375	1287
1390	1287
1471	1287
1516	1287
1547	1287
1554	1287
1557	1287
1559	1287
1584	1287
1589	1287
1610	1287
1612	1287
1617	1287
1621	1287
1623	1287
1663	1287
1714	1287
1730	1287
1735	1287
1746	1287
1757	1287
1795	1287
1799	1287
1800	1287
1816	1287
1823	1287
1827	1287
1833	1287
1845	1287
1867	1287
1886	1287
1888	1287
1288	1289
1288	1330
1330	1288
1288	1331
1288	1335
1288	1336
1288	1352
1352	1288
1288	1359
1288	1370
1288	1380
1380	1288
1288	1388
1288	1390
1390	1288
1288	1391
1391	1288
1288	1399
1288	1402
1402	1288
1288	1431
1431	1288
1288	1447
1447	1288
1288	1456
1288	1457
1288	1470
1470	1288
1288	1471
1471	1288
1288	1488
1288	1491
1491	1288
1288	1542
1288	1547
1547	1288
1288	1598
1288	1605
1288	1610
1610	1288
1288	1619
1619	1288
1288	1621
1621	1288
1288	1622
1622	1288
1288	1663
1663	1288
1288	1665
1288	1668
1668	1288
1288	1707
1288	1712
1288	1714
1714	1288
1288	1717
1717	1288
1288	1736
1736	1288
1288	1741
1288	1746
1746	1288
1288	1757
1757	1288
1288	1800
1800	1288
1288	1804
1288	1809
1809	1288
1288	1810
1288	1816
1816	1288
1288	1826
1288	1832
1288	1833
1833	1288
1288	1839
1288	1842
1842	1288
1288	1849
1288	1868
1288	1879
1288	1888
1888	1288
1288	1898
1288	1900
1900	1288
1291	1289
1352	1289
1367	1289
1390	1289
1431	1289
1471	1289
1491	1289
1547	1289
1551	1289
1584	1289
1589	1289
1603	1289
1612	1289
1613	1289
1617	1289
1619	1289
1622	1289
1643	1289
1663	1289
1668	1289
1714	1289
1730	1289
1736	1289
1750	1289
1791	1289
1795	1289
1809	1289
1823	1289
1827	1289
1833	1289
1842	1289
1886	1289
1888	1289
1290	1312
1312	1290
1290	1329
1329	1290
1290	1335
1290	1339
1339	1290
1290	1352
1352	1290
1290	1365
1365	1290
1290	1377
1377	1290
1290	1390
1390	1290
1290	1393
1290	1407
1290	1416
1416	1290
1290	1420
1420	1290
1290	1460
1460	1290
1290	1520
1520	1290
1290	1522
1522	1290
1290	1523
1523	1290
1290	1524
1524	1290
1290	1528
1528	1290
1290	1554
1554	1290
1290	1557
1557	1290
1290	1559
1559	1290
1290	1563
1563	1290
1290	1570
1290	1589
1589	1290
1290	1590
1290	1597
1597	1290
1290	1600
1600	1290
1290	1609
1290	1612
1612	1290
1290	1613
1613	1290
1290	1614
1614	1290
1290	1619
1619	1290
1290	1620
1620	1290
1290	1622
1622	1290
1290	1632
1290	1659
1659	1290
1290	1663
1663	1290
1290	1669
1669	1290
1290	1683
1683	1290
1290	1688
1688	1290
1290	1689
1689	1290
1290	1700
1700	1290
1290	1721
1721	1290
1290	1730
1730	1290
1290	1746
1746	1290
1290	1750
1750	1290
1290	1752
1752	1290
1290	1753
1753	1290
1290	1754
1290	1768
1290	1791
1791	1290
1290	1793
1793	1290
1290	1796
1796	1290
1290	1800
1800	1290
1290	1827
1827	1290
1290	1833
1833	1290
1290	1835
1835	1290
1290	1845
1845	1290
1290	1864
1290	1867
1867	1290
1290	1891
1891	1290
1291	1302
1291	1329
1329	1291
1291	1334
1334	1291
1291	1335
1291	1341
1291	1352
1352	1291
1291	1370
1291	1376
1376	1291
1291	1377
1377	1291
1291	1390
1390	1291
1291	1391
1391	1291
1291	1398
1398	1291
1291	1399
1291	1401
1291	1416
1416	1291
1291	1420
1420	1291
1291	1431
1431	1291
1291	1437
1291	1467
1467	1291
1291	1471
1471	1291
1291	1488
1291	1491
1491	1291
1291	1516
1516	1291
1291	1530
1291	1547
1547	1291
1291	1551
1551	1291
1291	1559
1559	1291
1291	1570
1291	1584
1584	1291
1291	1589
1589	1291
1291	1590
1291	1597
1597	1291
1291	1598
1291	1603
1603	1291
1291	1608
1608	1291
1291	1613
1613	1291
1291	1619
1619	1291
1291	1621
1621	1291
1291	1622
1622	1291
1291	1637
1637	1291
1291	1643
1643	1291
1291	1663
1663	1291
1291	1668
1668	1291
1291	1675
1675	1291
1291	1707
1291	1712
1291	1714
1714	1291
1291	1730
1730	1291
1291	1736
1736	1291
1291	1741
1291	1746
1746	1291
1291	1750
1750	1291
1291	1752
1752	1291
1291	1754
1291	1761
1761	1291
1291	1768
1291	1789
1789	1291
1291	1791
1791	1291
1291	1793
1793	1291
1291	1795
1795	1291
1291	1800
1800	1291
1291	1804
1291	1810
1291	1813
1813	1291
1291	1823
1823	1291
1291	1827
1827	1291
1291	1833
1833	1291
1291	1835
1835	1291
1291	1839
1291	1842
1842	1291
1291	1864
1291	1879
1291	1888
1888	1291
1379	1292
1591	1292
1636	1292
1682	1292
1691	1292
1899	1292
1293	1305
1305	1293
1293	1331
1293	1335
1293	1339
1339	1293
1293	1340
1293	1352
1352	1293
1293	1367
1367	1293
1293	1376
1376	1293
1293	1488
1293	1516
1516	1293
1293	1522
1522	1293
1293	1554
1554	1293
1293	1557
1557	1293
1293	1589
1589	1293
1293	1605
1293	1608
1608	1293
1293	1613
1613	1293
1293	1617
1617	1293
1293	1621
1621	1293
1293	1632
1293	1653
1653	1293
1293	1662
1293	1689
1689	1293
1293	1707
1293	1714
1714	1293
1293	1730
1730	1293
1293	1746
1746	1293
1293	1768
1293	1796
1796	1293
1293	1800
1800	1293
1293	1826
1293	1835
1835	1293
1293	1888
1888	1293
1418	1296
1379	1298
1381	1298
1413	1298
1423	1298
1448	1298
1591	1298
1635	1298
1636	1298
1691	1298
1859	1298
1899	1298
1727	1299
1301	1369
1369	1301
1301	1518
1305	1302
1329	1302
1352	1302
1367	1302
1376	1302
1377	1302
1390	1302
1391	1302
1431	1302
1449	1302
1467	1302
1471	1302
1491	1302
1516	1302
1517	1302
1557	1302
1584	1302
1589	1302
1603	1302
1610	1302
1612	1302
1613	1302
1617	1302
1619	1302
1621	1302
1622	1302
1659	1302
1663	1302
1668	1302
1669	1302
1714	1302
1735	1302
1736	1302
1746	1302
1750	1302
1752	1302
1757	1302
1761	1302
1791	1302
1799	1302
1800	1302
1816	1302
1823	1302
1827	1302
1833	1302
1835	1302
1886	1302
1888	1302
1900	1302
1828	1303
1305	1312
1312	1305
1305	1341
1305	1352
1352	1305
1305	1367
1367	1305
1305	1376
1376	1305
1305	1390
1390	1305
1305	1391
1391	1305
1305	1398
1398	1305
1305	1402
1402	1305
1305	1409
1305	1420
1420	1305
1305	1431
1431	1305
1305	1440
1305	1449
1449	1305
1305	1467
1467	1305
1305	1471
1471	1305
1305	1480
1480	1305
1305	1485
1485	1305
1305	1488
1305	1509
1509	1305
1305	1513
1513	1305
1305	1516
1516	1305
1305	1524
1524	1305
1305	1538
1305	1559
1559	1305
1305	1563
1563	1305
1305	1570
1305	1584
1584	1305
1305	1589
1589	1305
1305	1590
1305	1603
1603	1305
1305	1610
1610	1305
1305	1612
1612	1305
1305	1613
1613	1305
1305	1614
1614	1305
1305	1617
1617	1305
1305	1621
1621	1305
1305	1622
1622	1305
1305	1637
1637	1305
1305	1656
1305	1663
1663	1305
1305	1668
1668	1305
1305	1683
1683	1305
1305	1714
1714	1305
1305	1730
1730	1305
1305	1735
1735	1305
1305	1746
1746	1305
1305	1757
1757	1305
1305	1761
1761	1305
1305	1768
1305	1769
1769	1305
1305	1774
1774	1305
1305	1782
1305	1799
1799	1305
1305	1800
1800	1305
1305	1804
1305	1805
1805	1305
1305	1813
1813	1305
1305	1823
1823	1305
1305	1833
1833	1305
1305	1835
1835	1305
1305	1836
1836	1305
1305	1846
1846	1305
1305	1852
1852	1305
1305	1860
1305	1863
1863	1305
1305	1877
1877	1305
1305	1886
1886	1305
1305	1888
1888	1305
1360	1307
1494	1307
1553	1307
1588	1307
1593	1307
1698	1307
1708	1307
1515	1309
1848	1309
1312	1329
1329	1312
1312	1352
1352	1312
1312	1361
1361	1312
1312	1367
1367	1312
1312	1369
1369	1312
1312	1376
1376	1312
1312	1391
1391	1312
1312	1398
1398	1312
1312	1405
1405	1312
1312	1420
1420	1312
1312	1431
1431	1312
1312	1467
1467	1312
1312	1485
1485	1312
1312	1513
1513	1312
1312	1520
1520	1312
1312	1522
1522	1312
1312	1544
1544	1312
1312	1557
1557	1312
1312	1563
1563	1312
1312	1570
1312	1584
1584	1312
1312	1589
1589	1312
1312	1590
1312	1603
1603	1312
1312	1612
1612	1312
1312	1613
1613	1312
1312	1614
1614	1312
1312	1617
1617	1312
1312	1621
1621	1312
1312	1622
1622	1312
1312	1637
1637	1312
1312	1663
1663	1312
1312	1675
1675	1312
1312	1685
1312	1714
1714	1312
1312	1717
1717	1312
1312	1718
1718	1312
1312	1730
1730	1312
1312	1734
1312	1736
1736	1312
1312	1750
1750	1312
1312	1765
1765	1312
1312	1768
1312	1793
1793	1312
1312	1795
1795	1312
1312	1819
1819	1312
1312	1827
1827	1312
1312	1833
1833	1312
1312	1835
1835	1312
1312	1846
1846	1312
1312	1864
1312	1879
1312	1883
1883	1312
1312	1888
1888	1312
1413	1315
1423	1315
1636	1315
1682	1315
1875	1315
1899	1315
1423	1316
1828	1316
1317	1369
1369	1317
1317	1505
1317	1534
1317	1561
1561	1317
1317	1564
1564	1317
1317	1567
1317	1641
1641	1317
1317	1656
1317	1701
1701	1317
1317	1803
1803	1317
1317	1838
1838	1317
1321	1327
1327	1321
1321	1337
1321	1361
1361	1321
1321	1509
1509	1321
1321	1521
1521	1321
1321	1561
1561	1321
1321	1626
1626	1321
1321	1702
1702	1321
1321	1774
1774	1321
1321	1780
1321	1813
1813	1321
1321	1858
1321	1863
1863	1321
1321	1865
1865	1321
1321	1909
1321	1911
1379	1322
1381	1322
1413	1322
1423	1322
1448	1322
1591	1322
1635	1322
1636	1322
1682	1322
1691	1322
1859	1322
1872	1322
1899	1322
1330	1323
1352	1323
1361	1323
1377	1323
1447	1323
1460	1323
1470	1323
1509	1323
1520	1323
1535	1323
1551	1323
1554	1323
1559	1323
1563	1323
1610	1323
1617	1323
1621	1323
1637	1323
1643	1323
1663	1323
1669	1323
1675	1323
1730	1323
1753	1323
1791	1323
1799	1323
1811	1323
1813	1323
1835	1323
1842	1323
1888	1323
1891	1323
1902	1323
1515	1324
1875	1324
1360	1325
1708	1325
1327	1337
1327	1352
1352	1327
1327	1361
1361	1327
1327	1369
1369	1327
1327	1384
1384	1327
1327	1390
1390	1327
1327	1435
1435	1327
1327	1518
1327	1520
1520	1327
1327	1523
1523	1327
1327	1540
1540	1327
1327	1561
1561	1327
1327	1563
1563	1327
1327	1597
1597	1327
1327	1600
1600	1327
1327	1618
1327	1626
1626	1327
1327	1656
1327	1663
1663	1327
1327	1683
1683	1327
1327	1689
1689	1327
1327	1702
1702	1327
1327	1718
1718	1327
1327	1769
1769	1327
1327	1774
1774	1327
1327	1800
1800	1327
1327	1813
1813	1327
1327	1819
1819	1327
1327	1836
1836	1327
1327	1852
1852	1327
1327	1858
1327	1909
1327	1911
1328	1410
1328	1421
1328	1494
1494	1328
1328	1511
1328	1593
1593	1328
1328	1676
1328	1687
1328	1705
1328	1803
1803	1328
1328	1825
1329	1331
1329	1334
1334	1329
1329	1352
1352	1329
1329	1376
1376	1329
1329	1377
1377	1329
1329	1388
1329	1389
1329	1391
1391	1329
1329	1393
1329	1405
1405	1329
1329	1407
1329	1409
1329	1420
1420	1329
1329	1431
1431	1329
1329	1460
1460	1329
1329	1467
1467	1329
1329	1471
1471	1329
1329	1509
1509	1329
1329	1513
1513	1329
1329	1516
1516	1329
1329	1519
1519	1329
1329	1522
1522	1329
1329	1528
1528	1329
1329	1539
1539	1329
1329	1551
1551	1329
1329	1554
1554	1329
1329	1557
1557	1329
1329	1559
1559	1329
1329	1563
1563	1329
1329	1570
1329	1584
1584	1329
1329	1589
1589	1329
1329	1590
1329	1600
1600	1329
1329	1603
1603	1329
1329	1608
1608	1329
1329	1609
1329	1612
1612	1329
1329	1613
1613	1329
1329	1617
1617	1329
1329	1620
1620	1329
1329	1621
1621	1329
1329	1637
1637	1329
1329	1639
1639	1329
1329	1643
1643	1329
1329	1662
1329	1663
1663	1329
1329	1669
1669	1329
1329	1675
1675	1329
1329	1683
1683	1329
1329	1685
1329	1688
1688	1329
1329	1714
1714	1329
1329	1723
1723	1329
1329	1730
1730	1329
1329	1734
1329	1735
1735	1329
1329	1746
1746	1329
1329	1750
1750	1329
1329	1753
1753	1329
1329	1754
1329	1757
1757	1329
1329	1761
1761	1329
1329	1765
1765	1329
1329	1768
1329	1774
1774	1329
1329	1791
1791	1329
1329	1799
1799	1329
1329	1800
1800	1329
1329	1804
1329	1813
1813	1329
1329	1819
1819	1329
1329	1823
1823	1329
1329	1827
1827	1329
1329	1833
1833	1329
1329	1835
1835	1329
1329	1842
1842	1329
1329	1843
1843	1329
1329	1845
1845	1329
1329	1851
1851	1329
1329	1861
1861	1329
1329	1864
1329	1868
1329	1888
1888	1329
1329	1902
1902	1329
1330	1331
1330	1335
1330	1352
1352	1330
1330	1359
1330	1361
1361	1330
1330	1370
1330	1377
1377	1330
1330	1388
1330	1389
1330	1390
1390	1330
1330	1391
1391	1330
1330	1399
1330	1401
1330	1420
1420	1330
1330	1431
1431	1330
1330	1447
1447	1330
1330	1453
1330	1456
1330	1471
1471	1330
1330	1483
1330	1488
1330	1520
1520	1330
1330	1535
1535	1330
1330	1551
1551	1330
1330	1554
1554	1330
1330	1559
1559	1330
1330	1570
1330	1571
1330	1580
1580	1330
1330	1584
1584	1330
1330	1589
1589	1330
1330	1598
1330	1603
1603	1330
1330	1604
1330	1605
1330	1608
1608	1330
1330	1609
1330	1610
1610	1330
1330	1613
1613	1330
1330	1619
1619	1330
1330	1621
1621	1330
1330	1622
1622	1330
1330	1623
1623	1330
1330	1663
1663	1330
1330	1665
1330	1669
1669	1330
1330	1675
1675	1330
1330	1685
1330	1707
1330	1714
1714	1330
1330	1722
1722	1330
1330	1730
1730	1330
1330	1736
1736	1330
1330	1746
1746	1330
1330	1768
1330	1772
1330	1791
1791	1330
1330	1795
1795	1330
1330	1800
1800	1330
1330	1804
1330	1809
1809	1330
1330	1811
1811	1330
1330	1816
1816	1330
1330	1821
1330	1823
1823	1330
1330	1826
1330	1833
1833	1330
1330	1835
1835	1330
1330	1839
1330	1842
1842	1330
1330	1861
1861	1330
1330	1868
1330	1879
1330	1888
1888	1330
1330	1898
1330	1900
1900	1330
1339	1331
1352	1331
1361	1331
1367	1331
1376	1331
1377	1331
1380	1331
1390	1331
1402	1331
1420	1331
1431	1331
1447	1331
1470	1331
1471	1331
1484	1331
1509	1331
1516	1331
1522	1331
1539	1331
1547	1331
1551	1331
1559	1331
1584	1331
1589	1331
1603	1331
1608	1331
1610	1331
1612	1331
1613	1331
1617	1331
1619	1331
1620	1331
1622	1331
1623	1331
1652	1331
1663	1331
1714	1331
1721	1331
1722	1331
1730	1331
1736	1331
1746	1331
1789	1331
1793	1331
1800	1331
1809	1331
1816	1331
1823	1331
1827	1331
1835	1331
1843	1331
1845	1331
1861	1331
1867	1331
1888	1331
1902	1331
1334	1341
1334	1343
1334	1352
1352	1334
1334	1361
1361	1334
1334	1376
1376	1334
1334	1377
1377	1334
1334	1389
1334	1391
1391	1334
1334	1393
1334	1409
1334	1420
1420	1334
1334	1431
1431	1334
1334	1435
1435	1334
1334	1467
1467	1334
1334	1471
1471	1334
1334	1473
1334	1492
1334	1509
1509	1334
1334	1516
1516	1334
1334	1520
1520	1334
1334	1525
1334	1535
1535	1334
1334	1540
1540	1334
1334	1551
1551	1334
1334	1554
1554	1334
1334	1559
1559	1334
1334	1563
1563	1334
1334	1569
1334	1570
1334	1584
1584	1334
1334	1589
1589	1334
1334	1603
1603	1334
1334	1608
1608	1334
1334	1612
1612	1334
1334	1613
1613	1334
1334	1620
1620	1334
1334	1621
1621	1334
1334	1630
1334	1637
1637	1334
1334	1658
1334	1663
1663	1334
1334	1669
1669	1334
1334	1675
1675	1334
1334	1685
1334	1718
1718	1334
1334	1730
1730	1334
1334	1734
1334	1735
1735	1334
1334	1753
1753	1334
1334	1761
1761	1334
1334	1765
1765	1334
1334	1768
1334	1782
1334	1793
1793	1334
1334	1794
1334	1807
1334	1813
1813	1334
1334	1818
1334	1823
1823	1334
1334	1827
1827	1334
1334	1833
1833	1334
1334	1835
1835	1334
1334	1844
1334	1888
1888	1334
1334	1891
1891	1334
1334	1897
1339	1335
1351	1335
1352	1335
1365	1335
1367	1335
1369	1335
1376	1335
1377	1335
1390	1335
1391	1335
1431	1335
1447	1335
1471	1335
1491	1335
1516	1335
1522	1335
1547	1335
1551	1335
1554	1335
1557	1335
1559	1335
1580	1335
1584	1335
1589	1335
1594	1335
1597	1335
1603	1335
1608	1335
1610	1335
1612	1335
1613	1335
1619	1335
1621	1335
1622	1335
1623	1335
1663	1335
1668	1335
1714	1335
1721	1335
1730	1335
1736	1335
1737	1335
1746	1335
1757	1335
1789	1335
1793	1335
1796	1335
1799	1335
1800	1335
1811	1335
1813	1335
1816	1335
1823	1335
1827	1335
1833	1335
1842	1335
1888	1335
1902	1335
1380	1336
1391	1336
1447	1336
1449	1336
1491	1336
1516	1336
1547	1336
1580	1336
1610	1336
1619	1336
1622	1336
1663	1336
1668	1336
1714	1336
1809	1336
1833	1336
1888	1336
1352	1337
1360	1337
1369	1337
1384	1337
1441	1337
1480	1337
1537	1337
1561	1337
1585	1337
1593	1337
1626	1337
1697	1337
1702	1337
1805	1337
1813	1337
1863	1337
1865	1337
1435	1338
1828	1338
1339	1340
1339	1344
1344	1339
1339	1352
1352	1339
1339	1367
1367	1339
1339	1375
1375	1339
1339	1390
1390	1339
1339	1391
1391	1339
1339	1399
1339	1416
1416	1339
1339	1424
1339	1431
1431	1339
1339	1467
1467	1339
1339	1471
1471	1339
1339	1491
1491	1339
1339	1530
1339	1532
1532	1339
1339	1538
1339	1540
1540	1339
1339	1557
1557	1339
1339	1563
1563	1339
1339	1572
1572	1339
1339	1584
1584	1339
1339	1589
1589	1339
1339	1598
1339	1600
1600	1339
1339	1608
1608	1339
1339	1610
1610	1339
1339	1612
1612	1339
1339	1613
1613	1339
1339	1621
1621	1339
1339	1622
1622	1339
1339	1623
1623	1339
1339	1632
1339	1643
1643	1339
1339	1644
1644	1339
1339	1652
1652	1339
1339	1653
1653	1339
1339	1659
1659	1339
1339	1663
1663	1339
1339	1683
1683	1339
1339	1688
1688	1339
1339	1689
1689	1339
1339	1707
1339	1712
1339	1714
1714	1339
1339	1724
1724	1339
1339	1735
1735	1339
1339	1736
1736	1339
1339	1737
1737	1339
1339	1746
1746	1339
1339	1750
1750	1339
1339	1752
1752	1339
1339	1757
1757	1339
1339	1768
1339	1771
1339	1789
1789	1339
1339	1795
1795	1339
1339	1796
1796	1339
1339	1799
1799	1339
1339	1800
1800	1339
1339	1804
1339	1810
1339	1816
1816	1339
1339	1819
1819	1339
1339	1826
1339	1827
1827	1339
1339	1833
1833	1339
1339	1839
1339	1867
1867	1339
1339	1879
1339	1886
1886	1339
1339	1888
1888	1339
1344	1340
1375	1340
1376	1340
1390	1340
1416	1340
1491	1340
1516	1340
1532	1340
1539	1340
1547	1340
1557	1340
1572	1340
1597	1340
1600	1340
1610	1340
1612	1340
1613	1340
1620	1340
1622	1340
1623	1340
1644	1340
1652	1340
1653	1340
1683	1340
1688	1340
1714	1340
1717	1340
1721	1340
1746	1340
1750	1340
1789	1340
1799	1340
1800	1340
1819	1340
1827	1340
1833	1340
1867	1340
1877	1340
1886	1340
1888	1340
1351	1341
1352	1341
1361	1341
1367	1341
1376	1341
1377	1341
1380	1341
1390	1341
1391	1341
1416	1341
1420	1341
1431	1341
1449	1341
1467	1341
1471	1341
1491	1341
1516	1341
1547	1341
1551	1341
1559	1341
1563	1341
1584	1341
1589	1341
1603	1341
1608	1341
1610	1341
1612	1341
1619	1341
1621	1341
1663	1341
1668	1341
1683	1341
1702	1341
1714	1341
1721	1341
1730	1341
1735	1341
1736	1341
1746	1341
1750	1341
1761	1341
1789	1341
1799	1341
1800	1341
1816	1341
1823	1341
1827	1341
1833	1341
1835	1341
1842	1341
1845	1341
1886	1341
1888	1341
1637	1342
1700	1342
1435	1343
1436	1343
1540	1343
1584	1343
1344	1352
1352	1344
1344	1367
1367	1344
1344	1375
1375	1344
1344	1376
1376	1344
1344	1390
1390	1344
1344	1399
1344	1416
1416	1344
1344	1431
1431	1344
1344	1491
1491	1344
1344	1524
1524	1344
1344	1532
1532	1344
1344	1538
1344	1554
1554	1344
1344	1557
1557	1344
1344	1570
1344	1572
1572	1344
1344	1589
1589	1344
1344	1597
1597	1344
1344	1600
1600	1344
1344	1610
1610	1344
1344	1612
1612	1344
1344	1620
1620	1344
1344	1622
1622	1344
1344	1623
1623	1344
1344	1644
1644	1344
1344	1652
1652	1344
1344	1653
1653	1344
1344	1659
1659	1344
1344	1663
1663	1344
1344	1669
1669	1344
1344	1683
1683	1344
1344	1685
1344	1688
1688	1344
1344	1689
1689	1344
1344	1710
1710	1344
1344	1714
1714	1344
1344	1717
1717	1344
1344	1721
1721	1344
1344	1724
1724	1344
1344	1730
1730	1344
1344	1735
1735	1344
1344	1737
1737	1344
1344	1746
1746	1344
1344	1750
1750	1344
1344	1752
1752	1344
1344	1757
1757	1344
1344	1771
1344	1789
1789	1344
1344	1795
1795	1344
1344	1796
1796	1344
1344	1799
1799	1344
1344	1800
1800	1344
1344	1804
1344	1810
1344	1816
1816	1344
1344	1827
1827	1344
1344	1835
1835	1344
1344	1861
1861	1344
1344	1867
1867	1344
1344	1888
1888	1344
1379	1345
1381	1345
1413	1345
1448	1345
1515	1345
1591	1345
1635	1345
1636	1345
1691	1345
1859	1345
1872	1345
1875	1345
1899	1345
1537	1346
1379	1347
1413	1347
1448	1347
1591	1347
1636	1347
1682	1347
1691	1347
1727	1347
1828	1347
1859	1347
1872	1347
1899	1347
1413	1350
1435	1350
1635	1350
1859	1350
1351	1352
1352	1351
1351	1361
1361	1351
1351	1367
1367	1351
1351	1391
1391	1351
1351	1399
1351	1431
1431	1351
1351	1437
1351	1516
1516	1351
1351	1522
1522	1351
1351	1547
1547	1351
1351	1551
1551	1351
1351	1554
1554	1351
1351	1610
1610	1351
1351	1612
1612	1351
1351	1617
1617	1351
1351	1619
1619	1351
1351	1621
1621	1351
1351	1662
1351	1668
1668	1351
1351	1702
1702	1351
1351	1707
1351	1712
1351	1730
1730	1351
1351	1736
1736	1351
1351	1757
1757	1351
1351	1793
1793	1351
1351	1799
1799	1351
1351	1800
1800	1351
1351	1804
1351	1809
1809	1351
1351	1821
1351	1827
1827	1351
1351	1833
1833	1351
1351	1839
1351	1845
1845	1351
1351	1849
1351	1864
1351	1879
1351	1888
1888	1351
1351	1902
1902	1351
1352	1361
1361	1352
1352	1367
1367	1352
1352	1369
1369	1352
1352	1375
1375	1352
1352	1376
1376	1352
1352	1377
1377	1352
1352	1380
1380	1352
1352	1390
1390	1352
1352	1391
1391	1352
1352	1399
1352	1416
1416	1352
1352	1420
1420	1352
1352	1431
1431	1352
1352	1437
1352	1439
1352	1447
1447	1352
1352	1449
1449	1352
1352	1456
1352	1467
1467	1352
1352	1471
1471	1352
1352	1484
1484	1352
1352	1485
1485	1352
1352	1488
1352	1491
1491	1352
1352	1509
1509	1352
1352	1516
1516	1352
1352	1520
1520	1352
1352	1522
1522	1352
1352	1523
1523	1352
1352	1528
1528	1352
1352	1530
1352	1535
1535	1352
1352	1539
1539	1352
1352	1540
1540	1352
1352	1542
1352	1547
1547	1352
1352	1551
1551	1352
1352	1554
1554	1352
1352	1557
1557	1352
1352	1559
1559	1352
1352	1563
1563	1352
1352	1570
1352	1572
1572	1352
1352	1580
1580	1352
1352	1584
1584	1352
1352	1589
1589	1352
1352	1590
1352	1597
1597	1352
1352	1598
1352	1600
1600	1352
1352	1603
1603	1352
1352	1604
1352	1605
1352	1608
1608	1352
1352	1609
1352	1610
1610	1352
1352	1612
1612	1352
1352	1613
1613	1352
1352	1614
1614	1352
1352	1617
1617	1352
1352	1619
1619	1352
1352	1620
1620	1352
1352	1621
1621	1352
1352	1622
1622	1352
1352	1623
1623	1352
1352	1637
1637	1352
1352	1639
1639	1352
1352	1643
1643	1352
1352	1644
1644	1352
1352	1659
1659	1352
1352	1662
1352	1663
1663	1352
1352	1665
1352	1668
1668	1352
1352	1669
1669	1352
1352	1675
1675	1352
1352	1683
1683	1352
1352	1685
1352	1688
1688	1352
1352	1689
1689	1352
1352	1707
1352	1712
1352	1714
1714	1352
1352	1717
1717	1352
1352	1718
1718	1352
1352	1721
1721	1352
1352	1724
1724	1352
1352	1730
1730	1352
1352	1734
1352	1735
1735	1352
1352	1736
1736	1352
1352	1737
1737	1352
1352	1741
1352	1746
1746	1352
1352	1750
1750	1352
1352	1752
1752	1352
1352	1753
1753	1352
1352	1757
1757	1352
1352	1761
1761	1352
1352	1765
1765	1352
1352	1768
1352	1772
1352	1780
1352	1782
1352	1791
1791	1352
1352	1793
1793	1352
1352	1795
1795	1352
1352	1799
1799	1352
1352	1800
1800	1352
1352	1804
1352	1809
1809	1352
1352	1810
1352	1811
1811	1352
1352	1813
1813	1352
1352	1816
1816	1352
1352	1819
1819	1352
1352	1823
1823	1352
1352	1826
1352	1827
1827	1352
1352	1833
1833	1352
1352	1835
1835	1352
1352	1839
1352	1842
1842	1352
1352	1845
1845	1352
1352	1846
1846	1352
1352	1849
1352	1860
1352	1861
1861	1352
1352	1867
1867	1352
1352	1868
1352	1879
1352	1886
1886	1352
1352	1888
1888	1352
1352	1891
1891	1352
1352	1898
1352	1902
1902	1352
1352	1911
1422	1357
1688	1357
1361	1359
1377	1359
1391	1359
1402	1359
1447	1359
1470	1359
1509	1359
1517	1359
1535	1359
1551	1359
1557	1359
1559	1359
1580	1359
1608	1359
1619	1359
1620	1359
1637	1359
1663	1359
1669	1359
1675	1359
1714	1359
1717	1359
1722	1359
1730	1359
1791	1359
1793	1359
1796	1359
1811	1359
1813	1359
1835	1359
1861	1359
1900	1359
1902	1359
1360	1410
1360	1433
1360	1494
1494	1360
1360	1511
1360	1553
1553	1360
1360	1555
1360	1561
1561	1360
1360	1567
1360	1579
1579	1360
1360	1588
1588	1360
1360	1593
1593	1360
1360	1615
1360	1678
1678	1360
1360	1687
1360	1698
1698	1360
1360	1705
1360	1708
1708	1360
1360	1719
1719	1360
1360	1726
1726	1360
1360	1803
1803	1360
1360	1806
1360	1847
1360	1866
1361	1376
1376	1361
1361	1377
1377	1361
1361	1388
1361	1390
1390	1361
1361	1391
1391	1361
1361	1398
1398	1361
1361	1399
1361	1402
1402	1361
1361	1409
1361	1420
1420	1361
1361	1431
1431	1361
1361	1440
1361	1447
1447	1361
1361	1456
1361	1458
1458	1361
1361	1465
1361	1470
1470	1361
1361	1488
1361	1509
1509	1361
1361	1516
1516	1361
1361	1520
1520	1361
1361	1540
1540	1361
1361	1542
1361	1547
1547	1361
1361	1551
1551	1361
1361	1554
1554	1361
1361	1557
1557	1361
1361	1559
1559	1361
1361	1563
1563	1361
1361	1570
1361	1577
1361	1584
1584	1361
1361	1589
1589	1361
1361	1603
1603	1361
1361	1604
1361	1605
1361	1610
1610	1361
1361	1612
1612	1361
1361	1614
1614	1361
1361	1619
1619	1361
1361	1621
1621	1361
1361	1626
1626	1361
1361	1637
1637	1361
1361	1644
1644	1361
1361	1662
1361	1663
1663	1361
1361	1668
1668	1361
1361	1669
1669	1361
1361	1674
1361	1702
1702	1361
1361	1707
1361	1714
1714	1361
1361	1717
1717	1361
1361	1718
1718	1361
1361	1722
1722	1361
1361	1723
1723	1361
1361	1730
1730	1361
1361	1736
1736	1361
1361	1741
1361	1753
1753	1361
1361	1768
1361	1791
1791	1361
1361	1793
1793	1361
1361	1796
1796	1361
1361	1800
1800	1361
1361	1805
1805	1361
1361	1811
1811	1361
1361	1813
1813	1361
1361	1833
1833	1361
1361	1835
1835	1361
1361	1839
1361	1842
1842	1361
1361	1843
1843	1361
1361	1849
1361	1858
1361	1863
1863	1361
1361	1867
1867	1361
1361	1868
1361	1879
1361	1888
1888	1361
1361	1891
1891	1361
1361	1898
1361	1902
1902	1361
1361	1909
1361	1911
1435	1364
1540	1364
1365	1420
1420	1365
1365	1431
1431	1365
1365	1491
1491	1365
1365	1530
1365	1538
1365	1557
1557	1365
1365	1559
1559	1365
1365	1584
1584	1365
1365	1589
1589	1365
1365	1612
1612	1365
1365	1617
1617	1365
1365	1623
1623	1365
1365	1643
1643	1365
1365	1663
1663	1365
1365	1669
1669	1365
1365	1689
1689	1365
1365	1714
1714	1365
1365	1737
1737	1365
1365	1752
1752	1365
1365	1799
1799	1365
1365	1810
1365	1823
1823	1365
1365	1842
1842	1365
1365	1886
1886	1365
1435	1366
1584	1366
1591	1366
1367	1375
1375	1367
1367	1376
1376	1367
1367	1377
1377	1367
1367	1380
1380	1367
1367	1390
1390	1367
1367	1391
1391	1367
1367	1399
1367	1416
1416	1367
1367	1420
1420	1367
1367	1431
1431	1367
1367	1449
1449	1367
1367	1471
1471	1367
1367	1488
1367	1491
1491	1367
1367	1509
1509	1367
1367	1516
1516	1367
1367	1520
1520	1367
1367	1522
1522	1367
1367	1524
1524	1367
1367	1530
1367	1539
1539	1367
1367	1547
1547	1367
1367	1551
1551	1367
1367	1554
1554	1367
1367	1557
1557	1367
1367	1572
1572	1367
1367	1584
1584	1367
1367	1589
1589	1367
1367	1597
1597	1367
1367	1600
1600	1367
1367	1603
1603	1367
1367	1605
1367	1610
1610	1367
1367	1612
1612	1367
1367	1613
1613	1367
1367	1617
1617	1367
1367	1618
1367	1620
1620	1367
1367	1621
1621	1367
1367	1622
1622	1367
1367	1623
1623	1367
1367	1632
1367	1644
1644	1367
1367	1652
1652	1367
1367	1653
1653	1367
1367	1659
1659	1367
1367	1663
1663	1367
1367	1665
1367	1668
1668	1367
1367	1669
1669	1367
1367	1683
1683	1367
1367	1685
1367	1688
1688	1367
1367	1689
1689	1367
1367	1707
1367	1714
1714	1367
1367	1717
1717	1367
1367	1721
1721	1367
1367	1724
1724	1367
1367	1730
1730	1367
1367	1735
1735	1367
1367	1737
1737	1367
1367	1741
1367	1746
1746	1367
1367	1750
1750	1367
1367	1752
1752	1367
1367	1757
1757	1367
1367	1782
1367	1789
1789	1367
1367	1791
1791	1367
1367	1793
1793	1367
1367	1796
1796	1367
1367	1799
1799	1367
1367	1800
1800	1367
1367	1804
1367	1809
1809	1367
1367	1810
1367	1813
1813	1367
1367	1816
1816	1367
1367	1819
1819	1367
1367	1823
1823	1367
1367	1826
1367	1827
1827	1367
1367	1833
1833	1367
1367	1835
1835	1367
1367	1839
1367	1849
1367	1851
1851	1367
1367	1867
1867	1367
1367	1877
1877	1367
1367	1879
1367	1886
1886	1367
1367	1888
1888	1367
1367	1909
1368	1788
1369	1405
1405	1369
1369	1420
1420	1369
1369	1460
1460	1369
1369	1461
1369	1471
1471	1369
1369	1505
1369	1509
1509	1369
1369	1522
1522	1369
1369	1523
1523	1369
1369	1559
1559	1369
1369	1561
1561	1369
1369	1563
1563	1369
1369	1589
1589	1369
1369	1590
1369	1608
1608	1369
1369	1617
1617	1369
1369	1644
1644	1369
1369	1656
1369	1663
1663	1369
1369	1718
1718	1369
1369	1726
1726	1369
1369	1757
1757	1369
1369	1769
1769	1369
1369	1779
1779	1369
1369	1780
1369	1835
1835	1369
1369	1836
1836	1369
1369	1846
1846	1369
1369	1851
1851	1369
1369	1852
1852	1369
1380	1370
1390	1370
1391	1370
1431	1370
1447	1370
1449	1370
1471	1370
1480	1370
1516	1370
1517	1370
1522	1370
1547	1370
1559	1370
1584	1370
1589	1370
1600	1370
1610	1370
1612	1370
1617	1370
1619	1370
1622	1370
1663	1370
1668	1370
1714	1370
1723	1370
1736	1370
1746	1370
1757	1370
1793	1370
1800	1370
1809	1370
1816	1370
1823	1370
1827	1370
1833	1370
1886	1370
1888	1370
1900	1370
1902	1370
1467	1371
1515	1373
1591	1373
1727	1373
1828	1373
1375	1390
1390	1375
1375	1416
1416	1375
1375	1524
1524	1375
1375	1532
1532	1375
1375	1538
1375	1557
1557	1375
1375	1572
1572	1375
1375	1584
1584	1375
1375	1589
1589	1375
1375	1597
1597	1375
1375	1612
1612	1375
1375	1613
1613	1375
1375	1617
1617	1375
1375	1620
1620	1375
1375	1621
1621	1375
1375	1623
1623	1375
1375	1644
1644	1375
1375	1659
1659	1375
1375	1669
1669	1375
1375	1688
1688	1375
1375	1714
1714	1375
1375	1717
1717	1375
1375	1721
1721	1375
1375	1724
1724	1375
1375	1730
1730	1375
1375	1735
1735	1375
1375	1737
1737	1375
1375	1746
1746	1375
1375	1750
1750	1375
1375	1752
1752	1375
1375	1771
1375	1789
1789	1375
1375	1795
1795	1375
1375	1796
1796	1375
1375	1799
1799	1375
1375	1800
1800	1375
1375	1810
1375	1827
1827	1375
1375	1833
1833	1375
1375	1867
1867	1375
1375	1886
1886	1375
1375	1888
1888	1375
1376	1377
1377	1376
1376	1390
1390	1376
1376	1391
1391	1376
1376	1393
1376	1399
1376	1405
1405	1376
1376	1416
1416	1376
1376	1420
1420	1376
1376	1431
1431	1376
1376	1447
1447	1376
1376	1460
1460	1376
1376	1467
1467	1376
1376	1471
1471	1376
1376	1485
1485	1376
1376	1491
1491	1376
1376	1509
1509	1376
1376	1513
1513	1376
1376	1516
1516	1376
1376	1520
1520	1376
1376	1522
1522	1376
1376	1523
1523	1376
1376	1528
1528	1376
1376	1539
1539	1376
1376	1547
1547	1376
1376	1551
1551	1376
1376	1554
1554	1376
1376	1557
1557	1376
1376	1559
1559	1376
1376	1563
1563	1376
1376	1570
1376	1584
1584	1376
1376	1589
1589	1376
1376	1590
1376	1597
1597	1376
1376	1600
1600	1376
1376	1603
1603	1376
1376	1608
1608	1376
1376	1609
1376	1610
1610	1376
1376	1612
1612	1376
1376	1613
1613	1376
1376	1617
1617	1376
1376	1621
1621	1376
1376	1622
1622	1376
1376	1623
1623	1376
1376	1632
1376	1637
1637	1376
1376	1639
1639	1376
1376	1643
1643	1376
1376	1653
1653	1376
1376	1659
1659	1376
1376	1662
1376	1663
1663	1376
1376	1669
1669	1376
1376	1675
1675	1376
1376	1683
1683	1376
1376	1685
1376	1689
1689	1376
1376	1707
1376	1714
1714	1376
1376	1717
1717	1376
1376	1718
1718	1376
1376	1721
1721	1376
1376	1724
1724	1376
1376	1730
1730	1376
1376	1735
1735	1376
1376	1736
1736	1376
1376	1737
1737	1376
1376	1741
1376	1746
1746	1376
1376	1750
1750	1376
1376	1752
1752	1376
1376	1753
1753	1376
1376	1757
1757	1376
1376	1761
1761	1376
1376	1765
1765	1376
1376	1768
1376	1774
1774	1376
1376	1782
1376	1789
1789	1376
1376	1791
1791	1376
1376	1793
1793	1376
1376	1795
1795	1376
1376	1799
1799	1376
1376	1800
1800	1376
1376	1804
1376	1810
1376	1811
1811	1376
1376	1813
1813	1376
1376	1816
1816	1376
1376	1819
1819	1376
1376	1823
1823	1376
1376	1826
1376	1827
1827	1376
1376	1833
1833	1376
1376	1835
1835	1376
1376	1839
1376	1842
1842	1376
1376	1846
1846	1376
1376	1851
1851	1376
1376	1864
1376	1867
1867	1376
1376	1879
1376	1888
1888	1376
1376	1891
1891	1376
1376	1902
1902	1376
1377	1388
1377	1389
1377	1391
1391	1377
1377	1399
1377	1409
1377	1416
1416	1377
1377	1420
1420	1377
1377	1431
1431	1377
1377	1447
1447	1377
1377	1449
1449	1377
1377	1467
1467	1377
1377	1470
1470	1377
1377	1471
1471	1377
1377	1483
1377	1487
1377	1488
1377	1491
1491	1377
1377	1497
1377	1509
1509	1377
1377	1513
1513	1377
1377	1516
1516	1377
1377	1520
1520	1377
1377	1522
1522	1377
1377	1528
1528	1377
1377	1535
1535	1377
1377	1539
1539	1377
1377	1540
1540	1377
1377	1551
1551	1377
1377	1554
1554	1377
1377	1557
1557	1377
1377	1559
1559	1377
1377	1563
1563	1377
1377	1570
1377	1584
1584	1377
1377	1589
1589	1377
1377	1590
1377	1597
1597	1377
1377	1598
1377	1600
1600	1377
1377	1603
1603	1377
1377	1604
1377	1608
1608	1377
1377	1609
1377	1610
1610	1377
1377	1612
1612	1377
1377	1613
1613	1377
1377	1614
1614	1377
1377	1617
1617	1377
1377	1620
1620	1377
1377	1621
1621	1377
1377	1622
1622	1377
1377	1623
1623	1377
1377	1637
1637	1377
1377	1639
1639	1377
1377	1643
1643	1377
1377	1646
1377	1659
1659	1377
1377	1662
1377	1663
1663	1377
1377	1669
1669	1377
1377	1675
1675	1377
1377	1683
1683	1377
1377	1685
1377	1688
1688	1377
1377	1689
1689	1377
1377	1707
1377	1714
1714	1377
1377	1717
1717	1377
1377	1721
1721	1377
1377	1723
1723	1377
1377	1730
1730	1377
1377	1741
1377	1746
1746	1377
1377	1750
1750	1377
1377	1753
1753	1377
1377	1757
1757	1377
1377	1761
1761	1377
1377	1765
1765	1377
1377	1768
1377	1782
1377	1791
1791	1377
1377	1793
1793	1377
1377	1799
1799	1377
1377	1800
1800	1377
1377	1804
1377	1811
1811	1377
1377	1813
1813	1377
1377	1816
1816	1377
1377	1823
1823	1377
1377	1827
1827	1377
1377	1833
1833	1377
1377	1835
1835	1377
1377	1839
1377	1842
1842	1377
1377	1843
1843	1377
1377	1851
1851	1377
1377	1861
1861	1377
1377	1864
1377	1867
1867	1377
1377	1868
1377	1879
1377	1881
1377	1885
1377	1886
1886	1377
1377	1888
1888	1377
1377	1891
1891	1377
1377	1898
1377	1902
1902	1377
1379	1404
1379	1423
1423	1379
1379	1426
1379	1438
1379	1448
1448	1379
1379	1459
1379	1462
1379	1475
1379	1479
1379	1573
1379	1576
1379	1583
1379	1591
1591	1379
1379	1596
1379	1611
1379	1628
1379	1636
1636	1379
1379	1655
1379	1682
1682	1379
1379	1691
1691	1379
1379	1716
1379	1786
1379	1857
1379	1862
1379	1872
1872	1379
1379	1899
1899	1379
1379	1903
1380	1388
1380	1390
1390	1380
1380	1391
1391	1380
1380	1399
1380	1402
1402	1380
1380	1420
1420	1380
1380	1431
1431	1380
1380	1447
1447	1380
1380	1456
1380	1457
1380	1488
1380	1516
1516	1380
1380	1522
1522	1380
1380	1523
1523	1380
1380	1547
1547	1380
1380	1554
1554	1380
1380	1570
1380	1584
1584	1380
1380	1598
1380	1600
1600	1380
1380	1604
1380	1605
1380	1610
1610	1380
1380	1619
1619	1380
1380	1621
1621	1380
1380	1622
1622	1380
1380	1623
1623	1380
1380	1662
1380	1665
1380	1685
1380	1689
1689	1380
1380	1707
1380	1712
1380	1714
1714	1380
1380	1730
1730	1380
1380	1741
1380	1746
1746	1380
1380	1789
1789	1380
1380	1800
1800	1380
1380	1809
1809	1380
1380	1816
1816	1380
1380	1826
1380	1832
1380	1839
1380	1868
1380	1879
1380	1888
1888	1380
1380	1898
1381	1459
1381	1475
1381	1573
1381	1583
1381	1591
1591	1381
1381	1628
1381	1635
1635	1381
1381	1636
1636	1381
1381	1720
1381	1857
1381	1899
1899	1381
1594	1383
1384	1505
1384	1758
1384	1774
1774	1384
1384	1788
1688	1385
1678	1387
1726	1387
1391	1388
1402	1388
1447	1388
1470	1388
1520	1388
1522	1388
1535	1388
1551	1388
1580	1388
1589	1388
1612	1388
1613	1388
1620	1388
1622	1388
1637	1388
1663	1388
1714	1388
1722	1388
1730	1388
1736	1388
1793	1388
1809	1388
1813	1388
1835	1388
1842	1388
1845	1388
1888	1388
1902	1388
1391	1389
1431	1389
1447	1389
1467	1389
1470	1389
1535	1389
1551	1389
1559	1389
1584	1389
1610	1389
1621	1389
1637	1389
1663	1389
1669	1389
1675	1389
1730	1389
1761	1389
1811	1389
1813	1389
1843	1389
1888	1389
1390	1391
1391	1390
1390	1399
1390	1402
1402	1390
1390	1416
1416	1390
1390	1420
1420	1390
1390	1431
1431	1390
1390	1435
1435	1390
1390	1447
1447	1390
1390	1456
1390	1457
1390	1467
1467	1390
1390	1471
1471	1390
1390	1480
1480	1390
1390	1485
1485	1390
1390	1488
1390	1491
1491	1390
1390	1509
1509	1390
1390	1516
1516	1390
1390	1520
1520	1390
1390	1522
1522	1390
1390	1523
1523	1390
1390	1524
1524	1390
1390	1530
1390	1539
1539	1390
1390	1540
1540	1390
1390	1551
1551	1390
1390	1554
1554	1390
1390	1557
1557	1390
1390	1570
1390	1572
1572	1390
1390	1580
1580	1390
1390	1584
1584	1390
1390	1589
1589	1390
1390	1597
1597	1390
1390	1598
1390	1600
1600	1390
1390	1603
1603	1390
1390	1604
1390	1608
1608	1390
1390	1610
1610	1390
1390	1612
1612	1390
1390	1613
1613	1390
1390	1617
1617	1390
1390	1618
1390	1619
1619	1390
1390	1620
1620	1390
1390	1621
1621	1390
1390	1622
1622	1390
1390	1623
1623	1390
1390	1632
1390	1643
1643	1390
1390	1644
1644	1390
1390	1652
1652	1390
1390	1653
1653	1390
1390	1659
1659	1390
1390	1662
1390	1663
1663	1390
1390	1665
1390	1668
1668	1390
1390	1683
1683	1390
1390	1689
1689	1390
1390	1707
1390	1712
1390	1714
1714	1390
1390	1717
1717	1390
1390	1721
1721	1390
1390	1724
1724	1390
1390	1730
1730	1390
1390	1735
1735	1390
1390	1736
1736	1390
1390	1737
1737	1390
1390	1741
1390	1746
1746	1390
1390	1750
1750	1390
1390	1752
1752	1390
1390	1757
1757	1390
1390	1768
1390	1771
1390	1789
1789	1390
1390	1791
1791	1390
1390	1793
1793	1390
1390	1795
1795	1390
1390	1796
1796	1390
1390	1799
1799	1390
1390	1800
1800	1390
1390	1804
1390	1809
1809	1390
1390	1811
1811	1390
1390	1816
1816	1390
1390	1819
1819	1390
1390	1823
1823	1390
1390	1827
1827	1390
1390	1833
1833	1390
1390	1835
1835	1390
1390	1839
1390	1842
1842	1390
1390	1843
1843	1390
1390	1849
1390	1867
1867	1390
1390	1868
1390	1877
1877	1390
1390	1879
1390	1886
1886	1390
1390	1888
1888	1390
1390	1902
1902	1390
1391	1399
1391	1402
1402	1391
1391	1409
1391	1420
1420	1391
1391	1431
1431	1391
1391	1447
1447	1391
1391	1449
1449	1391
1391	1457
1391	1467
1467	1391
1391	1470
1470	1391
1391	1488
1391	1491
1491	1391
1391	1509
1509	1391
1391	1516
1516	1391
1391	1520
1520	1391
1391	1522
1522	1391
1391	1530
1391	1535
1535	1391
1391	1539
1539	1391
1391	1540
1540	1391
1391	1547
1547	1391
1391	1551
1551	1391
1391	1554
1554	1391
1391	1557
1557	1391
1391	1559
1559	1391
1391	1570
1391	1584
1584	1391
1391	1589
1589	1391
1391	1594
1594	1391
1391	1597
1597	1391
1391	1598
1391	1600
1600	1391
1391	1603
1603	1391
1391	1604
1391	1608
1608	1391
1391	1612
1612	1391
1391	1613
1613	1391
1391	1614
1614	1391
1391	1621
1621	1391
1391	1622
1622	1391
1391	1632
1391	1639
1639	1391
1391	1662
1391	1663
1663	1391
1391	1665
1391	1668
1668	1391
1391	1669
1669	1391
1391	1675
1675	1391
1391	1683
1683	1391
1391	1685
1391	1689
1689	1391
1391	1707
1391	1712
1391	1714
1714	1391
1391	1717
1717	1391
1391	1730
1730	1391
1391	1735
1735	1391
1391	1736
1736	1391
1391	1746
1746	1391
1391	1750
1750	1391
1391	1754
1391	1761
1761	1391
1391	1768
1391	1782
1391	1789
1789	1391
1391	1791
1791	1391
1391	1793
1793	1391
1391	1795
1795	1391
1391	1799
1799	1391
1391	1800
1800	1391
1391	1809
1809	1391
1391	1810
1391	1813
1813	1391
1391	1816
1816	1391
1391	1823
1823	1391
1391	1826
1391	1827
1827	1391
1391	1832
1391	1833
1833	1391
1391	1835
1835	1391
1391	1839
1391	1843
1843	1391
1391	1845
1845	1391
1391	1849
1391	1867
1867	1391
1391	1868
1391	1877
1877	1391
1391	1886
1886	1391
1391	1888
1888	1391
1391	1898
1413	1392
1636	1392
1899	1392
1522	1393
1528	1393
1535	1393
1540	1393
1551	1393
1557	1393
1620	1393
1688	1393
1702	1393
1730	1393
1753	1393
1793	1393
1813	1393
1835	1393
1842	1393
1845	1393
1902	1393
1515	1396
1828	1396
1848	1396
1398	1399
1398	1437
1398	1449
1449	1398
1398	1458
1458	1398
1398	1467
1467	1398
1398	1471
1471	1398
1398	1480
1480	1398
1398	1488
1398	1513
1513	1398
1398	1538
1398	1612
1612	1398
1398	1668
1668	1398
1398	1712
1398	1799
1799	1398
1398	1804
1398	1827
1827	1398
1398	1833
1833	1398
1398	1845
1845	1398
1398	1851
1851	1398
1398	1863
1863	1398
1398	1888
1888	1398
1402	1399
1416	1399
1420	1399
1431	1399
1447	1399
1467	1399
1471	1399
1491	1399
1509	1399
1516	1399
1517	1399
1522	1399
1532	1399
1535	1399
1547	1399
1551	1399
1554	1399
1557	1399
1559	1399
1563	1399
1584	1399
1589	1399
1597	1399
1603	1399
1610	1399
1612	1399
1617	1399
1619	1399
1621	1399
1622	1399
1623	1399
1659	1399
1663	1399
1668	1399
1669	1399
1683	1399
1689	1399
1702	1399
1714	1399
1721	1399
1730	1399
1736	1399
1737	1399
1746	1399
1750	1399
1752	1399
1757	1399
1761	1399
1791	1399
1793	1399
1799	1399
1800	1399
1809	1399
1813	1399
1816	1399
1823	1399
1827	1399
1833	1399
1835	1399
1845	1399
1867	1399
1888	1399
1902	1399
1516	1401
1603	1401
1823	1401
1833	1401
1888	1401
1402	1431
1431	1402
1402	1447
1447	1402
1402	1456
1402	1483
1402	1488
1402	1542
1402	1559
1559	1402
1402	1571
1402	1580
1580	1402
1402	1598
1402	1604
1402	1605
1402	1609
1402	1610
1610	1402
1402	1613
1613	1402
1402	1617
1617	1402
1402	1619
1619	1402
1402	1622
1622	1402
1402	1663
1663	1402
1402	1665
1402	1707
1402	1714
1714	1402
1402	1722
1722	1402
1402	1746
1746	1402
1402	1757
1757	1402
1402	1768
1402	1772
1402	1791
1791	1402
1402	1800
1800	1402
1402	1809
1809	1402
1402	1816
1816	1402
1402	1823
1823	1402
1402	1826
1402	1827
1827	1402
1402	1833
1833	1402
1402	1839
1402	1868
1402	1888
1888	1402
1402	1898
1402	1900
1900	1402
1448	1404
1636	1404
1691	1404
1899	1404
1405	1467
1467	1405
1405	1485
1485	1405
1405	1509
1509	1405
1405	1513
1513	1405
1405	1544
1544	1405
1405	1590
1405	1612
1612	1405
1405	1614
1614	1405
1405	1622
1622	1405
1405	1637
1637	1405
1405	1639
1639	1405
1405	1684
1405	1765
1765	1405
1405	1779
1779	1405
1405	1835
1835	1405
1405	1846
1846	1405
1405	1851
1851	1405
1405	1860
1405	1883
1883	1405
1405	2724
2724	1405
1405	2752
1405	2775
2775	1405
1405	2869
1405	2892
2892	1405
1405	2962
2962	1405
1405	3001
3001	1405
1405	3019
3019	1405
1405	3100
3100	1405
1405	3162
3162	1405
1405	3168
3168	1405
1405	3233
3233	1405
1405	3295
3295	1405
1405	3304
1405	3331
1405	3366
3366	1405
1405	3404
3404	1405
1405	3406
1405	3412
3412	1405
1528	1407
1551	1407
1557	1407
1614	1407
1620	1407
1663	1407
1688	1407
1730	1407
1753	1407
1420	1409
1431	1409
1447	1409
1458	1409
1470	1409
1517	1409
1535	1409
1551	1409
1553	1409
1559	1409
1563	1409
1580	1409
1584	1409
1589	1409
1608	1409
1613	1409
1620	1409
1621	1409
1622	1409
1663	1409
1669	1409
1714	1409
1722	1409
1730	1409
1736	1409
1746	1409
1791	1409
1800	1409
1816	1409
1827	1409
1835	1409
1842	1409
1845	1409
1861	1409
1863	1409
1494	1410
1593	1410
1803	1410
1411	1450
1411	1520
1520	1411
1411	1523
1523	1411
1411	1540
1540	1411
1411	1554
1554	1411
1411	1589
1589	1411
1411	1618
1411	1891
1891	1411
1413	1423
1423	1413
1413	1432
1413	1462
1413	1475
1413	1479
1413	1495
1413	1550
1413	1573
1413	1576
1413	1578
1413	1583
1413	1591
1591	1413
1413	1592
1413	1596
1413	1611
1413	1628
1413	1636
1636	1413
1413	1647
1413	1655
1413	1680
1413	1682
1682	1413
1413	1691
1691	1413
1413	1715
1413	1716
1413	1728
1413	1732
1413	1783
1413	1790
1413	1841
1413	1859
1859	1413
1413	1875
1875	1413
1872	1414
1416	1431
1431	1416
1416	1456
1416	1467
1467	1416
1416	1471
1471	1416
1416	1480
1480	1416
1416	1491
1491	1416
1416	1509
1509	1416
1416	1516
1516	1416
1416	1524
1524	1416
1416	1528
1528	1416
1416	1530
1416	1532
1532	1416
1416	1538
1416	1539
1539	1416
1416	1554
1554	1416
1416	1557
1557	1416
1416	1572
1572	1416
1416	1584
1584	1416
1416	1589
1589	1416
1416	1597
1597	1416
1416	1600
1600	1416
1416	1610
1610	1416
1416	1612
1612	1416
1416	1613
1613	1416
1416	1620
1620	1416
1416	1622
1622	1416
1416	1623
1623	1416
1416	1644
1644	1416
1416	1652
1652	1416
1416	1653
1653	1416
1416	1659
1659	1416
1416	1663
1663	1416
1416	1683
1683	1416
1416	1688
1688	1416
1416	1707
1416	1714
1714	1416
1416	1717
1717	1416
1416	1721
1721	1416
1416	1724
1724	1416
1416	1730
1730	1416
1416	1735
1735	1416
1416	1736
1736	1416
1416	1746
1746	1416
1416	1750
1750	1416
1416	1752
1752	1416
1416	1768
1416	1771
1416	1789
1789	1416
1416	1791
1791	1416
1416	1795
1795	1416
1416	1796
1796	1416
1416	1799
1799	1416
1416	1800
1800	1416
1416	1804
1416	1810
1416	1827
1827	1416
1416	1833
1833	1416
1416	1835
1835	1416
1416	1839
1416	1877
1877	1416
1416	1879
1416	1886
1886	1416
1416	1888
1888	1416
1621	1417
1899	1417
1418	1472
1418	1504
1418	1525
1418	1569
1418	1650
1418	1709
1418	1727
1727	1418
1418	1830
1418	1904
1594	1419
1702	1419
1843	1419
1883	1419
3410	1419
3420	1419
1420	1422
1422	1420
1420	1431
1431	1420
1420	1456
1420	1467
1467	1420
1420	1483
1420	1485
1485	1420
1420	1491
1491	1420
1420	1509
1509	1420
1420	1513
1513	1420
1420	1516
1516	1420
1420	1520
1520	1420
1420	1522
1522	1420
1420	1523
1523	1420
1420	1530
1420	1538
1420	1551
1551	1420
1420	1554
1554	1420
1420	1557
1557	1420
1420	1559
1559	1420
1420	1563
1563	1420
1420	1570
1420	1571
1420	1580
1580	1420
1420	1584
1584	1420
1420	1589
1589	1420
1420	1590
1420	1597
1597	1420
1420	1603
1603	1420
1420	1612
1612	1420
1420	1613
1613	1420
1420	1614
1614	1420
1420	1619
1619	1420
1420	1621
1621	1420
1420	1622
1622	1420
1420	1632
1420	1637
1637	1420
1420	1659
1659	1420
1420	1663
1663	1420
1420	1665
1420	1669
1669	1420
1420	1675
1675	1420
1420	1683
1683	1420
1420	1689
1689	1420
1420	1707
1420	1714
1714	1420
1420	1717
1717	1420
1420	1721
1721	1420
1420	1730
1730	1420
1420	1735
1735	1420
1420	1736
1736	1420
1420	1746
1746	1420
1420	1750
1750	1420
1420	1752
1752	1420
1420	1753
1753	1420
1420	1761
1761	1420
1420	1765
1765	1420
1420	1768
1420	1772
1420	1782
1420	1795
1795	1420
1420	1796
1796	1420
1420	1799
1799	1420
1420	1800
1800	1420
1420	1813
1813	1420
1420	1819
1819	1420
1420	1823
1823	1420
1420	1827
1827	1420
1420	1833
1833	1420
1420	1835
1835	1420
1420	1839
1420	1846
1846	1420
1420	1864
1420	1867
1867	1420
1420	1879
1420	1886
1886	1420
1420	1888
1888	1420
1420	1891
1891	1420
1420	1902
1902	1420
1494	1421
1719	1421
1803	1421
1422	1487
1422	1692
1422	1730
1730	1422
1422	1808
1808	1422
1423	1426
1423	1438
1423	1448
1448	1423
1423	1459
1423	1462
1423	1479
1423	1502
1423	1515
1515	1423
1423	1573
1423	1576
1423	1583
1423	1591
1591	1423
1423	1592
1423	1628
1423	1636
1636	1423
1423	1647
1423	1655
1423	1691
1691	1423
1423	1715
1423	1720
1423	1728
1423	1824
1423	1841
1423	1871
1423	1872
1872	1423
1423	1873
1423	1875
1875	1423
1423	1884
1423	1899
1899	1423
1423	1903
1448	1426
1515	1426
1591	1426
1636	1426
1682	1426
1691	1426
1859	1426
1899	1426
1435	1427
1515	1427
1584	1427
1515	1429
1828	1429
1431	1434
1431	1439
1431	1441
1441	1431
1431	1447
1447	1431
1431	1449
1449	1431
1431	1456
1431	1457
1431	1467
1467	1431
1431	1470
1470	1431
1431	1471
1471	1431
1431	1480
1480	1431
1431	1483
1431	1488
1431	1491
1491	1431
1431	1509
1509	1431
1431	1516
1516	1431
1431	1520
1520	1431
1431	1522
1522	1431
1431	1530
1431	1535
1535	1431
1431	1538
1431	1539
1539	1431
1431	1542
1431	1544
1544	1431
1431	1547
1547	1431
1431	1551
1551	1431
1431	1554
1554	1431
1431	1557
1557	1431
1431	1559
1559	1431
1431	1564
1564	1431
1431	1570
1431	1584
1584	1431
1431	1585
1585	1431
1431	1589
1589	1431
1431	1590
1431	1597
1597	1431
1431	1598
1431	1600
1600	1431
1431	1603
1603	1431
1431	1604
1431	1605
1431	1608
1608	1431
1431	1610
1610	1431
1431	1612
1612	1431
1431	1613
1613	1431
1431	1614
1614	1431
1431	1619
1619	1431
1431	1620
1620	1431
1431	1621
1621	1431
1431	1622
1622	1431
1431	1623
1623	1431
1431	1643
1643	1431
1431	1662
1431	1663
1663	1431
1431	1665
1431	1668
1668	1431
1431	1669
1669	1431
1431	1675
1675	1431
1431	1683
1683	1431
1431	1685
1431	1689
1689	1431
1431	1712
1431	1714
1714	1431
1431	1717
1717	1431
1431	1721
1721	1431
1431	1730
1730	1431
1431	1734
1431	1735
1735	1431
1431	1736
1736	1431
1431	1737
1737	1431
1431	1741
1431	1746
1746	1431
1431	1750
1750	1431
1431	1752
1752	1431
1431	1757
1757	1431
1431	1761
1761	1431
1431	1768
1431	1779
1779	1431
1431	1782
1431	1789
1789	1431
1431	1791
1791	1431
1431	1793
1793	1431
1431	1796
1796	1431
1431	1799
1799	1431
1431	1800
1800	1431
1431	1804
1431	1809
1809	1431
1431	1810
1431	1813
1813	1431
1431	1816
1816	1431
1431	1819
1819	1431
1431	1823
1823	1431
1431	1826
1431	1827
1827	1431
1431	1832
1431	1833
1833	1431
1431	1835
1835	1431
1431	1839
1431	1842
1842	1431
1431	1845
1845	1431
1431	1849
1431	1864
1431	1867
1867	1431
1431	1868
1431	1877
1877	1431
1431	1879
1431	1886
1886	1431
1431	1888
1888	1431
1431	1898
1431	1900
1900	1431
1431	1902
1902	1431
1431	1905
1635	1432
1859	1432
1875	1432
1899	1432
1494	1433
1698	1433
1708	1433
1441	1434
1460	1434
1544	1434
1564	1434
1585	1434
1779	1434
1846	1434
1435	1444
1435	1473
1435	1492
1435	1523
1523	1435
1435	1525
1435	1539
1539	1435
1435	1540
1540	1435
1435	1569
1435	1584
1584	1435
1435	1597
1597	1435
1435	1600
1600	1435
1435	1622
1622	1435
1435	1630
1435	1652
1652	1435
1435	1683
1683	1435
1435	1699
1435	1717
1717	1435
1435	1729
1435	1746
1746	1435
1435	1800
1800	1435
1435	1807
1435	1818
1435	1819
1819	1435
1435	1827
1827	1435
1435	1867
1867	1435
1435	1877
1877	1435
1435	1894
1435	1897
1436	1444
1436	1472
1436	1575
1436	1583
1436	1620
1620	1436
1436	1686
1436	1699
1436	1727
1727	1436
1436	1794
1436	1881
1551	1437
1594	1437
1626	1437
1663	1437
1702	1437
1721	1437
1730	1437
1736	1437
1793	1437
1813	1437
1816	1437
1827	1437
1843	1437
1845	1437
1902	1437
1636	1438
1859	1438
1899	1438
1471	1439
1559	1439
1589	1439
1610	1439
1613	1439
1621	1439
1623	1439
1757	1439
1888	1439
1523	1440
1537	1440
1594	1440
1626	1440
1639	1440
1702	1440
1718	1440
1805	1440
1817	1440
1843	1440
1852	1440
1863	1440
1865	1440
1883	1440
1441	1544
1544	1441
1441	1564
1564	1441
1441	1585
1585	1441
1441	1666
1441	1779
1779	1441
1441	1822
1441	1905
1471	1442
1540	1444
1620	1444
1445	1505
1445	1687
1445	1702
1702	1445
1445	1806
1447	1456
1447	1457
1447	1458
1458	1447
1447	1463
1447	1470
1470	1447
1447	1471
1471	1447
1447	1483
1447	1488
1447	1509
1509	1447
1447	1517
1517	1447
1447	1535
1535	1447
1447	1542
1447	1551
1551	1447
1447	1559
1559	1447
1447	1570
1447	1571
1447	1580
1580	1447
1447	1584
1584	1447
1447	1589
1589	1447
1447	1597
1597	1447
1447	1598
1447	1604
1447	1605
1447	1608
1608	1447
1447	1609
1447	1610
1610	1447
1447	1612
1612	1447
1447	1613
1613	1447
1447	1619
1619	1447
1447	1622
1622	1447
1447	1632
1447	1637
1637	1447
1447	1662
1447	1663
1663	1447
1447	1665
1447	1669
1669	1447
1447	1675
1675	1447
1447	1685
1447	1702
1702	1447
1447	1707
1447	1712
1447	1714
1714	1447
1447	1717
1717	1447
1447	1721
1721	1447
1447	1722
1722	1447
1447	1723
1723	1447
1447	1730
1730	1447
1447	1741
1447	1746
1746	1447
1447	1761
1761	1447
1447	1768
1447	1772
1447	1793
1793	1447
1447	1800
1800	1447
1447	1804
1447	1809
1809	1447
1447	1811
1811	1447
1447	1813
1813	1447
1447	1816
1816	1447
1447	1826
1447	1827
1827	1447
1447	1835
1835	1447
1447	1839
1447	1842
1842	1447
1447	1843
1843	1447
1447	1849
1447	1861
1861	1447
1447	1863
1863	1447
1447	1868
1447	1879
1447	1888
1888	1447
1447	1898
1447	1902
1902	1447
1448	1459
1448	1462
1448	1472
1448	1475
1448	1479
1448	1573
1448	1576
1448	1591
1591	1448
1448	1596
1448	1611
1448	1628
1448	1636
1636	1448
1448	1655
1448	1691
1691	1448
1448	1786
1448	1790
1448	1857
1448	1873
1448	1893
1449	1456
1449	1458
1458	1449
1449	1467
1467	1449
1449	1471
1471	1449
1449	1480
1480	1449
1449	1485
1485	1449
1449	1488
1449	1538
1449	1547
1547	1449
1449	1556
1449	1584
1584	1449
1449	1589
1589	1449
1449	1598
1449	1603
1603	1449
1449	1604
1449	1610
1610	1449
1449	1612
1612	1449
1449	1614
1614	1449
1449	1619
1619	1449
1449	1663
1663	1449
1449	1668
1668	1449
1449	1707
1449	1712
1449	1714
1714	1449
1449	1735
1735	1449
1449	1736
1736	1449
1449	1746
1746	1449
1449	1757
1757	1449
1449	1769
1769	1449
1449	1782
1449	1799
1799	1449
1449	1800
1800	1449
1449	1804
1449	1809
1809	1449
1449	1823
1823	1449
1449	1826
1449	1833
1833	1449
1449	1836
1836	1449
1449	1839
1449	1852
1852	1449
1449	1860
1449	1863
1863	1449
1449	1868
1449	1874
1449	1886
1886	1449
1449	1888
1888	1449
1561	1450
1678	1450
1726	1450
1792	1450
1515	1451
1593	1452
1621	1453
1515	1454
1636	1454
1828	1454
1875	1454
1471	1456
1480	1456
1516	1456
1524	1456
1539	1456
1547	1456
1557	1456
1559	1456
1580	1456
1584	1456
1589	1456
1603	1456
1608	1456
1610	1456
1613	1456
1614	1456
1619	1456
1621	1456
1622	1456
1652	1456
1663	1456
1668	1456
1714	1456
1717	1456
1736	1456
1746	1456
1752	1456
1757	1456
1761	1456
1789	1456
1793	1456
1796	1456
1800	1456
1809	1456
1816	1456
1833	1456
1886	1456
1888	1456
1902	1456
1471	1457
1491	1457
1547	1457
1584	1457
1600	1457
1610	1457
1612	1457
1619	1457
1621	1457
1622	1457
1663	1457
1714	1457
1746	1457
1757	1457
1800	1457
1809	1457
1816	1457
1833	1457
1888	1457
1458	1467
1467	1458
1458	1480
1480	1458
1458	1488
1458	1590
1458	1665
1458	1718
1718	1458
1458	1768
1458	1769
1769	1458
1458	1774
1774	1458
1458	1782
1458	1805
1805	1458
1458	1817
1817	1458
1458	1845
1845	1458
1458	1846
1846	1458
1458	1852
1852	1458
1458	1863
1863	1458
1515	1459
1591	1459
1636	1459
1682	1459
1691	1459
1848	1459
1859	1459
1872	1459
1875	1459
1899	1459
1460	1470
1470	1460
1460	1480
1480	1460
1460	1501
1460	1505
1460	1509
1509	1460
1460	1513
1513	1460
1460	1522
1522	1460
1460	1570
1460	1590
1460	1622
1622	1460
1460	1637
1637	1460
1460	1639
1639	1460
1460	1662
1460	1730
1730	1460
1460	1765
1765	1460
1460	1768
1460	1782
1460	1835
1835	1460
1460	1842
1842	1460
1460	1851
1851	1460
1591	1462
1635	1462
1636	1462
1691	1462
1859	1462
1872	1462
1899	1462
1675	1463
1789	1463
1833	1463
1888	1463
1702	1465
1718	1465
1883	1465
1920	1465
1948	1465
1959	1465
2007	1465
2028	1465
2042	1465
2047	1465
2053	1465
2068	1465
2081	1465
2087	1465
2111	1465
2117	1465
2125	1465
2134	1465
2135	1465
2138	1465
2148	1465
2187	1465
2194	1465
2196	1465
2199	1465
2223	1465
2247	1465
2279	1465
2282	1465
2289	1465
2315	1465
2333	1465
2338	1465
2347	1465
2351	1465
2385	1465
2420	1465
2496	1465
2516	1465
2533	1465
2543	1465
2555	1465
2592	1465
2597	1465
2608	1465
2643	1465
2649	1465
1467	1480
1480	1467
1467	1488
1467	1491
1491	1467
1467	1509
1509	1467
1467	1516
1516	1467
1467	1520
1520	1467
1467	1522
1522	1467
1467	1528
1528	1467
1467	1539
1539	1467
1467	1551
1551	1467
1467	1554
1554	1467
1467	1559
1559	1467
1467	1584
1584	1467
1467	1589
1589	1467
1467	1590
1467	1597
1597	1467
1467	1598
1467	1603
1603	1467
1467	1612
1612	1467
1467	1613
1613	1467
1467	1614
1614	1467
1467	1617
1617	1467
1467	1621
1621	1467
1467	1623
1623	1467
1467	1637
1637	1467
1467	1639
1639	1467
1467	1643
1643	1467
1467	1662
1467	1663
1663	1467
1467	1669
1669	1467
1467	1685
1467	1707
1467	1714
1714	1467
1467	1730
1730	1467
1467	1734
1467	1735
1735	1467
1467	1746
1746	1467
1467	1750
1750	1467
1467	1757
1757	1467
1467	1761
1761	1467
1467	1765
1765	1467
1467	1768
1467	1769
1769	1467
1467	1782
1467	1791
1791	1467
1467	1799
1799	1467
1467	1800
1800	1467
1467	1804
1467	1805
1805	1467
1467	1823
1823	1467
1467	1827
1827	1467
1467	1833
1833	1467
1467	1835
1835	1467
1467	1839
1467	1843
1843	1467
1467	1846
1846	1467
1467	1851
1851	1467
1467	1867
1867	1467
1467	1886
1886	1467
1467	1888
1888	1467
1470	1483
1470	1509
1509	1470
1470	1519
1519	1470
1470	1535
1535	1470
1470	1551
1551	1470
1470	1553
1553	1470
1470	1559
1559	1470
1470	1563
1563	1470
1470	1570
1470	1590
1470	1604
1470	1605
1470	1609
1470	1620
1620	1470
1470	1637
1637	1470
1470	1663
1663	1470
1470	1669
1669	1470
1470	1675
1675	1470
1470	1717
1717	1470
1470	1730
1730	1470
1470	1741
1470	1768
1470	1791
1791	1470
1470	1811
1811	1470
1470	1813
1813	1470
1470	1826
1470	1835
1835	1470
1470	1843
1843	1470
1470	1861
1861	1470
1470	1868
1470	1888
1888	1470
1471	1480
1480	1471
1471	1483
1471	1488
1471	1491
1491	1471
1471	1509
1509	1471
1471	1516
1516	1471
1471	1530
1471	1538
1471	1547
1547	1471
1471	1551
1551	1471
1471	1554
1554	1471
1471	1556
1471	1559
1559	1471
1471	1561
1561	1471
1471	1563
1563	1471
1471	1580
1580	1471
1471	1584
1584	1471
1471	1589
1589	1471
1471	1590
1471	1597
1597	1471
1471	1598
1471	1600
1600	1471
1471	1603
1603	1471
1471	1604
1471	1605
1471	1610
1610	1471
1471	1612
1612	1471
1471	1613
1613	1471
1471	1614
1614	1471
1471	1619
1619	1471
1471	1621
1621	1471
1471	1623
1623	1471
1471	1637
1637	1471
1471	1643
1643	1471
1471	1652
1652	1471
1471	1659
1659	1471
1471	1662
1471	1663
1663	1471
1471	1668
1668	1471
1471	1675
1675	1471
1471	1683
1683	1471
1471	1707
1471	1712
1471	1714
1714	1471
1471	1717
1717	1471
1471	1730
1730	1471
1471	1735
1735	1471
1471	1736
1736	1471
1471	1741
1471	1746
1746	1471
1471	1752
1752	1471
1471	1753
1753	1471
1471	1757
1757	1471
1471	1761
1761	1471
1471	1768
1471	1772
1471	1789
1789	1471
1471	1793
1793	1471
1471	1799
1799	1471
1471	1800
1800	1471
1471	1804
1471	1809
1809	1471
1471	1816
1816	1471
1471	1821
1471	1823
1823	1471
1471	1826
1471	1827
1827	1471
1471	1832
1471	1833
1833	1471
1471	1835
1835	1471
1471	1839
1471	1842
1842	1471
1471	1849
1471	1863
1863	1471
1471	1868
1471	1879
1471	1886
1886	1471
1471	1888
1888	1471
1471	1898
1471	1902
1902	1471
1471	1909
1727	1472
1584	1473
1591	1475
1636	1475
1682	1475
1691	1475
1899	1475
1477	1505
1477	1585
1585	1477
1477	1641
1641	1477
1477	1666
1477	1792
1792	1477
1477	1909
1515	1479
1636	1479
1682	1479
1691	1479
1859	1479
1872	1479
1899	1479
1480	1488
1480	1501
1480	1513
1513	1480
1480	1556
1480	1590
1480	1598
1480	1600
1600	1480
1480	1610
1610	1480
1480	1612
1612	1480
1480	1614
1614	1480
1480	1619
1619	1480
1480	1620
1620	1480
1480	1621
1621	1480
1480	1639
1639	1480
1480	1652
1652	1480
1480	1653
1653	1480
1480	1662
1480	1666
1480	1668
1668	1480
1480	1712
1480	1721
1721	1480
1480	1752
1752	1480
1480	1757
1757	1480
1480	1758
1480	1765
1765	1480
1480	1768
1480	1774
1774	1480
1480	1782
1480	1789
1789	1480
1480	1800
1800	1480
1480	1804
1480	1805
1805	1480
1480	1809
1809	1480
1480	1816
1816	1480
1480	1821
1480	1833
1833	1480
1480	1839
1480	1849
1480	1851
1851	1480
1480	1858
1480	1863
1863	1480
1480	1874
1480	1879
1480	1886
1886	1480
1480	1888
1888	1480
1591	1481
1828	1481
1517	1483
1535	1483
1551	1483
1580	1483
1584	1483
1589	1483
1597	1483
1613	1483
1619	1483
1621	1483
1637	1483
1663	1483
1669	1483
1714	1483
1722	1483
1723	1483
1730	1483
1736	1483
1746	1483
1793	1483
1800	1483
1809	1483
1813	1483
1816	1483
1835	1483
1842	1483
1888	1483
1902	1483
1484	1610
1610	1484
1484	1754
1484	1800
1800	1484
1484	1845
1845	1484
1484	1874
1484	1888
1888	1484
1485	1509
1509	1485
1485	1520
1520	1485
1485	1554
1554	1485
1485	1559
1559	1485
1485	1563
1563	1485
1485	1612
1612	1485
1485	1618
1485	1637
1637	1485
1485	1644
1644	1485
1485	1659
1659	1485
1485	1718
1718	1485
1485	1730
1730	1485
1485	1735
1735	1485
1485	1753
1753	1485
1485	1769
1769	1485
1485	1774
1774	1485
1485	1782
1485	1799
1799	1485
1485	1813
1813	1485
1485	1827
1827	1485
1485	1835
1835	1485
1485	1836
1836	1485
1485	1845
1845	1485
1485	1846
1846	1485
1485	1891
1891	1485
1620	1487
1675	1487
1813	1487
1516	1488
1522	1488
1539	1488
1547	1488
1554	1488
1557	1488
1559	1488
1584	1488
1610	1488
1619	1488
1621	1488
1663	1488
1668	1488
1689	1488
1714	1488
1717	1488
1722	1488
1737	1488
1746	1488
1752	1488
1789	1488
1793	1488
1800	1488
1809	1488
1813	1488
1816	1488
1823	1488
1827	1488
1833	1488
1836	1488
1845	1488
1863	1488
1888	1488
1515	1489
1591	1489
1491	1516
1516	1491
1491	1522
1522	1491
1491	1530
1491	1532
1532	1491
1491	1538
1491	1539
1539	1491
1491	1547
1547	1491
1491	1551
1551	1491
1491	1557
1557	1491
1491	1559
1559	1491
1491	1572
1572	1491
1491	1584
1584	1491
1491	1589
1589	1491
1491	1597
1597	1491
1491	1603
1603	1491
1491	1608
1608	1491
1491	1612
1612	1491
1491	1613
1613	1491
1491	1617
1617	1491
1491	1621
1621	1491
1491	1622
1622	1491
1491	1623
1623	1491
1491	1644
1644	1491
1491	1653
1653	1491
1491	1662
1491	1663
1663	1491
1491	1668
1668	1491
1491	1669
1669	1491
1491	1678
1678	1491
1491	1689
1689	1491
1491	1707
1491	1712
1491	1714
1714	1491
1491	1721
1721	1491
1491	1730
1730	1491
1491	1735
1735	1491
1491	1736
1736	1491
1491	1737
1737	1491
1491	1746
1746	1491
1491	1750
1750	1491
1491	1752
1752	1491
1491	1761
1761	1491
1491	1789
1789	1491
1491	1791
1791	1491
1491	1793
1793	1491
1491	1795
1795	1491
1491	1799
1799	1491
1491	1800
1800	1491
1491	1804
1491	1810
1491	1813
1813	1491
1491	1823
1823	1491
1491	1826
1491	1827
1827	1491
1491	1833
1833	1491
1491	1839
1491	1842
1842	1491
1491	1849
1491	1864
1491	1867
1867	1491
1491	1879
1491	1888
1888	1491
1494	1511
1494	1555
1494	1567
1494	1588
1588	1494
1494	1593
1593	1494
1494	1615
1494	1676
1494	1687
1494	1705
1494	1803
1803	1494
1494	1825
1515	1495
1591	1495
1727	1496
1620	1497
1675	1497
1683	1497
1761	1497
1813	1497
1537	1498
1827	1498
1513	1501
1639	1501
1765	1501
1845	1501
1851	1501
1515	1502
1591	1502
1636	1502
1828	1502
1848	1502
1828	1503
1528	1505
1561	1505
1593	1505
1701	1505
3019	1505
3062	1505
3168	1505
3409	1505
1848	1508
1509	1513
1513	1509
1509	1516
1516	1509
1509	1517
1517	1509
1509	1520
1520	1509
1509	1528
1528	1509
1509	1551
1551	1509
1509	1554
1554	1509
1509	1559
1559	1509
1509	1563
1563	1509
1509	1570
1509	1584
1584	1509
1509	1589
1589	1509
1509	1590
1509	1603
1603	1509
1509	1604
1509	1608
1608	1509
1509	1609
1509	1610
1610	1509
1509	1612
1612	1509
1509	1613
1613	1509
1509	1617
1617	1509
1509	1621
1621	1509
1509	1622
1622	1509
1509	1639
1639	1509
1509	1643
1643	1509
1509	1659
1659	1509
1509	1663
1663	1509
1509	1669
1669	1509
1509	1675
1675	1509
1509	1683
1683	1509
1509	1689
1689	1509
1509	1718
1718	1509
1509	1730
1730	1509
1509	1735
1735	1509
1509	1746
1746	1509
1509	1752
1752	1509
1509	1761
1761	1509
1509	1765
1765	1509
1509	1768
1509	1774
1774	1509
1509	1791
1791	1509
1509	1795
1795	1509
1509	1799
1799	1509
1509	1800
1800	1509
1509	1804
1509	1823
1823	1509
1509	1827
1827	1509
1509	1833
1833	1509
1509	1835
1835	1509
1509	1839
1509	1842
1842	1509
1509	1861
1861	1509
1509	1864
1509	1886
1886	1509
1509	1888
1888	1509
1509	1891
1891	1509
1509	1901
1553	1511
1698	1511
1513	1522
1522	1513
1513	1528
1528	1513
1513	1535
1535	1513
1513	1584
1584	1513
1513	1590
1513	1621
1621	1513
1513	1622
1622	1513
1513	1637
1637	1513
1513	1639
1639	1513
1513	1718
1718	1513
1513	1730
1730	1513
1513	1765
1765	1513
1513	1779
1779	1513
1513	1782
1513	1791
1791	1513
1513	1835
1835	1513
1513	1842
1842	1513
1513	1846
1846	1513
1513	1851
1851	1513
1513	1852
1852	1513
1513	1883
1883	1513
1515	1573
1515	1582
1515	1591
1591	1515
1515	1595
1515	1636
1636	1515
1515	1638
1515	1649
1515	1661
1515	1704
1515	1706
1515	1729
1515	1732
1515	1742
1515	1783
1515	1786
1515	1794
1515	1820
1515	1824
1515	1828
1828	1515
1515	1848
1848	1515
1515	1871
1515	1875
1875	1515
1515	1893
1515	1899
1899	1515
1516	1520
1520	1516
1516	1522
1522	1516
1516	1530
1516	1539
1539	1516
1516	1547
1547	1516
1516	1551
1551	1516
1516	1554
1554	1516
1516	1557
1557	1516
1516	1559
1559	1516
1516	1570
1516	1584
1584	1516
1516	1589
1589	1516
1516	1597
1597	1516
1516	1598
1516	1600
1600	1516
1516	1603
1603	1516
1516	1604
1516	1608
1608	1516
1516	1610
1610	1516
1516	1612
1612	1516
1516	1613
1613	1516
1516	1614
1614	1516
1516	1617
1617	1516
1516	1619
1619	1516
1516	1621
1621	1516
1516	1622
1622	1516
1516	1623
1623	1516
1516	1643
1643	1516
1516	1653
1653	1516
1516	1662
1516	1663
1663	1516
1516	1665
1516	1668
1668	1516
1516	1669
1669	1516
1516	1675
1675	1516
1516	1689
1689	1516
1516	1707
1516	1712
1516	1714
1714	1516
1516	1717
1717	1516
1516	1721
1721	1516
1516	1730
1730	1516
1516	1735
1735	1516
1516	1736
1736	1516
1516	1737
1737	1516
1516	1741
1516	1746
1746	1516
1516	1750
1750	1516
1516	1752
1752	1516
1516	1757
1757	1516
1516	1761
1761	1516
1516	1768
1516	1782
1516	1789
1789	1516
1516	1791
1791	1516
1516	1793
1793	1516
1516	1799
1799	1516
1516	1800
1800	1516
1516	1804
1516	1810
1516	1813
1813	1516
1516	1816
1816	1516
1516	1819
1819	1516
1516	1823
1823	1516
1516	1826
1516	1827
1827	1516
1516	1833
1833	1516
1516	1835
1835	1516
1516	1839
1516	1849
1516	1867
1867	1516
1516	1868
1516	1879
1516	1888
1888	1516
1517	1580
1580	1517
1517	1604
1517	1610
1610	1517
1517	1613
1613	1517
1517	1622
1622	1517
1517	1663
1663	1517
1517	1665
1517	1685
1517	1722
1722	1517
1517	1730
1730	1517
1517	1741
1517	1813
1813	1517
1517	1827
1827	1517
1517	1845
1845	1517
1517	1898
1537	1518
1620	1518
1683	1518
1774	1518
1519	1527
1519	1528
1528	1519
1519	1535
1535	1519
1519	1553
1553	1519
1519	1557
1557	1519
1519	1570
1519	1620
1620	1519
1519	1642
1519	1674
1519	1688
1688	1519
1519	1768
1519	1832
1519	1845
1845	1519
1519	1861
1861	1519
1519	1864
1519	1900
1900	1519
1520	1523
1523	1520
1520	1530
1520	1540
1540	1520
1520	1551
1551	1520
1520	1554
1554	1520
1520	1557
1557	1520
1520	1559
1559	1520
1520	1563
1563	1520
1520	1584
1584	1520
1520	1589
1589	1520
1520	1590
1520	1597
1597	1520
1520	1600
1600	1520
1520	1603
1603	1520
1520	1610
1610	1520
1520	1612
1612	1520
1520	1613
1613	1520
1520	1621
1621	1520
1520	1622
1622	1520
1520	1639
1639	1520
1520	1643
1643	1520
1520	1659
1659	1520
1520	1662
1520	1663
1663	1520
1520	1669
1669	1520
1520	1675
1675	1520
1520	1683
1683	1520
1520	1685
1520	1689
1689	1520
1520	1700
1700	1520
1520	1707
1520	1714
1714	1520
1520	1717
1717	1520
1520	1730
1730	1520
1520	1746
1746	1520
1520	1750
1750	1520
1520	1752
1752	1520
1520	1761
1761	1520
1520	1765
1765	1520
1520	1768
1520	1791
1791	1520
1520	1793
1793	1520
1520	1795
1795	1520
1520	1799
1799	1520
1520	1800
1800	1520
1520	1804
1520	1813
1813	1520
1520	1816
1816	1520
1520	1819
1819	1520
1520	1827
1827	1520
1520	1833
1833	1520
1520	1835
1835	1520
1520	1842
1842	1520
1520	1846
1846	1520
1520	1861
1861	1520
1520	1877
1877	1520
1520	1888
1888	1520
1520	1891
1891	1520
1521	1626
1626	1521
1521	1702
1702	1521
1521	1909
1521	1911
1522	1528
1528	1522
1522	1530
1522	1532
1532	1522
1522	1547
1547	1522
1522	1551
1551	1522
1522	1553
1553	1522
1522	1554
1554	1522
1522	1557
1557	1522
1522	1559
1559	1522
1522	1563
1563	1522
1522	1570
1522	1584
1584	1522
1522	1589
1589	1522
1522	1590
1522	1600
1600	1522
1522	1603
1603	1522
1522	1604
1522	1608
1608	1522
1522	1609
1522	1612
1612	1522
1522	1613
1613	1522
1522	1617
1617	1522
1522	1620
1620	1522
1522	1621
1621	1522
1522	1622
1622	1522
1522	1632
1522	1639
1639	1522
1522	1643
1643	1522
1522	1659
1659	1522
1522	1663
1663	1522
1522	1668
1668	1522
1522	1669
1669	1522
1522	1683
1683	1522
1522	1685
1522	1688
1688	1522
1522	1689
1689	1522
1522	1707
1522	1712
1522	1714
1714	1522
1522	1718
1718	1522
1522	1730
1730	1522
1522	1735
1735	1522
1522	1746
1746	1522
1522	1750
1750	1522
1522	1752
1752	1522
1522	1761
1761	1522
1522	1765
1765	1522
1522	1768
1522	1791
1791	1522
1522	1795
1795	1522
1522	1799
1799	1522
1522	1800
1800	1522
1522	1804
1522	1816
1816	1522
1522	1821
1522	1823
1823	1522
1522	1826
1522	1827
1827	1522
1522	1833
1833	1522
1522	1835
1835	1522
1522	1839
1522	1842
1842	1522
1522	1845
1845	1522
1522	1851
1851	1522
1522	1864
1522	1868
1522	1877
1877	1522
1522	1879
1522	1886
1886	1522
1522	1888
1888	1522
1522	1898
1523	1532
1532	1523
1523	1540
1540	1523
1523	1554
1554	1523
1523	1557
1557	1523
1523	1572
1572	1523
1523	1600
1600	1523
1523	1609
1523	1617
1617	1523
1523	1618
1523	1621
1621	1523
1523	1622
1622	1523
1523	1632
1523	1659
1659	1523
1523	1663
1663	1523
1523	1674
1523	1683
1683	1523
1523	1689
1689	1523
1523	1718
1718	1523
1523	1723
1723	1523
1523	1724
1724	1523
1523	1746
1746	1523
1523	1750
1750	1523
1523	1768
1523	1780
1523	1795
1795	1523
1523	1800
1800	1523
1523	1811
1811	1523
1523	1819
1819	1523
1523	1827
1827	1523
1523	1835
1835	1523
1523	1852
1852	1523
1523	1863
1863	1523
1523	1867
1867	1523
1523	1877
1877	1523
1523	1891
1891	1523
1523	1911
1524	1557
1557	1524
1524	1572
1572	1524
1524	1580
1580	1524
1524	1589
1589	1524
1524	1608
1608	1524
1524	1613
1613	1524
1524	1623
1623	1524
1524	1688
1688	1524
1524	1689
1689	1524
1524	1730
1730	1524
1524	1746
1746	1524
1524	1752
1752	1524
1524	1757
1757	1524
1524	1772
1524	1796
1796	1524
1524	1800
1800	1524
1524	1804
1524	1827
1827	1524
1524	1867
1867	1524
1524	1888
1888	1524
1852	1527
1528	1557
1557	1528
1528	1559
1559	1528
1528	1563
1563	1528
1528	1589
1589	1528
1528	1603
1603	1528
1528	1608
1608	1528
1528	1609
1528	1612
1612	1528
1528	1613
1613	1528
1528	1620
1620	1528
1528	1637
1637	1528
1528	1663
1663	1528
1528	1669
1669	1528
1528	1675
1675	1528
1528	1685
1528	1688
1688	1528
1528	1710
1710	1528
1528	1722
1722	1528
1528	1723
1723	1528
1528	1724
1724	1528
1528	1730
1730	1528
1528	1746
1746	1528
1528	1753
1753	1528
1528	1754
1528	1757
1757	1528
1528	1765
1765	1528
1528	1768
1528	1782
1528	1791
1791	1528
1528	1811
1811	1528
1528	1813
1813	1528
1528	1827
1827	1528
1528	1835
1835	1528
1528	1845
1845	1528
1528	1864
1727	1529
1761	1529
1828	1529
1554	1530
1559	1530
1563	1530
1580	1530
1584	1530
1589	1530
1597	1530
1603	1530
1608	1530
1610	1530
1612	1530
1613	1530
1617	1530
1643	1530
1663	1530
1668	1530
1669	1530
1689	1530
1714	1530
1721	1530
1730	1530
1735	1530
1736	1530
1737	1530
1746	1530
1750	1530
1752	1530
1793	1530
1795	1530
1800	1530
1809	1530
1813	1530
1823	1530
1827	1530
1833	1530
1867	1530
1888	1530
1902	1530
1620	1531
1532	1597
1597	1532
1532	1604
1532	1617
1617	1532
1532	1623
1623	1532
1532	1632
1532	1653
1653	1532
1532	1700
1700	1532
1532	1707
1532	1746
1746	1532
1532	1757
1757	1532
1532	1789
1789	1532
1532	1800
1800	1532
1532	1810
1532	1827
1827	1532
1532	1833
1833	1532
1532	1867
1867	1532
1532	1886
1886	1532
1532	1888
1888	1532
1701	1534
3385	1534
1535	1537
1537	1535
1535	1551
1551	1535
1535	1559
1559	1535
1535	1570
1535	1571
1535	1604
1535	1608
1608	1535
1535	1609
1535	1639
1639	1535
1535	1663
1663	1535
1535	1669
1669	1535
1535	1675
1675	1535
1535	1685
1535	1717
1717	1535
1535	1730
1730	1535
1535	1768
1535	1793
1793	1535
1535	1804
1535	1811
1811	1535
1535	1813
1813	1535
1535	1835
1835	1535
1535	1842
1842	1535
1535	1843
1843	1535
1535	1861
1861	1535
1535	1868
1535	1898
1727	1536
1537	1567
1537	1613
1613	1537
1537	1806
1537	1856
1559	1538
1563	1538
1584	1538
1589	1538
1603	1538
1612	1538
1621	1538
1623	1538
1643	1538
1652	1538
1653	1538
1714	1538
1717	1538
1730	1538
1735	1538
1750	1538
1757	1538
1769	1538
1789	1538
1793	1538
1799	1538
1800	1538
1833	1538
1888	1538
1539	1540
1540	1539
1539	1551
1551	1539
1539	1557
1557	1539
1539	1559
1559	1539
1539	1584
1584	1539
1539	1603
1603	1539
1539	1608
1608	1539
1539	1612
1612	1539
1539	1620
1620	1539
1539	1621
1621	1539
1539	1622
1622	1539
1539	1623
1623	1539
1539	1632
1539	1639
1639	1539
1539	1652
1652	1539
1539	1653
1653	1539
1539	1663
1663	1539
1539	1669
1669	1539
1539	1683
1683	1539
1539	1689
1689	1539
1539	1721
1721	1539
1539	1724
1724	1539
1539	1746
1746	1539
1539	1750
1750	1539
1539	1752
1752	1539
1539	1768
1539	1789
1789	1539
1539	1791
1791	1539
1539	1795
1795	1539
1539	1816
1816	1539
1539	1819
1819	1539
1539	1827
1827	1539
1539	1835
1835	1539
1539	1839
1539	1861
1861	1539
1539	1867
1867	1539
1539	1877
1877	1539
1540	1554
1554	1540
1540	1557
1557	1540
1540	1569
1540	1584
1584	1540
1540	1597
1597	1540
1540	1600
1600	1540
1540	1618
1540	1622
1622	1540
1540	1630
1540	1652
1652	1540
1540	1669
1669	1540
1540	1683
1683	1540
1540	1689
1689	1540
1540	1699
1540	1711
1540	1717
1717	1540
1540	1718
1718	1540
1540	1730
1730	1540
1540	1800
1800	1540
1540	1807
1540	1813
1813	1540
1540	1818
1540	1819
1819	1540
1540	1827
1827	1540
1540	1845
1845	1540
1540	1864
1540	1867
1867	1540
1540	1877
1877	1540
1540	1891
1891	1540
1540	1909
1727	1541
1580	1542
1589	1542
1610	1542
1619	1542
1668	1542
1717	1542
1793	1542
1800	1542
1809	1542
1816	1542
1845	1542
1888	1542
1902	1542
1544	1564
1564	1544
1544	1585
1585	1544
1544	1779
1779	1544
1544	1822
1544	1905
1547	1551
1551	1547
1547	1554
1554	1547
1547	1556
1547	1559
1559	1547
1547	1584
1584	1547
1547	1589
1589	1547
1547	1600
1600	1547
1547	1603
1603	1547
1547	1605
1547	1610
1610	1547
1547	1613
1613	1547
1547	1619
1619	1547
1547	1620
1620	1547
1547	1621
1621	1547
1547	1623
1623	1547
1547	1652
1652	1547
1547	1662
1547	1665
1547	1668
1668	1547
1547	1707
1547	1712
1547	1714
1714	1547
1547	1721
1721	1547
1547	1730
1730	1547
1547	1736
1736	1547
1547	1737
1737	1547
1547	1741
1547	1746
1746	1547
1547	1757
1757	1547
1547	1789
1789	1547
1547	1793
1793	1547
1547	1800
1800	1547
1547	1804
1547	1809
1809	1547
1547	1813
1813	1547
1547	1816
1816	1547
1547	1823
1823	1547
1547	1826
1547	1827
1827	1547
1547	1832
1547	1833
1833	1547
1547	1839
1547	1849
1547	1864
1547	1868
1547	1879
1547	1886
1886	1547
1547	1888
1888	1547
1547	1898
1547	1902
1902	1547
1591	1550
1691	1550
1875	1550
1551	1554
1554	1551
1551	1559
1559	1551
1551	1563
1563	1551
1551	1570
1551	1580
1580	1551
1551	1584
1584	1551
1551	1589
1589	1551
1551	1597
1597	1551
1551	1603
1603	1551
1551	1604
1551	1608
1608	1551
1551	1609
1551	1610
1610	1551
1551	1612
1612	1551
1551	1617
1617	1551
1551	1621
1621	1551
1551	1623
1623	1551
1551	1637
1637	1551
1551	1639
1639	1551
1551	1643
1643	1551
1551	1662
1551	1663
1663	1551
1551	1669
1669	1551
1551	1675
1675	1551
1551	1683
1683	1551
1551	1685
1551	1689
1689	1551
1551	1700
1700	1551
1551	1707
1551	1712
1551	1714
1714	1551
1551	1717
1717	1551
1551	1721
1721	1551
1551	1723
1723	1551
1551	1730
1730	1551
1551	1734
1551	1736
1736	1551
1551	1746
1746	1551
1551	1750
1750	1551
1551	1753
1753	1551
1551	1754
1551	1757
1757	1551
1551	1761
1761	1551
1551	1768
1551	1791
1791	1551
1551	1793
1793	1551
1551	1800
1800	1551
1551	1804
1551	1809
1809	1551
1551	1811
1811	1551
1551	1813
1813	1551
1551	1819
1819	1551
1551	1826
1551	1827
1827	1551
1551	1833
1833	1551
1551	1835
1835	1551
1551	1839
1551	1842
1842	1551
1551	1843
1843	1551
1551	1845
1845	1551
1551	1849
1551	1861
1861	1551
1551	1864
1551	1867
1867	1551
1551	1868
1551	1877
1877	1551
1551	1879
1551	1888
1888	1551
1551	1891
1891	1551
1551	1898
1551	1902
1902	1551
1553	1555
1553	1570
1553	1579
1579	1553
1553	1615
1553	1620
1620	1553
1553	1688
1688	1553
1553	1698
1698	1553
1553	1768
1553	1791
1791	1553
1553	1806
1553	1825
1553	1847
1553	1861
1861	1553
1553	1908
1554	1557
1557	1554
1554	1559
1559	1554
1554	1563
1563	1554
1554	1570
1554	1584
1584	1554
1554	1589
1589	1554
1554	1597
1597	1554
1554	1600
1600	1554
1554	1603
1603	1554
1554	1605
1554	1608
1608	1554
1554	1609
1554	1610
1610	1554
1554	1612
1612	1554
1554	1613
1613	1554
1554	1617
1617	1554
1554	1618
1554	1621
1621	1554
1554	1622
1622	1554
1554	1623
1623	1554
1554	1662
1554	1663
1663	1554
1554	1669
1669	1554
1554	1675
1675	1554
1554	1683
1683	1554
1554	1689
1689	1554
1554	1707
1554	1714
1714	1554
1554	1717
1717	1554
1554	1721
1721	1554
1554	1723
1723	1554
1554	1730
1730	1554
1554	1734
1554	1736
1736	1554
1554	1737
1737	1554
1554	1741
1554	1746
1746	1554
1554	1750
1750	1554
1554	1752
1752	1554
1554	1753
1753	1554
1554	1754
1554	1757
1757	1554
1554	1768
1554	1791
1791	1554
1554	1793
1793	1554
1554	1795
1795	1554
1554	1799
1799	1554
1554	1800
1800	1554
1554	1811
1811	1554
1554	1813
1813	1554
1554	1819
1819	1554
1554	1826
1554	1827
1827	1554
1554	1833
1833	1554
1554	1835
1835	1554
1554	1839
1554	1845
1845	1554
1554	1849
1554	1861
1861	1554
1554	1864
1554	1867
1867	1554
1554	1877
1877	1554
1554	1879
1554	1888
1888	1554
1554	1891
1891	1554
1561	1555
1579	1555
1588	1555
1593	1555
1678	1555
1719	1555
1726	1555
1803	1555
1610	1556
1668	1556
1757	1556
1789	1556
1886	1556
1888	1556
1557	1559
1559	1557
1557	1584
1584	1557
1557	1589
1589	1557
1557	1597
1597	1557
1557	1598
1557	1600
1600	1557
1557	1603
1603	1557
1557	1609
1557	1612
1612	1557
1557	1613
1613	1557
1557	1614
1614	1557
1557	1617
1617	1557
1557	1620
1620	1557
1557	1621
1621	1557
1557	1622
1622	1557
1557	1623
1623	1557
1557	1632
1557	1643
1643	1557
1557	1644
1644	1557
1557	1653
1653	1557
1557	1659
1659	1557
1557	1662
1557	1663
1663	1557
1557	1669
1669	1557
1557	1683
1683	1557
1557	1685
1557	1688
1688	1557
1557	1689
1689	1557
1557	1707
1557	1710
1710	1557
1557	1717
1717	1557
1557	1721
1721	1557
1557	1724
1724	1557
1557	1730
1730	1557
1557	1734
1557	1735
1735	1557
1557	1736
1736	1557
1557	1737
1737	1557
1557	1746
1746	1557
1557	1750
1750	1557
1557	1752
1752	1557
1557	1754
1557	1757
1757	1557
1557	1761
1761	1557
1557	1768
1557	1772
1557	1789
1789	1557
1557	1791
1791	1557
1557	1793
1793	1557
1557	1795
1795	1557
1557	1796
1796	1557
1557	1799
1799	1557
1557	1800
1800	1557
1557	1819
1819	1557
1557	1823
1823	1557
1557	1827
1827	1557
1557	1833
1833	1557
1557	1835
1835	1557
1557	1845
1845	1557
1557	1861
1861	1557
1557	1864
1557	1867
1867	1557
1557	1877
1877	1557
1557	1879
1557	1886
1886	1557
1557	1888
1888	1557
1558	1860
1559	1561
1561	1559
1559	1563
1563	1559
1559	1570
1559	1580
1580	1559
1559	1584
1584	1559
1559	1589
1589	1559
1559	1594
1594	1559
1559	1597
1597	1559
1559	1598
1559	1603
1603	1559
1559	1604
1559	1608
1608	1559
1559	1609
1559	1610
1610	1559
1559	1612
1612	1559
1559	1613
1613	1559
1559	1621
1621	1559
1559	1622
1622	1559
1559	1637
1637	1559
1559	1639
1639	1559
1559	1643
1643	1559
1559	1662
1559	1663
1663	1559
1559	1665
1559	1668
1668	1559
1559	1669
1669	1559
1559	1675
1675	1559
1559	1683
1683	1559
1559	1689
1689	1559
1559	1712
1559	1714
1714	1559
1559	1717
1717	1559
1559	1723
1723	1559
1559	1730
1730	1559
1559	1735
1735	1559
1559	1736
1736	1559
1559	1741
1559	1746
1746	1559
1559	1750
1750	1559
1559	1752
1752	1559
1559	1753
1753	1559
1559	1757
1757	1559
1559	1761
1761	1559
1559	1768
1559	1772
1559	1782
1559	1789
1789	1559
1559	1791
1791	1559
1559	1793
1793	1559
1559	1799
1799	1559
1559	1800
1800	1559
1559	1804
1559	1809
1809	1559
1559	1810
1559	1811
1811	1559
1559	1813
1813	1559
1559	1816
1816	1559
1559	1823
1823	1559
1559	1826
1559	1827
1827	1559
1559	1833
1833	1559
1559	1835
1835	1559
1559	1839
1559	1842
1842	1559
1559	1843
1843	1559
1559	1849
1559	1861
1861	1559
1559	1864
1559	1868
1559	1879
1559	1888
1888	1559
1559	1891
1891	1559
1559	1898
1559	1902
1902	1559
1561	1621
1621	1561
1561	1626
1626	1561
1561	1656
1561	1678
1678	1561
1561	1702
1702	1561
1561	1852
1852	1561
1561	1863
1863	1561
1561	1911
1886	1562
1563	1570
1563	1584
1584	1563
1563	1589
1589	1563
1563	1590
1563	1603
1603	1563
1563	1610
1610	1563
1563	1612
1612	1563
1563	1613
1613	1563
1563	1621
1621	1563
1563	1622
1622	1563
1563	1637
1637	1563
1563	1643
1643	1563
1563	1662
1563	1663
1663	1563
1563	1665
1563	1669
1669	1563
1563	1675
1675	1563
1563	1683
1683	1563
1563	1689
1689	1563
1563	1707
1563	1717
1717	1563
1563	1730
1730	1563
1563	1735
1735	1563
1563	1736
1736	1563
1563	1752
1752	1563
1563	1753
1753	1563
1563	1768
1563	1769
1769	1563
1563	1774
1774	1563
1563	1782
1563	1793
1793	1563
1563	1795
1795	1563
1563	1799
1799	1563
1563	1800
1800	1563
1563	1804
1563	1810
1563	1813
1813	1563
1563	1827
1827	1563
1563	1833
1833	1563
1563	1835
1835	1563
1563	1836
1836	1563
1563	1839
1563	1845
1845	1563
1563	1852
1852	1563
1563	1861
1861	1563
1563	1891
1891	1563
1564	1585
1585	1564
1564	1666
1564	1675
1675	1564
1564	1779
1779	1564
1564	1822
1564	1860
1564	1905
1761	1566
1588	1567
1593	1567
1698	1567
1719	1567
1803	1567
1591	1569
1635	1569
1872	1569
1580	1570
1584	1570
1600	1570
1603	1570
1608	1570
1612	1570
1613	1570
1620	1570
1621	1570
1623	1570
1637	1570
1639	1570
1643	1570
1652	1570
1663	1570
1669	1570
1675	1570
1714	1570
1717	1570
1730	1570
1753	1570
1761	1570
1765	1570
1795	1570
1811	1570
1813	1570
1823	1570
1833	1570
1835	1570
1842	1570
1861	1570
1888	1570
1891	1570
1902	1570
1580	1571
1589	1571
1600	1571
1619	1571
1620	1571
1622	1571
1663	1571
1669	1571
1722	1571
1730	1571
1793	1571
1796	1571
1823	1571
1833	1571
1902	1571
1572	1597
1597	1572
1572	1644
1644	1572
1572	1653
1653	1572
1572	1659
1659	1572
1572	1688
1688	1572
1572	1724
1724	1572
1572	1730
1730	1572
1572	1737
1737	1572
1572	1746
1746	1572
1572	1752
1752	1572
1572	1757
1757	1572
1572	1789
1789	1572
1572	1799
1799	1572
1572	1800
1800	1572
1572	1810
1572	1827
1827	1572
1572	1877
1877	1572
1591	1573
1636	1573
1682	1573
1691	1573
1899	1573
1727	1575
1761	1575
1636	1576
1682	1576
1691	1576
1872	1576
1899	1576
1718	1577
1920	1577
1932	1577
1947	1577
1948	1577
1954	1577
1959	1577
1994	1577
2007	1577
2028	1577
2038	1577
2039	1577
2042	1577
2047	1577
2053	1577
2068	1577
2071	1577
2072	1577
2081	1577
2087	1577
2111	1577
2117	1577
2125	1577
2127	1577
2133	1577
2134	1577
2135	1577
2138	1577
2148	1577
2163	1577
2174	1577
2176	1577
2187	1577
2189	1577
2194	1577
2196	1577
2199	1577
2223	1577
2224	1577
2241	1577
2246	1577
2247	1577
2279	1577
2282	1577
2289	1577
2294	1577
2315	1577
2333	1577
2338	1577
2343	1577
2347	1577
2351	1577
2377	1577
2385	1577
2394	1577
2419	1577
2420	1577
2451	1577
2461	1577
2471	1577
2472	1577
2475	1577
2498	1577
2511	1577
2516	1577
2519	1577
2533	1577
2543	1577
2555	1577
2582	1577
2589	1577
2592	1577
2594	1577
2597	1577
2608	1577
2643	1577
2649	1577
1635	1578
1691	1578
1580	1589
1589	1580
1580	1598
1580	1604
1580	1605
1580	1608
1608	1580
1580	1610
1610	1580
1580	1613
1613	1580
1580	1614
1614	1580
1580	1621
1621	1580
1580	1637
1637	1580
1580	1662
1580	1663
1663	1580
1580	1665
1580	1707
1580	1736
1736	1580
1580	1741
1580	1746
1746	1580
1580	1768
1580	1772
1580	1791
1791	1580
1580	1793
1793	1580
1580	1800
1800	1580
1580	1804
1580	1805
1805	1580
1580	1816
1816	1580
1580	1833
1833	1580
1580	1839
1580	1842
1842	1580
1580	1849
1580	1861
1861	1580
1580	1868
1580	1879
1580	1888
1888	1580
1580	1898
1580	1902
1902	1580
1828	1582
1848	1582
1591	1583
1635	1583
1636	1583
1682	1583
1691	1583
1859	1583
1872	1583
1899	1583
1584	1589
1589	1584
1584	1590
1584	1595
1584	1597
1597	1584
1584	1598
1584	1600
1600	1584
1584	1603
1603	1584
1584	1604
1584	1608
1608	1584
1584	1612
1612	1584
1584	1613
1613	1584
1584	1614
1614	1584
1584	1617
1617	1584
1584	1619
1619	1584
1584	1621
1621	1584
1584	1622
1622	1584
1584	1639
1639	1584
1584	1643
1643	1584
1584	1653
1653	1584
1584	1658
1584	1662
1584	1663
1663	1584
1584	1665
1584	1668
1668	1584
1584	1669
1669	1584
1584	1675
1675	1584
1584	1683
1683	1584
1584	1703
1584	1707
1584	1712
1584	1714
1714	1584
1584	1717
1717	1584
1584	1721
1721	1584
1584	1730
1730	1584
1584	1735
1735	1584
1584	1736
1736	1584
1584	1741
1584	1746
1746	1584
1584	1750
1750	1584
1584	1752
1752	1584
1584	1753
1753	1584
1584	1757
1757	1584
1584	1761
1761	1584
1584	1765
1765	1584
1584	1768
1584	1789
1789	1584
1584	1791
1791	1584
1584	1793
1793	1584
1584	1799
1799	1584
1584	1800
1800	1584
1584	1804
1584	1807
1584	1809
1809	1584
1584	1810
1584	1813
1813	1584
1584	1816
1816	1584
1584	1818
1584	1819
1819	1584
1584	1823
1823	1584
1584	1826
1584	1827
1827	1584
1584	1833
1833	1584
1584	1835
1835	1584
1584	1839
1584	1843
1843	1584
1584	1845
1845	1584
1584	1849
1584	1864
1584	1867
1867	1584
1584	1868
1584	1877
1877	1584
1584	1879
1584	1886
1886	1584
1584	1888
1888	1584
1584	1894
1584	1902
1902	1584
1585	1590
1585	1666
1585	1779
1779	1585
1585	1822
1585	1860
1585	1905
1591	1587
1636	1587
1899	1587
1588	1593
1593	1588
1588	1676
1588	1678
1678	1588
1588	1687
1588	1705
1588	1719
1719	1588
1588	1803
1803	1588
1588	1806
1588	1847
1588	1866
1589	1590
1589	1597
1597	1589
1589	1598
1589	1603
1603	1589
1589	1604
1589	1605
1589	1608
1608	1589
1589	1609
1589	1610
1610	1589
1589	1612
1612	1589
1589	1613
1613	1589
1589	1614
1614	1589
1589	1617
1617	1589
1589	1621
1621	1589
1589	1622
1622	1589
1589	1623
1623	1589
1589	1632
1589	1637
1637	1589
1589	1639
1639	1589
1589	1643
1643	1589
1589	1662
1589	1663
1663	1589
1589	1665
1589	1668
1668	1589
1589	1669
1669	1589
1589	1675
1675	1589
1589	1683
1683	1589
1589	1685
1589	1689
1689	1589
1589	1707
1589	1712
1589	1714
1714	1589
1589	1717
1717	1589
1589	1721
1721	1589
1589	1722
1722	1589
1589	1730
1730	1589
1589	1734
1589	1735
1735	1589
1589	1736
1736	1589
1589	1737
1737	1589
1589	1746
1746	1589
1589	1750
1750	1589
1589	1752
1752	1589
1589	1753
1753	1589
1589	1754
1589	1757
1757	1589
1589	1761
1761	1589
1589	1765
1765	1589
1589	1768
1589	1772
1589	1782
1589	1793
1793	1589
1589	1795
1795	1589
1589	1796
1796	1589
1589	1799
1799	1589
1589	1800
1800	1589
1589	1804
1589	1810
1589	1813
1813	1589
1589	1816
1816	1589
1589	1819
1819	1589
1589	1823
1823	1589
1589	1827
1827	1589
1589	1833
1833	1589
1589	1835
1835	1589
1589	1839
1589	1842
1842	1589
1589	1845
1845	1589
1589	1849
1589	1864
1589	1867
1867	1589
1589	1868
1589	1879
1589	1886
1886	1589
1589	1888
1888	1589
1589	1891
1891	1589
1589	1902
1902	1589
1608	1590
1612	1590
1613	1590
1614	1590
1617	1590
1621	1590
1637	1590
1639	1590
1643	1590
1663	1590
1714	1590
1717	1590
1718	1590
1735	1590
1736	1590
1765	1590
1793	1590
1800	1590
1819	1590
1835	1590
1846	1590
1851	1590
1863	1590
1883	1590
1886	1590
1888	1590
1902	1590
1591	1595
1591	1596
1591	1611
1591	1628
1591	1636
1636	1591
1591	1649
1591	1655
1591	1661
1591	1680
1591	1691
1691	1591
1591	1706
1591	1715
1591	1716
1591	1720
1591	1727
1727	1591
1591	1764
1591	1781
1591	1783
1591	1786
1591	1807
1591	1828
1828	1591
1591	1841
1591	1857
1591	1862
1591	1871
1591	1872
1872	1591
1591	1873
1591	1884
1591	1887
1591	1893
1591	1899
1899	1591
1872	1592
1593	1687
1593	1705
1593	1708
1708	1593
1593	1758
1593	1784
1593	1787
1593	1803
1803	1593
1593	1806
1593	1825
1593	1866
1594	1741
1594	1851
1851	1594
1594	1858
1594	1909
1594	1911
1875	1595
1636	1596
1682	1596
1691	1596
1859	1596
1872	1596
1899	1596
1597	1600
1600	1597
1597	1603
1603	1597
1597	1610
1610	1597
1597	1612
1612	1597
1597	1617
1617	1597
1597	1621
1621	1597
1597	1622
1622	1597
1597	1623
1623	1597
1597	1632
1597	1643
1643	1597
1597	1644
1644	1597
1597	1652
1652	1597
1597	1653
1653	1597
1597	1659
1659	1597
1597	1663
1663	1597
1597	1665
1597	1683
1683	1597
1597	1688
1688	1597
1597	1689
1689	1597
1597	1707
1597	1714
1714	1597
1597	1721
1721	1597
1597	1735
1735	1597
1597	1736
1736	1597
1597	1737
1737	1597
1597	1746
1746	1597
1597	1750
1750	1597
1597	1752
1752	1597
1597	1761
1761	1597
1597	1791
1791	1597
1597	1795
1795	1597
1597	1799
1799	1597
1597	1800
1800	1597
1597	1804
1597	1816
1816	1597
1597	1819
1819	1597
1597	1823
1823	1597
1597	1827
1827	1597
1597	1833
1833	1597
1597	1842
1842	1597
1597	1867
1867	1597
1597	1877
1877	1597
1597	1879
1597	1886
1886	1597
1597	1888
1888	1597
1600	1598
1603	1598
1610	1598
1613	1598
1619	1598
1622	1598
1639	1598
1652	1598
1659	1598
1663	1598
1668	1598
1714	1598
1717	1598
1736	1598
1746	1598
1757	1598
1789	1598
1793	1598
1795	1598
1800	1598
1809	1598
1816	1598
1823	1598
1833	1598
1842	1598
1843	1598
1867	1598
1877	1598
1886	1598
1888	1598
1902	1598
1761	1599
1600	1603
1603	1600
1600	1609
1600	1610
1610	1600
1600	1612
1612	1600
1600	1620
1620	1600
1600	1621
1621	1600
1600	1622
1622	1600
1600	1623
1623	1600
1600	1632
1600	1652
1652	1600
1600	1653
1653	1600
1600	1659
1659	1600
1600	1663
1663	1600
1600	1669
1669	1600
1600	1683
1683	1600
1600	1685
1600	1688
1688	1600
1600	1689
1689	1600
1600	1714
1714	1600
1600	1717
1717	1600
1600	1721
1721	1600
1600	1724
1724	1600
1600	1730
1730	1600
1600	1736
1736	1600
1600	1737
1737	1600
1600	1746
1746	1600
1600	1750
1750	1600
1600	1752
1752	1600
1600	1761
1761	1600
1600	1768
1600	1789
1789	1600
1600	1791
1791	1600
1600	1795
1795	1600
1600	1800
1800	1600
1600	1804
1600	1811
1811	1600
1600	1813
1813	1600
1600	1816
1816	1600
1600	1819
1819	1600
1600	1827
1827	1600
1600	1835
1835	1600
1600	1861
1861	1600
1600	1867
1867	1600
1600	1877
1877	1600
1600	1879
1600	1888
1888	1600
1600	1891
1891	1600
1603	1608
1608	1603
1603	1610
1610	1603
1603	1612
1612	1603
1603	1613
1613	1603
1603	1619
1619	1603
1603	1621
1621	1603
1603	1622
1622	1603
1603	1623
1623	1603
1603	1643
1643	1603
1603	1662
1603	1663
1663	1603
1603	1668
1668	1603
1603	1669
1669	1603
1603	1675
1675	1603
1603	1685
1603	1707
1603	1712
1603	1714
1714	1603
1603	1717
1717	1603
1603	1721
1721	1603
1603	1730
1730	1603
1603	1734
1603	1735
1735	1603
1603	1736
1736	1603
1603	1741
1603	1746
1746	1603
1603	1750
1750	1603
1603	1752
1752	1603
1603	1753
1753	1603
1603	1757
1757	1603
1603	1761
1761	1603
1603	1768
1603	1791
1791	1603
1603	1793
1793	1603
1603	1795
1795	1603
1603	1799
1799	1603
1603	1800
1800	1603
1603	1804
1603	1810
1603	1813
1813	1603
1603	1823
1823	1603
1603	1827
1827	1603
1603	1833
1833	1603
1603	1835
1835	1603
1603	1839
1603	1845
1845	1603
1603	1849
1603	1864
1603	1879
1603	1886
1886	1603
1603	1888
1888	1603
1610	1604
1613	1604
1614	1604
1617	1604
1619	1604
1620	1604
1622	1604
1637	1604
1663	1604
1668	1604
1669	1604
1675	1604
1688	1604
1714	1604
1717	1604
1722	1604
1730	1604
1736	1604
1789	1604
1791	1604
1793	1604
1800	1604
1809	1604
1811	1604
1813	1604
1816	1604
1835	1604
1842	1604
1843	1604
1861	1604
1863	1604
1888	1604
1902	1604
1610	1605
1617	1605
1619	1605
1622	1605
1663	1605
1675	1605
1714	1605
1722	1605
1730	1605
1746	1605
1757	1605
1800	1605
1809	1605
1816	1605
1843	1605
1888	1605
1902	1605
1608	1610
1610	1608
1608	1612
1612	1608
1608	1613
1613	1608
1608	1617
1617	1608
1608	1621
1621	1608
1608	1622
1622	1608
1608	1637
1637	1608
1608	1643
1643	1608
1608	1663
1663	1608
1608	1669
1669	1608
1608	1675
1675	1608
1608	1689
1689	1608
1608	1707
1608	1714
1714	1608
1608	1730
1730	1608
1608	1735
1735	1608
1608	1736
1736	1608
1608	1746
1746	1608
1608	1753
1753	1608
1608	1761
1761	1608
1608	1768
1608	1772
1608	1795
1795	1608
1608	1800
1800	1608
1608	1804
1608	1823
1823	1608
1608	1827
1827	1608
1608	1833
1833	1608
1608	1835
1835	1608
1608	1839
1608	1842
1842	1608
1608	1861
1861	1608
1608	1888
1888	1608
1608	1902
1902	1608
1610	1609
1620	1609
1621	1609
1637	1609
1643	1609
1663	1609
1669	1609
1675	1609
1688	1609
1717	1609
1730	1609
1791	1609
1793	1609
1800	1609
1811	1609
1813	1609
1835	1609
1842	1609
1861	1609
1888	1609
1902	1609
1610	1612
1612	1610
1610	1613
1613	1610
1610	1619
1619	1610
1610	1621
1621	1610
1610	1622
1622	1610
1610	1623
1623	1610
1610	1639
1639	1610
1610	1643
1643	1610
1610	1652
1652	1610
1610	1653
1653	1610
1610	1662
1610	1663
1663	1610
1610	1665
1610	1668
1668	1610
1610	1669
1669	1610
1610	1675
1675	1610
1610	1685
1610	1707
1610	1712
1610	1717
1717	1610
1610	1721
1721	1610
1610	1723
1723	1610
1610	1730
1730	1610
1610	1736
1736	1610
1610	1746
1746	1610
1610	1752
1752	1610
1610	1753
1753	1610
1610	1754
1610	1757
1757	1610
1610	1761
1761	1610
1610	1768
1610	1772
1610	1782
1610	1789
1789	1610
1610	1793
1793	1610
1610	1796
1796	1610
1610	1799
1799	1610
1610	1800
1800	1610
1610	1804
1610	1809
1809	1610
1610	1811
1811	1610
1610	1813
1813	1610
1610	1816
1816	1610
1610	1826
1610	1827
1827	1610
1610	1832
1610	1833
1833	1610
1610	1839
1610	1842
1842	1610
1610	1849
1610	1868
1610	1874
1610	1879
1610	1886
1886	1610
1610	1888
1888	1610
1610	1891
1891	1610
1610	1898
1610	1902
1902	1610
1636	1611
1682	1611
1691	1611
1872	1611
1899	1611
1612	1613
1613	1612
1612	1614
1614	1612
1612	1617
1617	1612
1612	1619
1619	1612
1612	1621
1621	1612
1612	1622
1622	1612
1612	1623
1623	1612
1612	1632
1612	1637
1637	1612
1612	1639
1639	1612
1612	1643
1643	1612
1612	1652
1652	1612
1612	1653
1653	1612
1612	1662
1612	1663
1663	1612
1612	1668
1668	1612
1612	1669
1669	1612
1612	1675
1675	1612
1612	1683
1683	1612
1612	1685
1612	1689
1689	1612
1612	1707
1612	1714
1714	1612
1612	1717
1717	1612
1612	1721
1721	1612
1612	1730
1730	1612
1612	1735
1735	1612
1612	1736
1736	1612
1612	1737
1737	1612
1612	1741
1612	1746
1746	1612
1612	1750
1750	1612
1612	1752
1752	1612
1612	1753
1753	1612
1612	1757
1757	1612
1612	1761
1761	1612
1612	1765
1765	1612
1612	1768
1612	1769
1769	1612
1612	1774
1774	1612
1612	1782
1612	1789
1789	1612
1612	1791
1791	1612
1612	1795
1795	1612
1612	1796
1796	1612
1612	1799
1799	1612
1612	1800
1800	1612
1612	1804
1612	1810
1612	1816
1816	1612
1612	1819
1819	1612
1612	1823
1823	1612
1612	1826
1612	1827
1827	1612
1612	1833
1833	1612
1612	1835
1835	1612
1612	1836
1836	1612
1612	1839
1612	1849
1612	1851
1851	1612
1612	1867
1867	1612
1612	1877
1877	1612
1612	1879
1612	1886
1886	1612
1612	1888
1888	1612
1612	1891
1891	1612
1613	1614
1614	1613
1613	1617
1617	1613
1613	1620
1620	1613
1613	1621
1621	1613
1613	1622
1622	1613
1613	1623
1623	1613
1613	1632
1613	1637
1637	1613
1613	1639
1639	1613
1613	1643
1643	1613
1613	1644
1644	1613
1613	1652
1652	1613
1613	1653
1653	1613
1613	1662
1613	1663
1663	1613
1613	1665
1613	1668
1668	1613
1613	1669
1669	1613
1613	1675
1675	1613
1613	1683
1683	1613
1613	1685
1613	1689
1689	1613
1613	1707
1613	1712
1613	1714
1714	1613
1613	1717
1717	1613
1613	1721
1721	1613
1613	1730
1730	1613
1613	1734
1613	1735
1735	1613
1613	1736
1736	1613
1613	1737
1737	1613
1613	1746
1746	1613
1613	1752
1752	1613
1613	1753
1753	1613
1613	1757
1757	1613
1613	1761
1761	1613
1613	1765
1765	1613
1613	1768
1613	1772
1613	1789
1789	1613
1613	1791
1791	1613
1613	1793
1793	1613
1613	1795
1795	1613
1613	1796
1796	1613
1613	1799
1799	1613
1613	1800
1800	1613
1613	1804
1613	1809
1809	1613
1613	1811
1811	1613
1613	1813
1813	1613
1613	1816
1816	1613
1613	1821
1613	1823
1823	1613
1613	1827
1827	1613
1613	1833
1833	1613
1613	1835
1835	1613
1613	1842
1842	1613
1613	1849
1613	1861
1861	1613
1613	1867
1867	1613
1613	1868
1613	1879
1613	1888
1888	1613
1613	1891
1891	1613
1613	1902
1902	1613
1614	1621
1621	1614
1614	1665
1614	1669
1669	1614
1614	1675
1675	1614
1614	1689
1689	1614
1614	1730
1730	1614
1614	1735
1735	1614
1614	1752
1752	1614
1614	1761
1761	1614
1614	1765
1765	1614
1614	1768
1614	1772
1614	1782
1614	1796
1796	1614
1614	1799
1799	1614
1614	1800
1800	1614
1614	1819
1819	1614
1614	1833
1833	1614
1614	1846
1846	1614
1614	1851
1851	1614
1614	1864
1614	1867
1867	1614
1614	1886
1886	1614
1614	1888
1888	1614
1698	1615
1708	1615
1617	1621
1621	1617
1617	1632
1617	1637
1637	1617
1617	1643
1643	1617
1617	1662
1617	1663
1663	1617
1617	1668
1668	1617
1617	1669
1669	1617
1617	1689
1689	1617
1617	1700
1700	1617
1617	1707
1617	1714
1714	1617
1617	1717
1717	1617
1617	1718
1718	1617
1617	1730
1730	1617
1617	1735
1735	1617
1617	1741
1617	1746
1746	1617
1617	1750
1750	1617
1617	1754
1617	1789
1789	1617
1617	1791
1791	1617
1617	1793
1793	1617
1617	1799
1799	1617
1617	1800
1800	1617
1617	1804
1617	1813
1813	1617
1617	1816
1816	1617
1617	1826
1617	1827
1827	1617
1617	1833
1833	1617
1617	1835
1835	1617
1617	1845
1845	1617
1617	1849
1617	1851
1851	1617
1617	1864
1617	1877
1877	1617
1617	1886
1886	1617
1617	1888
1888	1617
1622	1618
1717	1618
1718	1618
1819	1618
1827	1618
1836	1618
1877	1618
1619	1632
1619	1662
1619	1663
1663	1619
1619	1665
1619	1668
1668	1619
1619	1683
1683	1619
1619	1707
1619	1712
1619	1714
1714	1619
1619	1722
1722	1619
1619	1736
1736	1619
1619	1741
1619	1746
1746	1619
1619	1757
1757	1619
1619	1772
1619	1793
1793	1619
1619	1795
1795	1619
1619	1796
1796	1619
1619	1800
1800	1619
1619	1804
1619	1809
1809	1619
1619	1816
1816	1619
1619	1823
1823	1619
1619	1826
1619	1832
1619	1833
1833	1619
1619	1839
1619	1849
1619	1861
1861	1619
1619	1868
1619	1879
1619	1886
1886	1619
1619	1888
1888	1619
1619	1898
1620	1621
1621	1620
1620	1622
1622	1620
1620	1632
1620	1643
1643	1620
1620	1644
1644	1620
1620	1646
1620	1653
1653	1620
1620	1659
1659	1620
1620	1663
1663	1620
1620	1665
1620	1675
1675	1620
1620	1683
1683	1620
1620	1688
1688	1620
1620	1689
1689	1620
1620	1707
1620	1724
1724	1620
1620	1730
1730	1620
1620	1746
1746	1620
1620	1754
1620	1768
1620	1789
1789	1620
1620	1791
1791	1620
1620	1800
1800	1620
1620	1804
1620	1813
1813	1620
1620	1816
1816	1620
1620	1823
1823	1620
1620	1827
1827	1620
1620	1833
1833	1620
1620	1835
1835	1620
1620	1845
1845	1620
1620	1861
1861	1620
1620	1864
1620	1867
1867	1620
1620	1877
1877	1620
1620	1881
1620	1885
1620	1888
1888	1620
1620	1900
1900	1620
1621	1622
1622	1621
1621	1623
1623	1621
1621	1637
1637	1621
1621	1643
1643	1621
1621	1652
1652	1621
1621	1659
1659	1621
1621	1662
1621	1663
1663	1621
1621	1668
1668	1621
1621	1669
1669	1621
1621	1675
1675	1621
1621	1683
1683	1621
1621	1685
1621	1689
1689	1621
1621	1707
1621	1714
1714	1621
1621	1717
1717	1621
1621	1718
1718	1621
1621	1721
1721	1621
1621	1730
1730	1621
1621	1734
1621	1735
1735	1621
1621	1736
1736	1621
1621	1741
1621	1746
1746	1621
1621	1750
1750	1621
1621	1752
1752	1621
1621	1753
1753	1621
1621	1757
1757	1621
1621	1761
1761	1621
1621	1765
1765	1621
1621	1768
1621	1782
1621	1789
1789	1621
1621	1791
1791	1621
1621	1793
1793	1621
1621	1799
1799	1621
1621	1800
1800	1621
1621	1804
1621	1809
1809	1621
1621	1810
1621	1813
1813	1621
1621	1819
1819	1621
1621	1823
1823	1621
1621	1826
1621	1827
1827	1621
1621	1833
1833	1621
1621	1835
1835	1621
1621	1839
1621	1842
1842	1621
1621	1849
1621	1867
1867	1621
1621	1868
1621	1879
1621	1886
1886	1621
1621	1888
1888	1621
1621	1891
1891	1621
1621	1902
1902	1621
1622	1632
1622	1639
1639	1622
1622	1643
1643	1622
1622	1644
1644	1622
1622	1652
1652	1622
1622	1653
1653	1622
1622	1659
1659	1622
1622	1662
1622	1663
1663	1622
1622	1669
1669	1622
1622	1675
1675	1622
1622	1683
1683	1622
1622	1685
1622	1688
1688	1622
1622	1689
1689	1622
1622	1707
1622	1712
1622	1714
1714	1622
1622	1717
1717	1622
1622	1722
1722	1622
1622	1724
1724	1622
1622	1730
1730	1622
1622	1736
1736	1622
1622	1741
1622	1746
1746	1622
1622	1750
1750	1622
1622	1752
1752	1622
1622	1753
1753	1622
1622	1761
1761	1622
1622	1765
1765	1622
1622	1768
1622	1789
1789	1622
1622	1791
1791	1622
1622	1793
1793	1622
1622	1795
1795	1622
1622	1796
1796	1622
1622	1799
1799	1622
1622	1800
1800	1622
1622	1804
1622	1813
1813	1622
1622	1819
1819	1622
1622	1823
1823	1622
1622	1827
1827	1622
1622	1833
1833	1622
1622	1835
1835	1622
1622	1839
1622	1842
1842	1622
1622	1843
1843	1622
1622	1845
1845	1622
1622	1849
1622	1851
1851	1622
1622	1861
1861	1622
1622	1867
1867	1622
1622	1877
1877	1622
1622	1879
1622	1886
1886	1622
1622	1888
1888	1622
1622	1891
1891	1622
1622	1902
1902	1622
1623	1632
1623	1643
1643	1623
1623	1644
1644	1623
1623	1652
1652	1623
1623	1659
1659	1623
1623	1662
1623	1683
1683	1623
1623	1689
1689	1623
1623	1707
1623	1714
1714	1623
1623	1717
1717	1623
1623	1721
1721	1623
1623	1736
1736	1623
1623	1737
1737	1623
1623	1746
1746	1623
1623	1750
1750	1623
1623	1752
1752	1623
1623	1768
1623	1795
1795	1623
1623	1799
1799	1623
1623	1800
1800	1623
1623	1804
1623	1810
1623	1816
1816	1623
1623	1819
1819	1623
1623	1826
1623	1827
1827	1623
1623	1833
1833	1623
1623	1864
1623	1867
1867	1623
1623	1879
1623	1888
1888	1623
1623	1909
1626	1674
1626	1683
1683	1626
1626	1702
1702	1626
1626	1718
1718	1626
1626	1774
1774	1626
1626	1780
1626	1800
1800	1626
1626	1805
1805	1626
1626	1813
1813	1626
1626	1817
1817	1626
1626	1851
1851	1626
1626	1858
1626	1863
1863	1626
1626	1865
1865	1626
1626	1883
1883	1626
1626	1909
1626	1911
1635	1628
1636	1628
1691	1628
1859	1628
1872	1628
1875	1628
1899	1628
1727	1630
1644	1632
1653	1632
1663	1632
1683	1632
1689	1632
1700	1632
1717	1632
1730	1632
1736	1632
1746	1632
1752	1632
1789	1632
1796	1632
1799	1632
1800	1632
1823	1632
1827	1632
1833	1632
1835	1632
1867	1632
1877	1632
1888	1632
1635	1636
1636	1635
1635	1691
1691	1635
1635	1857
1635	1859
1859	1635
1635	1862
1635	1899
1899	1635
1635	1903
1636	1680
1636	1706
1636	1715
1636	1716
1636	1742
1636	1786
1636	1820
1636	1857
1636	1859
1859	1636
1636	1873
1636	1884
1636	1893
1636	1899
1899	1636
1636	1903
1637	1639
1639	1637
1637	1643
1643	1637
1637	1663
1663	1637
1637	1669
1669	1637
1637	1675
1675	1637
1637	1714
1714	1637
1637	1730
1730	1637
1637	1746
1746	1637
1637	1761
1761	1637
1637	1765
1765	1637
1637	1768
1637	1774
1774	1637
1637	1779
1779	1637
1637	1791
1791	1637
1637	1795
1795	1637
1637	1804
1637	1811
1811	1637
1637	1835
1835	1637
1637	1842
1842	1637
1637	1845
1845	1637
1637	1851
1851	1637
1637	1861
1861	1637
1637	1888
1888	1637
1639	1643
1643	1639
1639	1644
1644	1639
1639	1662
1639	1663
1663	1639
1639	1670
1639	1683
1683	1639
1639	1714
1714	1639
1639	1717
1717	1639
1639	1723
1723	1639
1639	1730
1730	1639
1639	1746
1746	1639
1639	1761
1761	1639
1639	1765
1765	1639
1639	1768
1639	1774
1774	1639
1639	1779
1779	1639
1639	1782
1639	1791
1791	1639
1639	1813
1813	1639
1639	1819
1819	1639
1639	1835
1835	1639
1639	1839
1639	1846
1846	1639
1639	1851
1851	1639
1639	1888
1888	1639
1639	1891
1891	1639
1639	1902
1902	1639
1641	1803
1803	1641
1641	1817
1817	1641
1641	1866
1643	1652
1652	1643
1643	1653
1653	1643
1643	1663
1663	1643
1643	1669
1669	1643
1643	1675
1675	1643
1643	1707
1643	1714
1714	1643
1643	1721
1721	1643
1643	1723
1723	1643
1643	1730
1730	1643
1643	1735
1735	1643
1643	1746
1746	1643
1643	1753
1753	1643
1643	1757
1757	1643
1643	1761
1761	1643
1643	1765
1765	1643
1643	1768
1643	1774
1774	1643
1643	1789
1789	1643
1643	1791
1791	1643
1643	1796
1796	1643
1643	1799
1799	1643
1643	1804
1643	1813
1813	1643
1643	1823
1823	1643
1643	1833
1833	1643
1643	1835
1835	1643
1643	1867
1867	1643
1643	1888
1888	1643
1644	1652
1652	1644
1644	1659
1659	1644
1644	1683
1683	1644
1644	1689
1689	1644
1644	1700
1700	1644
1644	1717
1717	1644
1644	1721
1721	1644
1644	1724
1724	1644
1644	1730
1730	1644
1644	1746
1746	1644
1644	1750
1750	1644
1644	1752
1752	1644
1644	1765
1765	1644
1644	1793
1793	1644
1644	1795
1795	1644
1644	1800
1800	1644
1644	1819
1819	1644
1644	1823
1823	1644
1644	1827
1827	1644
1644	1867
1867	1644
1675	1646
1813	1646
1867	1646
1682	1647
1872	1647
1899	1647
1727	1650
1828	1650
1730	1651
1652	1653
1653	1652
1652	1662
1652	1665
1652	1668
1668	1652
1652	1683
1683	1652
1652	1689
1689	1652
1652	1712
1652	1717
1717	1652
1652	1724
1724	1652
1652	1737
1737	1652
1652	1746
1746	1652
1652	1789
1789	1652
1652	1795
1795	1652
1652	1800
1800	1652
1652	1804
1652	1809
1809	1652
1652	1810
1652	1819
1819	1652
1652	1827
1827	1652
1652	1867
1867	1652
1652	1877
1877	1652
1652	1879
1652	1888
1888	1652
1653	1683
1683	1653
1653	1714
1714	1653
1653	1717
1717	1653
1653	1721
1721	1653
1653	1735
1735	1653
1653	1746
1746	1653
1653	1757
1757	1653
1653	1789
1789	1653
1653	1796
1796	1653
1653	1799
1799	1653
1653	1800
1800	1653
1653	1804
1653	1810
1653	1816
1816	1653
1653	1826
1653	1827
1827	1653
1653	1833
1833	1653
1653	1835
1835	1653
1653	1867
1867	1653
1653	1877
1877	1653
1653	1888
1888	1653
1682	1655
1859	1655
1872	1655
1702	1656
1726	1656
1852	1656
1808	1657
1823	1658
1659	1683
1683	1659
1659	1688
1688	1659
1659	1689
1689	1659
1659	1717
1717	1659
1659	1721
1721	1659
1659	1724
1724	1659
1659	1730
1730	1659
1659	1737
1737	1659
1659	1746
1746	1659
1659	1750
1750	1659
1659	1752
1752	1659
1659	1753
1753	1659
1659	1800
1800	1659
1659	1813
1813	1659
1659	1819
1819	1659
1659	1827
1827	1659
1659	1835
1835	1659
1659	1861
1861	1659
1659	1867
1867	1659
1659	1877
1877	1659
1659	1888
1888	1659
1659	1891
1891	1659
1828	1661
1848	1661
1859	1661
1668	1662
1669	1662
1683	1662
1689	1662
1714	1662
1730	1662
1735	1662
1736	1662
1746	1662
1750	1662
1757	1662
1774	1662
1789	1662
1796	1662
1799	1662
1800	1662
1809	1662
1816	1662
1823	1662
1827	1662
1833	1662
1835	1662
1842	1662
1845	1662
1888	1662
1891	1662
1663	1665
1663	1668
1668	1663
1663	1669
1669	1663
1663	1675
1675	1663
1663	1683
1683	1663
1663	1688
1688	1663
1663	1689
1689	1663
1663	1697
1697	1663
1663	1707
1663	1712
1663	1714
1714	1663
1663	1717
1717	1663
1663	1718
1718	1663
1663	1721
1721	1663
1663	1723
1723	1663
1663	1724
1724	1663
1663	1730
1730	1663
1663	1734
1663	1735
1735	1663
1663	1736
1736	1663
1663	1741
1663	1746
1746	1663
1663	1750
1750	1663
1663	1752
1752	1663
1663	1753
1753	1663
1663	1757
1757	1663
1663	1761
1761	1663
1663	1768
1663	1772
1663	1782
1663	1789
1789	1663
1663	1791
1791	1663
1663	1793
1793	1663
1663	1795
1795	1663
1663	1796
1796	1663
1663	1799
1799	1663
1663	1800
1800	1663
1663	1804
1663	1809
1809	1663
1663	1811
1811	1663
1663	1813
1813	1663
1663	1816
1816	1663
1663	1819
1819	1663
1663	1823
1823	1663
1663	1826
1663	1827
1827	1663
1663	1833
1833	1663
1663	1835
1835	1663
1663	1839
1663	1842
1842	1663
1663	1849
1663	1851
1851	1663
1663	1861
1861	1663
1663	1867
1867	1663
1663	1868
1663	1877
1877	1663
1663	1879
1663	1886
1886	1663
1663	1888
1888	1663
1663	1891
1891	1663
1663	1898
1663	1902
1902	1663
1663	1909
1668	1665
1689	1665
1714	1665
1730	1665
1736	1665
1746	1665
1750	1665
1757	1665
1789	1665
1791	1665
1793	1665
1795	1665
1799	1665
1800	1665
1809	1665
1813	1665
1816	1665
1833	1665
1842	1665
1845	1665
1867	1665
1888	1665
1902	1665
1726	1666
1792	1666
3100	1666
3186	1666
1668	1683
1683	1668
1668	1707
1668	1712
1668	1714
1714	1668
1668	1717
1717	1668
1668	1734
1668	1736
1736	1668
1668	1746
1746	1668
1668	1752
1752	1668
1668	1757
1757	1668
1668	1761
1761	1668
1668	1768
1668	1782
1668	1789
1789	1668
1668	1791
1791	1668
1668	1793
1793	1668
1668	1799
1799	1668
1668	1800
1800	1668
1668	1804
1668	1809
1809	1668
1668	1810
1668	1816
1816	1668
1668	1821
1668	1823
1823	1668
1668	1833
1833	1668
1668	1839
1668	1849
1668	1868
1668	1879
1668	1886
1886	1668
1668	1888
1888	1668
1668	1898
1668	1902
1902	1668
1669	1675
1675	1669
1669	1685
1669	1707
1669	1714
1714	1669
1669	1717
1717	1669
1669	1730
1730	1669
1669	1734
1669	1741
1669	1746
1746	1669
1669	1752
1752	1669
1669	1753
1753	1669
1669	1757
1757	1669
1669	1761
1761	1669
1669	1768
1669	1791
1791	1669
1669	1793
1793	1669
1669	1799
1799	1669
1669	1800
1800	1669
1669	1804
1669	1811
1811	1669
1669	1813
1813	1669
1669	1823
1823	1669
1669	1827
1827	1669
1669	1833
1833	1669
1669	1835
1835	1669
1669	1842
1842	1669
1669	1845
1845	1669
1669	1861
1861	1669
1669	1888
1888	1669
1669	1891
1891	1669
1669	1898
1669	1902
1902	1669
1678	1670
1765	1670
1828	1672
1800	1674
1863	1674
1883	1674
1675	1685
1675	1688
1688	1675
1675	1714
1714	1675
1675	1717
1717	1675
1675	1730
1730	1675
1675	1735
1735	1675
1675	1741
1675	1753
1753	1675
1675	1761
1761	1675
1675	1765
1765	1675
1675	1768
1675	1800
1800	1675
1675	1804
1675	1810
1675	1811
1811	1675
1675	1813
1813	1675
1675	1833
1833	1675
1675	1835
1835	1675
1675	1843
1843	1675
1675	1861
1861	1675
1675	1867
1867	1675
1675	1881
1675	1885
1675	1888
1888	1675
1675	1891
1891	1675
1675	1902
1902	1675
1678	1717
1717	1678
1678	1726
1726	1678
1678	1811
1811	1678
1678	1819
1819	1678
1678	1847
1678	1852
1852	1678
1682	1680
1691	1680
1859	1680
1872	1680
1727	1681
1682	1715
1682	1716
1682	1841
1682	1873
1682	1884
1682	1893
1682	1899
1899	1682
1682	1903
1683	1689
1689	1683
1683	1700
1700	1683
1683	1707
1683	1717
1717	1683
1683	1721
1721	1683
1683	1724
1724	1683
1683	1730
1730	1683
1683	1735
1735	1683
1683	1737
1737	1683
1683	1746
1746	1683
1683	1750
1750	1683
1683	1752
1752	1683
1683	1761
1761	1683
1683	1768
1683	1769
1769	1683
1683	1774
1774	1683
1683	1789
1789	1683
1683	1791
1791	1683
1683	1795
1795	1683
1683	1799
1799	1683
1683	1800
1800	1683
1683	1804
1683	1813
1813	1683
1683	1819
1819	1683
1683	1821
1683	1823
1823	1683
1683	1827
1827	1683
1683	1833
1833	1683
1683	1835
1835	1683
1683	1836
1836	1683
1683	1839
1683	1849
1683	1867
1867	1683
1683	1877
1877	1683
1683	1881
1683	1888
1888	1683
1683	1891
1891	1683
1726	1684
2662	1684
2665	1684
2668	1684
2671	1684
2675	1684
2682	1684
2685	1684
2686	1684
2696	1684
2697	1684
2702	1684
2711	1684
2713	1684
2715	1684
2718	1684
2723	1684
2724	1684
2728	1684
2730	1684
2737	1684
2739	1684
2744	1684
2747	1684
2751	1684
2758	1684
2768	1684
2772	1684
2775	1684
2779	1684
2795	1684
2801	1684
2816	1684
2820	1684
2825	1684
2829	1684
2830	1684
2831	1684
2843	1684
2844	1684
2845	1684
2860	1684
2865	1684
2870	1684
2871	1684
2878	1684
2892	1684
2900	1684
2914	1684
2918	1684
2921	1684
2932	1684
2934	1684
2947	1684
2950	1684
2951	1684
2955	1684
2957	1684
2962	1684
2984	1684
2990	1684
2995	1684
2996	1684
3001	1684
3002	1684
3007	1684
3018	1684
3019	1684
3027	1684
3032	1684
3043	1684
3048	1684
3050	1684
3061	1684
3062	1684
3067	1684
3068	1684
3069	1684
3075	1684
3077	1684
3081	1684
3086	1684
3087	1684
3093	1684
3100	1684
3103	1684
3107	1684
3118	1684
3124	1684
3134	1684
3136	1684
3140	1684
3144	1684
3151	1684
3154	1684
3156	1684
3160	1684
3162	1684
3167	1684
3168	1684
3171	1684
3176	1684
3177	1684
3186	1684
3187	1684
3189	1684
3191	1684
3196	1684
3199	1684
3203	1684
3207	1684
3210	1684
3219	1684
3223	1684
3233	1684
3236	1684
3241	1684
3244	1684
3246	1684
3249	1684
3253	1684
3255	1684
3256	1684
3264	1684
3266	1684
3273	1684
3276	1684
3279	1684
3285	1684
3295	1684
3307	1684
3308	1684
3312	1684
3323	1684
3326	1684
3334	1684
3337	1684
3346	1684
3356	1684
3358	1684
3359	1684
3365	1684
3366	1684
3369	1684
3371	1684
3379	1684
3380	1684
3385	1684
3393	1684
3395	1684
3398	1684
3404	1684
3405	1684
3409	1684
3410	1684
3412	1684
3415	1684
3418	1684
3420	1684
1722	1685
1730	1685
1736	1685
1746	1685
1753	1685
1799	1685
1800	1685
1809	1685
1813	1685
1833	1685
1835	1685
1845	1685
1861	1685
1888	1685
1902	1685
1698	1687
1708	1687
1719	1687
1803	1687
1688	1689
1689	1688
1688	1710
1710	1688
1688	1721
1721	1688
1688	1724
1724	1688
1688	1730
1730	1688
1688	1737
1737	1688
1688	1745
1688	1746
1746	1688
1688	1750
1750	1688
1688	1752
1752	1688
1688	1754
1688	1768
1688	1771
1688	1791
1791	1688
1688	1795
1795	1688
1688	1800
1800	1688
1688	1804
1688	1811
1811	1688
1688	1813
1813	1688
1688	1816
1816	1688
1688	1827
1827	1688
1688	1845
1845	1688
1688	1861
1861	1688
1688	1864
1688	1867
1867	1688
1688	1877
1877	1688
1688	1881
1688	1885
1689	1707
1689	1714
1714	1689
1689	1717
1717	1689
1689	1721
1721	1689
1689	1724
1724	1689
1689	1730
1730	1689
1689	1735
1735	1689
1689	1736
1736	1689
1689	1737
1737	1689
1689	1746
1746	1689
1689	1750
1750	1689
1689	1752
1752	1689
1689	1753
1753	1689
1689	1789
1789	1689
1689	1793
1793	1689
1689	1795
1795	1689
1689	1796
1796	1689
1689	1799
1799	1689
1689	1800
1800	1689
1689	1809
1809	1689
1689	1813
1813	1689
1689	1816
1816	1689
1689	1819
1819	1689
1689	1826
1689	1827
1827	1689
1689	1833
1833	1689
1689	1835
1835	1689
1689	1842
1842	1689
1689	1849
1689	1864
1689	1867
1867	1689
1689	1877
1877	1689
1689	1879
1689	1888
1888	1689
1689	1891
1891	1689
1689	1902
1902	1689
1691	1715
1691	1716
1691	1857
1691	1862
1691	1873
1691	1875
1875	1691
1691	1884
1691	1899
1899	1691
1724	1692
1808	1692
1761	1696
1697	1702
1702	1697
1697	1718
1718	1697
1697	1806
1697	1909
1698	1806
1698	1825
1698	1847
1700	1707
1700	1827
1827	1700
1701	1838
1838	1701
1702	1718
1718	1702
1702	1722
1722	1702
1702	1780
1702	1805
1805	1702
1702	1806
1702	1813
1813	1702
1702	1817
1817	1702
1702	1845
1845	1702
1702	1858
1702	1863
1863	1702
1702	1865
1865	1702
1702	1909
1702	1911
1719	1705
1803	1705
1714	1707
1717	1707
1721	1707
1722	1707
1730	1707
1735	1707
1736	1707
1737	1707
1746	1707
1750	1707
1752	1707
1757	1707
1761	1707
1789	1707
1791	1707
1793	1707
1796	1707
1799	1707
1800	1707
1809	1707
1816	1707
1823	1707
1827	1707
1833	1707
1842	1707
1845	1707
1886	1707
1888	1707
1902	1707
1710	1730
1730	1710
1710	1771
1710	1827
1827	1710
1710	1861
1861	1710
1710	1900
1900	1710
1714	1712
1717	1712
1736	1712
1746	1712
1757	1712
1761	1712
1789	1712
1791	1712
1793	1712
1796	1712
1800	1712
1809	1712
1816	1712
1823	1712
1833	1712
1846	1712
1863	1712
1888	1712
1714	1717
1717	1714
1714	1721
1721	1714
1714	1722
1722	1714
1714	1723
1723	1714
1714	1730
1730	1714
1714	1735
1735	1714
1714	1736
1736	1714
1714	1737
1737	1714
1714	1741
1714	1746
1746	1714
1714	1750
1750	1714
1714	1752
1752	1714
1714	1757
1757	1714
1714	1761
1761	1714
1714	1768
1714	1769
1769	1714
1714	1789
1789	1714
1714	1791
1791	1714
1714	1793
1793	1714
1714	1795
1795	1714
1714	1796
1796	1714
1714	1799
1799	1714
1714	1800
1800	1714
1714	1804
1714	1809
1809	1714
1714	1810
1714	1816
1816	1714
1714	1821
1714	1823
1823	1714
1714	1826
1714	1827
1827	1714
1714	1833
1833	1714
1714	1835
1835	1714
1714	1839
1714	1846
1846	1714
1714	1849
1714	1864
1714	1867
1867	1714
1714	1868
1714	1879
1714	1886
1886	1714
1714	1888
1888	1714
1714	1902
1902	1714
1859	1715
1872	1715
1875	1715
1899	1715
1872	1716
1899	1716
1717	1721
1721	1717
1717	1723
1723	1717
1717	1724
1724	1717
1717	1730
1730	1717
1717	1736
1736	1717
1717	1737
1737	1717
1717	1746
1746	1717
1717	1750
1750	1717
1717	1752
1752	1717
1717	1757
1757	1717
1717	1768
1717	1789
1789	1717
1717	1795
1795	1717
1717	1799
1799	1717
1717	1800
1800	1717
1717	1804
1717	1811
1811	1717
1717	1816
1816	1717
1717	1819
1819	1717
1717	1826
1717	1827
1827	1717
1717	1835
1835	1717
1717	1861
1861	1717
1717	1867
1867	1717
1717	1868
1717	1877
1877	1717
1717	1888
1888	1717
1717	1891
1891	1717
1717	1898
1718	1769
1769	1718
1718	1780
1718	1782
1718	1817
1817	1718
1718	1835
1835	1718
1718	1836
1836	1718
1718	1846
1846	1718
1718	1852
1852	1718
1718	1863
1863	1718
1718	1909
1718	1911
1718	1912
1718	1916
1718	1920
1920	1718
1718	1926
1926	1718
1718	1932
1932	1718
1718	1940
1718	1945
1718	1947
1947	1718
1718	1948
1948	1718
1718	1954
1954	1718
1718	1955
1955	1718
1718	2003
1718	2007
2007	1718
1718	2010
1718	2028
2028	1718
1718	2031
1718	2032
1718	2038
2038	1718
1718	2042
2042	1718
1718	2052
1718	2054
1718	2068
2068	1718
1718	2071
2071	1718
1718	2072
2072	1718
1718	2081
2081	1718
1718	2087
2087	1718
1718	2102
1718	2111
2111	1718
1718	2117
2117	1718
1718	2125
2125	1718
1718	2127
2127	1718
1718	2132
1718	2133
2133	1718
1718	2143
1718	2144
1718	2148
2148	1718
1718	2149
1718	2151
1718	2153
1718	2155
2155	1718
1718	2169
1718	2174
2174	1718
1718	2176
2176	1718
1718	2180
1718	2185
2185	1718
1718	2187
2187	1718
1718	2189
2189	1718
1718	2196
2196	1718
1718	2198
1718	2199
2199	1718
1718	2203
1718	2223
2223	1718
1718	2224
2224	1718
1718	2239
1718	2241
2241	1718
1718	2246
2246	1718
1718	2247
2247	1718
1718	2250
1718	2254
2254	1718
1718	2264
1718	2267
1718	2268
1718	2282
2282	1718
1718	2283
1718	2289
2289	1718
1718	2292
1718	2294
2294	1718
1718	2319
1718	2325
1718	2328
1718	2330
1718	2333
2333	1718
1718	2336
1718	2343
2343	1718
1718	2344
1718	2368
1718	2394
2394	1718
1718	2399
1718	2419
2419	1718
1718	2436
1718	2451
2451	1718
1718	2461
2461	1718
1718	2463
1718	2471
2471	1718
1718	2475
2475	1718
1718	2491
1718	2498
2498	1718
1718	2508
1718	2509
1718	2510
1718	2511
2511	1718
1718	2512
1718	2529
1718	2543
2543	1718
1718	2547
1718	2555
2555	1718
1718	2582
2582	1718
1718	2588
1718	2589
2589	1718
1718	2598
1718	2616
1718	2617
1718	2629
1718	2642
1718	2643
2643	1718
1718	2649
2649	1718
1718	2653
1719	1803
1803	1719
1719	1825
1719	1847
1808	1720
1899	1720
1721	1724
1724	1721
1721	1730
1730	1721
1721	1736
1736	1721
1721	1741
1721	1746
1746	1721
1721	1750
1750	1721
1721	1752
1752	1721
1721	1791
1791	1721
1721	1795
1795	1721
1721	1796
1796	1721
1721	1799
1799	1721
1721	1800
1800	1721
1721	1804
1721	1813
1813	1721
1721	1816
1816	1721
1721	1819
1819	1721
1721	1827
1827	1721
1721	1833
1833	1721
1721	1835
1835	1721
1721	1849
1721	1867
1867	1721
1721	1879
1721	1888
1888	1721
1721	1902
1902	1721
1722	1730
1730	1722
1722	1741
1722	1754
1722	1768
1722	1797
1722	1805
1805	1722
1722	1826
1722	1864
1722	1868
1722	1909
1723	1730
1730	1723
1723	1736
1736	1723
1723	1746
1746	1723
1723	1754
1723	1768
1723	1791
1791	1723
1723	1793
1793	1723
1723	1800
1800	1723
1723	1804
1723	1809
1809	1723
1723	1813
1813	1723
1723	1827
1827	1723
1723	1839
1723	1842
1842	1723
1723	1864
1723	1868
1723	1888
1888	1723
1723	1898
1724	1737
1737	1724
1724	1752
1752	1724
1724	1771
1724	1795
1795	1724
1724	1800
1800	1724
1724	1816
1816	1724
1724	1827
1827	1724
1724	1861
1861	1724
1724	1867
1867	1724
1724	1877
1877	1724
1726	2678
1726	2744
2744	1726
1726	3057
1726	3164
1726	3179
1726	3222
1726	3263
1726	3385
3385	1726
1727	1738
1727	1808
1808	1727
1727	1876
1727	1881
1872	1728
1875	1728
1828	1729
1848	1729
1899	1729
1730	1736
1736	1730
1730	1737
1737	1730
1730	1741
1730	1746
1746	1730
1730	1750
1750	1730
1730	1753
1753	1730
1730	1754
1730	1757
1757	1730
1730	1761
1761	1730
1730	1765
1765	1730
1730	1768
1730	1771
1730	1774
1774	1730
1730	1775
1730	1791
1791	1730
1730	1793
1793	1730
1730	1799
1799	1730
1730	1800
1800	1730
1730	1804
1730	1810
1730	1811
1811	1730
1730	1813
1813	1730
1730	1816
1816	1730
1730	1819
1819	1730
1730	1823
1823	1730
1730	1826
1730	1827
1827	1730
1730	1833
1833	1730
1730	1835
1835	1730
1730	1839
1730	1842
1842	1730
1730	1845
1845	1730
1730	1849
1730	1861
1861	1730
1730	1864
1730	1867
1867	1730
1730	1868
1730	1879
1730	1886
1886	1730
1730	1888
1888	1730
1730	1891
1891	1730
1730	1898
1730	1902
1902	1730
1761	1731
1828	1732
1848	1732
1746	1734
1761	1734
1800	1734
1833	1734
1845	1734
1861	1734
1888	1734
1902	1734
1735	1736
1736	1735
1735	1746
1746	1735
1735	1750
1750	1735
1735	1752
1752	1735
1735	1753
1753	1735
1735	1757
1757	1735
1735	1761
1761	1735
1735	1768
1735	1769
1769	1735
1735	1774
1774	1735
1735	1799
1799	1735
1735	1800
1800	1735
1735	1804
1735	1810
1735	1823
1823	1735
1735	1827
1827	1735
1735	1833
1833	1735
1735	1835
1835	1735
1735	1836
1836	1735
1735	1839
1735	1845
1845	1735
1735	1849
1735	1851
1851	1735
1735	1867
1867	1735
1735	1877
1877	1735
1735	1886
1886	1735
1735	1888
1888	1735
1736	1746
1746	1736
1736	1750
1750	1736
1736	1754
1736	1757
1757	1736
1736	1768
1736	1772
1736	1789
1789	1736
1736	1791
1791	1736
1736	1793
1793	1736
1736	1799
1799	1736
1736	1800
1800	1736
1736	1804
1736	1809
1809	1736
1736	1810
1736	1816
1816	1736
1736	1819
1819	1736
1736	1823
1823	1736
1736	1827
1827	1736
1736	1833
1833	1736
1736	1839
1736	1842
1842	1736
1736	1845
1845	1736
1736	1849
1736	1864
1736	1879
1736	1888
1888	1736
1736	1900
1900	1736
1736	1902
1902	1736
1737	1741
1737	1746
1746	1737
1737	1750
1750	1737
1737	1752
1752	1737
1737	1757
1757	1737
1737	1789
1789	1737
1737	1796
1796	1737
1737	1799
1799	1737
1737	1800
1800	1737
1737	1810
1737	1816
1816	1737
1737	1819
1819	1737
1737	1827
1827	1737
1737	1833
1833	1737
1737	1877
1877	1737
1737	1879
1737	1888
1888	1737
1746	1741
1800	1741
1809	1741
1816	1741
1823	1741
1827	1741
1833	1741
1861	1741
1867	1741
1886	1741
1888	1741
1828	1742
1848	1742
1746	1750
1750	1746
1746	1752
1752	1746
1746	1757
1757	1746
1746	1761
1761	1746
1746	1768
1746	1780
1746	1789
1789	1746
1746	1793
1793	1746
1746	1795
1795	1746
1746	1796
1796	1746
1746	1799
1799	1746
1746	1800
1800	1746
1746	1804
1746	1809
1809	1746
1746	1810
1746	1813
1813	1746
1746	1816
1816	1746
1746	1819
1819	1746
1746	1823
1823	1746
1746	1826
1746	1827
1827	1746
1746	1833
1833	1746
1746	1835
1835	1746
1746	1839
1746	1849
1746	1867
1867	1746
1746	1868
1746	1877
1877	1746
1746	1879
1746	1886
1886	1746
1746	1888
1888	1746
1746	1891
1891	1746
1746	1898
1746	1902
1902	1746
1750	1752
1752	1750
1750	1761
1761	1750
1750	1771
1750	1789
1789	1750
1750	1791
1791	1750
1750	1793
1793	1750
1750	1795
1795	1750
1750	1799
1799	1750
1750	1800
1800	1750
1750	1819
1819	1750
1750	1823
1823	1750
1750	1827
1827	1750
1750	1833
1833	1750
1750	1835
1835	1750
1750	1844
1750	1849
1750	1867
1867	1750
1750	1879
1750	1888
1888	1750
1750	1902
1902	1750
1828	1751
1848	1751
1875	1751
1752	1757
1757	1752
1752	1795
1795	1752
1752	1796
1796	1752
1752	1799
1799	1752
1752	1800
1800	1752
1752	1804
1752	1819
1819	1752
1752	1827
1827	1752
1752	1833
1833	1752
1752	1835
1835	1752
1752	1861
1861	1752
1752	1867
1867	1752
1752	1868
1752	1886
1886	1752
1752	1888
1888	1752
1752	1891
1891	1752
1753	1761
1761	1753
1753	1768
1753	1769
1769	1753
1753	1799
1799	1753
1753	1800
1800	1753
1753	1804
1753	1827
1827	1753
1753	1833
1833	1753
1753	1835
1835	1753
1753	1845
1845	1753
1753	1861
1861	1753
1753	1864
1753	1886
1886	1753
1753	1888
1888	1753
1753	1891
1891	1753
1800	1754
1819	1754
1845	1754
1757	1761
1761	1757
1757	1768
1757	1782
1757	1791
1791	1757
1757	1793
1793	1757
1757	1799
1799	1757
1757	1800
1800	1757
1757	1804
1757	1809
1809	1757
1757	1810
1757	1816
1816	1757
1757	1827
1827	1757
1757	1833
1833	1757
1757	1835
1835	1757
1757	1868
1757	1879
1757	1886
1886	1757
1757	1888
1888	1757
1757	1898
1835	1758
2825	1758
1761	1765
1765	1761
1761	1768
1761	1791
1791	1761
1761	1799
1799	1761
1761	1800
1800	1761
1761	1804
1761	1807
1761	1810
1761	1814
1761	1818
1761	1823
1823	1761
1761	1827
1827	1761
1761	1829
1761	1833
1833	1761
1761	1835
1835	1761
1761	1843
1843	1761
1761	1864
1761	1867
1867	1761
1761	1868
1761	1885
1761	1888
1888	1761
1761	1897
1765	1768
1765	1779
1779	1765
1765	1782
1765	1791
1791	1765
1765	1810
1765	1813
1813	1765
1765	1819
1819	1765
1765	1835
1835	1765
1765	1842
1842	1765
1765	1846
1846	1765
1765	1851
1851	1765
1765	1883
1883	1765
1774	1768
1791	1768
1793	1768
1795	1768
1799	1768
1800	1768
1809	1768
1811	1768
1813	1768
1823	1768
1827	1768
1833	1768
1835	1768
1842	1768
1845	1768
1861	1768
1863	1768
1888	1768
1891	1768
1900	1768
1902	1768
1769	1774
1774	1769
1769	1799
1799	1769
1769	1836
1836	1769
1769	1845
1845	1769
1800	1771
1827	1771
1867	1771
1791	1772
1793	1772
1842	1772
1861	1772
1888	1772
1902	1772
1774	1799
1799	1774
1774	1835
1835	1774
1774	1836
1836	1774
1774	1845
1845	1774
1774	1851
1851	1774
1774	1879
1774	1886
1886	1774
1774	1911
1845	1775
1808	1776
1779	1822
1779	1851
1851	1779
1779	1883
1883	1779
1779	1905
1800	1780
1817	1780
1799	1782
1800	1782
1833	1782
1835	1782
1842	1782
1851	1782
1886	1782
1888	1782
1828	1783
1848	1783
1828	1785
1828	1786
1848	1786
1872	1786
1789	1796
1796	1789
1789	1799
1799	1789
1789	1800
1800	1789
1789	1804
1789	1810
1789	1819
1819	1789
1789	1827
1827	1789
1789	1833
1833	1789
1789	1861
1861	1789
1789	1867
1867	1789
1789	1877
1877	1789
1789	1879
1789	1888
1888	1789
1791	1793
1793	1791
1791	1800
1800	1791
1791	1804
1791	1813
1813	1791
1791	1823
1823	1791
1791	1826
1791	1827
1827	1791
1791	1833
1833	1791
1791	1835
1835	1791
1791	1839
1791	1842
1842	1791
1791	1849
1791	1851
1851	1791
1791	1861
1861	1791
1791	1864
1791	1868
1791	1888
1888	1791
1791	1898
1791	1902
1902	1791
1792	1860
1793	1796
1796	1793
1793	1800
1800	1793
1793	1804
1793	1809
1809	1793
1793	1810
1793	1816
1816	1793
1793	1823
1823	1793
1793	1827
1827	1793
1793	1833
1833	1793
1793	1835
1835	1793
1793	1839
1793	1842
1842	1793
1793	1845
1845	1793
1793	1864
1793	1867
1867	1793
1793	1868
1793	1879
1793	1888
1888	1793
1795	1799
1799	1795
1795	1800
1800	1795
1795	1819
1819	1795
1795	1827
1827	1795
1795	1833
1833	1795
1795	1835
1835	1795
1795	1839
1795	1861
1861	1795
1795	1867
1867	1795
1795	1877
1877	1795
1795	1891
1891	1795
1796	1799
1799	1796
1796	1800
1800	1796
1796	1804
1796	1813
1813	1796
1796	1827
1827	1796
1796	1833
1833	1796
1796	1849
1796	1867
1867	1796
1796	1888
1888	1796
1796	1902
1902	1796
1799	1800
1800	1799
1799	1804
1799	1810
1799	1813
1813	1799
1799	1816
1816	1799
1799	1819
1819	1799
1799	1823
1823	1799
1799	1826
1799	1827
1827	1799
1799	1833
1833	1799
1799	1835
1835	1799
1799	1836
1836	1799
1799	1839
1799	1845
1845	1799
1799	1849
1799	1867
1867	1799
1799	1877
1877	1799
1799	1879
1799	1886
1886	1799
1799	1888
1888	1799
1800	1804
1800	1809
1809	1800
1800	1810
1800	1811
1811	1800
1800	1813
1813	1800
1800	1816
1816	1800
1800	1819
1819	1800
1800	1823
1823	1800
1800	1826
1800	1827
1827	1800
1800	1833
1833	1800
1800	1835
1835	1800
1800	1836
1836	1800
1800	1839
1800	1842
1842	1800
1800	1843
1843	1800
1800	1845
1845	1800
1800	1849
1800	1864
1800	1867
1867	1800
1800	1868
1800	1877
1877	1800
1800	1879
1800	1881
1800	1886
1886	1800
1800	1888
1888	1800
1800	1891
1891	1800
1800	1898
1800	1902
1902	1800
1803	1847
1803	1866
1809	1804
1811	1804
1813	1804
1816	1804
1823	1804
1827	1804
1833	1804
1835	1804
1842	1804
1861	1804
1863	1804
1886	1804
1888	1804
1902	1804
1805	1813
1813	1805
1805	1852
1852	1805
1805	1858
1805	1911
1809	1810
1809	1813
1813	1809
1809	1816
1816	1809
1809	1826
1809	1832
1809	1833
1833	1809
1809	1839
1809	1868
1809	1879
1809	1886
1886	1809
1809	1888
1888	1809
1809	1898
1809	1900
1900	1809
1816	1810
1823	1810
1827	1810
1833	1810
1845	1810
1877	1810
1888	1810
1811	1813
1813	1811
1811	1835
1835	1811
1811	1839
1811	1842
1842	1811
1811	1861
1861	1811
1811	1888
1888	1811
1811	1902
1902	1811
1813	1826
1813	1827
1827	1813
1813	1833
1833	1813
1813	1835
1835	1813
1813	1839
1813	1842
1842	1813
1813	1845
1845	1813
1813	1861
1861	1813
1813	1864
1813	1867
1867	1813
1813	1868
1813	1879
1813	1885
1813	1888
1888	1813
1813	1891
1891	1813
1813	1898
1813	1911
1816	1826
1816	1827
1827	1816
1816	1835
1835	1816
1816	1839
1816	1864
1816	1867
1867	1816
1816	1868
1816	1886
1886	1816
1816	1888
1888	1816
1816	1898
1816	1902
1902	1816
1817	1846
1846	1817
1817	1858
1817	1863
1863	1817
1817	1909
1817	1911
1823	1818
1819	1827
1827	1819
1819	1833
1833	1819
1819	1835
1835	1819
1819	1846
1846	1819
1819	1867
1867	1819
1819	1877
1877	1819
1819	1888
1888	1819
1828	1820
1848	1820
1859	1820
1888	1821
1823	1826
1823	1827
1827	1823
1823	1833
1833	1823
1823	1835
1835	1823
1823	1839
1823	1849
1823	1879
1823	1886
1886	1823
1823	1888
1888	1823
1823	1902
1902	1823
1848	1824
1842	1826
1888	1826
1827	1833
1833	1827
1827	1835
1835	1827
1827	1839
1827	1843
1843	1827
1827	1845
1845	1827
1827	1849
1827	1861
1861	1827
1827	1864
1827	1867
1867	1827
1827	1877
1877	1827
1827	1879
1827	1886
1886	1827
1827	1888
1888	1827
1827	1891
1891	1827
1827	1902
1902	1827
1828	1848
1848	1828
1828	1871
1828	1893
1828	1894
1828	1907
1886	1832
1888	1832
1833	1835
1835	1833
1833	1839
1833	1842
1842	1833
1833	1849
1833	1867
1867	1833
1833	1879
1833	1886
1886	1833
1833	1888
1888	1833
1833	1902
1902	1833
1835	1839
1835	1842
1842	1835
1835	1845
1845	1835
1835	1851
1851	1835
1835	1861
1861	1835
1835	1864
1835	1867
1867	1835
1835	1883
1883	1835
1835	1888
1888	1835
1835	1891
1891	1835
1835	1902
1902	1835
1836	1852
1852	1836
1842	1839
1845	1839
1886	1839
1888	1839
1902	1839
1872	1841
1875	1841
1842	1843
1843	1842
1842	1849
1842	1861
1861	1842
1842	1864
1842	1868
1842	1879
1842	1888
1888	1842
1842	1902
1902	1842
1843	1845
1845	1843
1845	1864
1845	1902
1902	1845
1846	1851
1851	1846
1846	1883
1883	1846
1848	1871
1848	1894
1888	1849
1852	1863
1863	1852
1859	1857
1872	1857
1899	1857
1863	1858
1859	1862
1861	1888
1888	1861
1861	1891
1891	1861
1861	1902
1902	1861
1872	1862
1899	1862
1863	1879
1863	1883
1883	1863
1863	1888
1888	1863
1863	1909
1863	1911
1888	1864
1902	1864
1865	1911
1867	1877
1877	1867
1867	1881
1867	1885
1867	1886
1886	1867
1867	1888
1888	1867
1888	1868
1900	1868
1902	1868
1872	1893
1872	1903
1899	1873
1888	1874
1877	1888
1888	1877
1888	1879
1902	1879
1899	1884
1886	1888
1888	1886
1899	1887
1888	1891
1891	1888
1888	1898
1888	1902
1902	1888
1902	1898
1899	1903
1899	1907
1902	1911
1920	1912
1923	1912
1926	1912
1930	1912
1932	1912
1933	1912
1934	1912
1936	1912
1937	1912
1944	1912
1947	1912
1948	1912
1954	1912
1955	1912
1959	1912
1960	1912
1965	1912
1975	1912
1978	1912
1985	1912
1990	1912
1994	1912
2007	1912
2008	1912
2013	1912
2028	1912
2029	1912
2034	1912
2035	1912
2038	1912
2039	1912
2042	1912
2046	1912
2047	1912
2049	1912
2053	1912
2059	1912
2068	1912
2070	1912
2071	1912
2072	1912
2080	1912
2081	1912
2085	1912
2087	1912
2089	1912
2091	1912
2105	1912
2108	1912
2111	1912
2117	1912
2119	1912
2125	1912
2127	1912
2133	1912
2134	1912
2135	1912
2138	1912
2141	1912
2145	1912
2146	1912
2148	1912
2152	1912
2155	1912
2158	1912
2160	1912
2162	1912
2163	1912
2173	1912
2174	1912
2175	1912
2176	1912
2178	1912
2181	1912
2182	1912
2185	1912
2187	1912
2189	1912
2193	1912
2194	1912
2196	1912
2197	1912
2199	1912
2204	1912
2209	1912
2217	1912
2219	1912
2223	1912
2224	1912
2228	1912
2236	1912
2238	1912
2241	1912
2242	1912
2246	1912
2247	1912
2248	1912
2254	1912
2260	1912
2272	1912
2274	1912
2277	1912
2279	1912
2280	1912
2282	1912
2286	1912
2289	1912
2294	1912
2304	1912
2313	1912
2314	1912
2315	1912
2317	1912
2321	1912
2322	1912
2331	1912
2333	1912
2335	1912
2338	1912
2341	1912
2342	1912
2343	1912
2347	1912
2351	1912
2357	1912
2360	1912
2361	1912
2362	1912
2366	1912
2367	1912
2369	1912
2373	1912
2375	1912
2377	1912
2379	1912
2382	1912
2385	1912
2388	1912
2394	1912
2397	1912
2403	1912
2405	1912
2406	1912
2411	1912
2412	1912
2416	1912
2419	1912
2420	1912
2421	1912
2425	1912
2437	1912
2438	1912
2439	1912
2440	1912
2451	1912
2452	1912
2455	1912
2461	1912
2471	1912
2472	1912
2473	1912
2474	1912
2475	1912
2480	1912
2496	1912
2498	1912
2503	1912
2511	1912
2516	1912
2519	1912
2521	1912
2533	1912
2541	1912
2543	1912
2548	1912
2555	1912
2558	1912
2562	1912
2566	1912
2569	1912
2571	1912
2580	1912
2582	1912
2589	1912
2592	1912
2594	1912
2597	1912
2603	1912
2608	1912
2610	1912
2612	1912
2618	1912
2621	1912
2634	1912
2637	1912
2643	1912
2649	1912
2656	1912
2659	1912
2127	1913
2582	1913
2659	1914
2146	1915
2341	1915
2412	1915
2455	1915
1932	1916
1947	1916
1954	1916
2007	1916
2028	1916
2039	1916
2042	1916
2081	1916
2087	1916
2111	1916
2125	1916
2133	1916
2174	1916
2176	1916
2199	1916
2241	1916
2246	1916
2247	1916
2282	1916
2289	1916
2294	1916
2304	1916
2343	1916
2377	1916
2419	1916
2461	1916
2471	1916
2475	1916
2498	1916
2519	1916
2555	1916
2582	1916
2649	1916
1985	1917
2046	1917
2059	1917
2108	1917
2331	1917
2347	1917
2369	1917
2521	1917
2543	1917
1985	1918
2046	1918
2059	1918
2108	1918
2331	1918
2347	1918
2369	1918
2521	1918
2543	1918
1954	1919
2341	1919
2659	1919
1920	1932
1932	1920
1920	1939
1920	1940
1920	1941
1920	1945
1920	1948
1948	1920
1920	1955
1955	1920
1920	1959
1959	1920
1920	1987
1920	1994
1994	1920
1920	2007
2007	1920
1920	2010
1920	2028
2028	1920
1920	2032
1920	2038
2038	1920
1920	2039
2039	1920
1920	2042
2042	1920
1920	2047
2047	1920
1920	2052
1920	2053
2053	1920
1920	2054
1920	2062
1920	2068
2068	1920
1920	2071
2071	1920
1920	2072
2072	1920
1920	2081
2081	1920
1920	2087
2087	1920
1920	2102
1920	2111
2111	1920
1920	2117
2117	1920
1920	2125
2125	1920
1920	2127
2127	1920
1920	2128
1920	2134
2134	1920
1920	2135
2135	1920
1920	2137
1920	2138
2138	1920
1920	2144
1920	2148
2148	1920
1920	2149
1920	2151
1920	2153
1920	2161
1920	2180
1920	2183
1920	2187
2187	1920
1920	2191
1920	2194
2194	1920
1920	2196
2196	1920
1920	2199
2199	1920
1920	2215
1920	2223
2223	1920
1920	2224
2224	1920
1920	2235
1920	2241
2241	1920
1920	2246
2246	1920
1920	2247
2247	1920
1920	2250
1920	2259
1920	2267
1920	2279
2279	1920
1920	2282
2282	1920
1920	2283
1920	2285
1920	2292
1920	2293
1920	2294
2294	1920
1920	2302
1920	2315
2315	1920
1920	2319
1920	2327
1920	2328
1920	2332
1920	2333
2333	1920
1920	2336
1920	2338
2338	1920
1920	2343
2343	1920
1920	2347
2347	1920
1920	2351
2351	1920
1920	2372
1920	2384
1920	2385
2385	1920
1920	2398
1920	2399
1920	2420
2420	1920
1920	2434
1920	2438
2438	1920
1920	2458
1920	2461
2461	1920
1920	2463
1920	2465
1920	2468
1920	2471
2471	1920
1920	2472
2472	1920
1920	2475
2475	1920
1920	2502
1920	2508
1920	2509
1920	2510
1920	2511
2511	1920
1920	2512
1920	2516
2516	1920
1920	2533
2533	1920
1920	2543
2543	1920
1920	2547
1920	2555
2555	1920
1920	2567
1920	2582
2582	1920
1920	2592
2592	1920
1920	2597
2597	1920
1920	2598
1920	2608
2608	1920
1920	2609
1920	2616
1920	2617
1920	2629
1920	2643
2643	1920
1920	2649
2649	1920
1920	2653
1954	1921
2013	1921
2472	1921
2533	1921
2659	1921
1990	1922
2160	1922
2317	1922
2341	1922
2412	1922
2455	1922
1923	1944
1944	1923
1923	1945
1923	1964
1923	2029
2029	1923
1923	2031
1923	2032
1923	2038
2038	1923
1923	2047
2047	1923
1923	2117
2117	1923
1923	2133
2133	1923
1923	2141
2141	1923
1923	2145
2145	1923
1923	2155
2155	1923
1923	2163
2163	1923
1923	2174
2174	1923
1923	2176
2176	1923
1923	2185
2185	1923
1923	2205
1923	2209
2209	1923
1923	2211
1923	2226
1923	2241
2241	1923
1923	2242
2242	1923
1923	2247
2247	1923
1923	2254
2254	1923
1923	2270
1923	2272
2272	1923
1923	2273
1923	2289
2289	1923
1923	2310
1923	2318
1923	2325
1923	2328
1923	2362
2362	1923
1923	2406
2406	1923
1923	2416
2416	1923
1923	2419
2419	1923
1923	2425
2425	1923
1923	2434
1923	2452
2452	1923
1923	2475
2475	1923
1923	2480
2480	1923
1923	2491
1923	2493
1923	2498
2498	1923
1923	2511
2511	1923
1923	2518
1923	2525
1923	2557
1923	2581
1923	2603
2603	1923
1923	2610
2610	1923
1923	2637
2637	1923
1923	2641
1923	2642
1985	1925
2333	1925
2347	1925
2369	1925
2521	1925
2543	1925
1926	1932
1932	1926
1926	1941
1926	1945
1926	1947
1947	1926
1926	1954
1954	1926
1926	1955
1955	1926
1926	1959
1959	1926
1926	1964
1926	1970
1926	2002
1926	2007
2007	1926
1926	2026
1926	2031
1926	2032
1926	2036
1926	2038
2038	1926
1926	2039
2039	1926
1926	2047
2047	1926
1926	2053
2053	1926
1926	2054
1926	2068
2068	1926
1926	2071
2071	1926
1926	2072
2072	1926
1926	2081
2081	1926
1926	2082
1926	2085
2085	1926
1926	2087
2087	1926
1926	2101
1926	2102
1926	2111
2111	1926
1926	2125
2125	1926
1926	2127
2127	1926
1926	2133
2133	1926
1926	2134
2134	1926
1926	2138
2138	1926
1926	2145
2145	1926
1926	2149
1926	2153
1926	2161
1926	2169
1926	2174
2174	1926
1926	2176
2176	1926
1926	2183
1926	2186
1926	2187
2187	1926
1926	2189
2189	1926
1926	2191
1926	2194
2194	1926
1926	2199
2199	1926
1926	2205
1926	2209
2209	1926
1926	2211
1926	2214
1926	2223
2223	1926
1926	2224
2224	1926
1926	2226
1926	2232
1926	2235
1926	2241
2241	1926
1926	2246
2246	1926
1926	2247
2247	1926
1926	2254
2254	1926
1926	2259
1926	2264
1926	2267
1926	2268
1926	2273
1926	2279
2279	1926
1926	2280
2280	1926
1926	2282
2282	1926
1926	2283
1926	2285
1926	2289
2289	1926
1926	2291
1926	2292
1926	2296
1926	2302
1926	2304
2304	1926
1926	2313
2313	1926
1926	2318
1926	2319
1926	2322
2322	1926
1926	2325
1926	2327
1926	2328
1926	2333
2333	1926
1926	2336
1926	2338
2338	1926
1926	2345
1926	2347
2347	1926
1926	2366
2366	1926
1926	2367
2367	1926
1926	2368
1926	2379
2379	1926
1926	2384
1926	2394
2394	1926
1926	2396
1926	2398
1926	2406
2406	1926
1926	2417
1926	2419
2419	1926
1926	2451
2451	1926
1926	2458
1926	2461
2461	1926
1926	2463
1926	2471
2471	1926
1926	2472
2472	1926
1926	2473
2473	1926
1926	2475
2475	1926
1926	2491
1926	2498
2498	1926
1926	2508
1926	2509
1926	2510
1926	2511
2511	1926
1926	2537
1926	2543
2543	1926
1926	2547
1926	2555
2555	1926
1926	2566
2566	1926
1926	2567
1926	2589
2589	1926
1926	2594
2594	1926
1926	2597
2597	1926
1926	2598
1926	2608
2608	1926
1926	2610
2610	1926
1926	2612
2612	1926
1926	2617
1926	2642
1926	2649
2649	1926
1954	1927
2659	1927
2013	1928
1985	1929
2046	1929
2059	1929
2108	1929
2331	1929
2347	1929
2369	1929
1930	1975
1975	1930
1930	2035
2035	1930
1930	2047
2047	1930
1930	2049
2049	1930
1930	2117
2117	1930
1930	2129
1930	2260
2260	1930
1930	2286
2286	1930
1930	2313
2313	1930
1930	2335
2335	1930
1930	2397
2397	1930
1930	2411
2411	1930
1954	1931
2659	1931
1932	1941
1932	1945
1932	1947
1947	1932
1932	1948
1948	1932
1932	1994
1994	1932
1932	2002
1932	2007
2007	1932
1932	2010
1932	2028
2028	1932
1932	2032
1932	2039
2039	1932
1932	2042
2042	1932
1932	2047
2047	1932
1932	2052
1932	2068
2068	1932
1932	2071
2071	1932
1932	2072
2072	1932
1932	2081
2081	1932
1932	2087
2087	1932
1932	2111
2111	1932
1932	2117
2117	1932
1932	2125
2125	1932
1932	2127
2127	1932
1932	2134
2134	1932
1932	2135
2135	1932
1932	2138
2138	1932
1932	2144
1932	2148
2148	1932
1932	2149
1932	2151
1932	2153
1932	2180
1932	2183
1932	2187
2187	1932
1932	2189
2189	1932
1932	2191
1932	2194
2194	1932
1932	2196
2196	1932
1932	2199
2199	1932
1932	2223
2223	1932
1932	2224
2224	1932
1932	2241
2241	1932
1932	2246
2246	1932
1932	2247
2247	1932
1932	2264
1932	2279
2279	1932
1932	2282
2282	1932
1932	2283
1932	2289
2289	1932
1932	2292
1932	2302
1932	2315
2315	1932
1932	2332
1932	2333
2333	1932
1932	2336
1932	2338
2338	1932
1932	2347
2347	1932
1932	2351
2351	1932
1932	2368
1932	2372
1932	2384
1932	2398
1932	2420
2420	1932
1932	2445
1932	2461
2461	1932
1932	2463
1932	2465
1932	2471
2471	1932
1932	2475
2475	1932
1932	2508
1932	2510
1932	2511
2511	1932
1932	2512
1932	2516
2516	1932
1932	2533
2533	1932
1932	2543
2543	1932
1932	2555
2555	1932
1932	2567
1932	2582
2582	1932
1932	2589
2589	1932
1932	2592
2592	1932
1932	2597
2597	1932
1932	2598
1932	2609
1932	2629
1932	2643
2643	1932
1932	2649
2649	1932
1932	2653
1933	2120
1933	2126
1933	2129
1933	2160
2160	1933
1933	2317
2317	1933
1933	2360
2360	1933
1933	2488
1933	2497
1933	2577
1933	2587
1934	1936
1936	1934
1934	2091
2091	1934
1934	2145
2145	1934
1934	2313
2313	1934
1934	2341
2341	1934
1934	2361
2361	1934
1934	2373
2373	1934
1934	2388
2388	1934
1934	2440
2440	1934
1934	2523
1934	2540
1954	1935
2659	1935
1936	1975
1975	1936
1936	1978
1978	1936
1936	1990
1990	1936
1936	2023
1936	2035
2035	1936
1936	2047
2047	1936
1936	2049
2049	1936
1936	2173
2173	1936
1936	2193
2193	1936
1936	2248
2248	1936
1936	2286
2286	1936
1936	2314
2314	1936
1936	2335
2335	1936
1936	2388
2388	1936
1936	2403
2403	1936
1936	2497
1936	2503
2503	1936
1936	2534
1936	2562
2562	1936
1936	2644
1937	2015
1937	2357
2357	1937
1937	2412
2412	1937
1985	1938
2046	1938
2059	1938
2108	1938
2331	1938
2347	1938
2369	1938
2521	1938
2543	1938
1947	1939
1948	1939
2053	1939
2068	1939
2072	1939
2081	1939
2111	1939
2125	1939
2199	1939
2241	1939
2246	1939
2247	1939
2274	1939
2280	1939
2282	1939
2294	1939
2304	1939
2333	1939
2377	1939
2394	1939
2438	1939
2451	1939
2471	1939
2475	1939
2511	1939
2543	1939
2582	1939
2603	1939
2608	1939
2643	1939
1948	1940
1954	1940
1994	1940
2007	1940
2028	1940
2039	1940
2042	1940
2068	1940
2071	1940
2081	1940
2087	1940
2117	1940
2125	1940
2127	1940
2133	1940
2135	1940
2138	1940
2148	1940
2163	1940
2174	1940
2176	1940
2187	1940
2194	1940
2196	1940
2199	1940
2224	1940
2241	1940
2246	1940
2247	1940
2289	1940
2294	1940
2315	1940
2333	1940
2338	1940
2343	1940
2347	1940
2351	1940
2419	1940
2461	1940
2471	1940
2472	1940
2475	1940
2498	1940
2516	1940
2533	1940
2555	1940
2582	1940
2589	1940
2597	1940
2643	1940
2649	1940
1947	1941
1948	1941
1955	1941
1959	1941
1985	1941
1994	1941
2007	1941
2028	1941
2039	1941
2042	1941
2046	1941
2047	1941
2053	1941
2059	1941
2068	1941
2071	1941
2072	1941
2081	1941
2087	1941
2108	1941
2111	1941
2117	1941
2125	1941
2127	1941
2138	1941
2148	1941
2187	1941
2194	1941
2196	1941
2199	1941
2223	1941
2224	1941
2246	1941
2247	1941
2279	1941
2280	1941
2282	1941
2315	1941
2333	1941
2338	1941
2347	1941
2351	1941
2367	1941
2369	1941
2379	1941
2385	1941
2420	1941
2451	1941
2461	1941
2472	1941
2475	1941
2511	1941
2516	1941
2521	1941
2533	1941
2543	1941
2555	1941
2571	1941
2592	1941
2594	1941
2597	1941
2608	1941
2643	1941
2649	1941
2007	1942
1985	1943
2046	1943
2059	1943
2108	1943
2331	1943
2347	1943
2369	1943
2521	1943
2543	1943
1944	1964
1944	2029
2029	1944
1944	2031
1944	2038
2038	1944
1944	2047
2047	1944
1944	2117
2117	1944
1944	2133
2133	1944
1944	2141
2141	1944
1944	2176
2176	1944
1944	2182
2182	1944
1944	2209
2209	1944
1944	2211
1944	2242
2242	1944
1944	2270
1944	2272
2272	1944
1944	2289
2289	1944
1944	2298
1944	2318
1944	2325
1944	2362
2362	1944
1944	2416
2416	1944
1944	2452
2452	1944
1944	2480
2480	1944
1944	2525
1944	2540
1944	2610
2610	1944
1944	2642
1947	1945
1948	1945
1954	1945
1955	1945
1959	1945
1994	1945
2007	1945
2028	1945
2038	1945
2039	1945
2047	1945
2068	1945
2071	1945
2072	1945
2081	1945
2087	1945
2111	1945
2117	1945
2125	1945
2127	1945
2133	1945
2135	1945
2138	1945
2148	1945
2174	1945
2176	1945
2187	1945
2189	1945
2194	1945
2196	1945
2199	1945
2223	1945
2224	1945
2241	1945
2246	1945
2247	1945
2254	1945
2280	1945
2282	1945
2289	1945
2294	1945
2304	1945
2315	1945
2333	1945
2338	1945
2343	1945
2347	1945
2351	1945
2367	1945
2377	1945
2379	1945
2394	1945
2419	1945
2420	1945
2451	1945
2461	1945
2471	1945
2472	1945
2473	1945
2475	1945
2498	1945
2511	1945
2516	1945
2533	1945
2543	1945
2555	1945
2571	1945
2582	1945
2589	1945
2592	1945
2594	1945
2597	1945
2608	1945
2643	1945
2649	1945
1985	1946
2046	1946
2059	1946
2108	1946
2331	1946
2347	1946
2369	1946
2521	1946
2543	1946
1947	1948
1948	1947
1947	1954
1954	1947
1947	1955
1955	1947
1947	1959
1959	1947
1947	1970
1947	1981
1947	2002
1947	2003
1947	2007
2007	1947
1947	2010
1947	2028
2028	1947
1947	2032
1947	2052
1947	2053
2053	1947
1947	2054
1947	2062
1947	2068
2068	1947
1947	2072
2072	1947
1947	2075
1947	2081
2081	1947
1947	2087
2087	1947
1947	2101
1947	2102
1947	2110
1947	2111
2111	1947
1947	2117
2117	1947
1947	2128
1947	2132
1947	2133
2133	1947
1947	2149
1947	2151
1947	2153
1947	2161
1947	2169
1947	2174
2174	1947
1947	2180
1947	2183
1947	2196
2196	1947
1947	2198
1947	2199
2199	1947
1947	2221
1947	2222
1947	2235
1947	2241
2241	1947
1947	2243
1947	2246
2246	1947
1947	2247
2247	1947
1947	2264
1947	2267
1947	2273
1947	2274
2274	1947
1947	2279
2279	1947
1947	2280
2280	1947
1947	2282
2282	1947
1947	2283
1947	2292
1947	2294
2294	1947
1947	2304
2304	1947
1947	2319
1947	2327
1947	2328
1947	2333
2333	1947
1947	2336
1947	2338
2338	1947
1947	2344
1947	2347
2347	1947
1947	2355
1947	2368
1947	2377
2377	1947
1947	2384
1947	2390
1947	2394
2394	1947
1947	2396
1947	2399
1947	2415
1947	2419
2419	1947
1947	2432
1947	2434
1947	2436
1947	2438
2438	1947
1947	2451
2451	1947
1947	2458
1947	2461
2461	1947
1947	2463
1947	2471
2471	1947
1947	2475
2475	1947
1947	2479
1947	2491
1947	2498
2498	1947
1947	2501
1947	2509
1947	2510
1947	2511
2511	1947
1947	2512
1947	2516
2516	1947
1947	2518
1947	2537
1947	2547
1947	2555
2555	1947
1947	2582
2582	1947
1947	2588
1947	2594
2594	1947
1947	2598
1947	2603
2603	1947
1947	2608
2608	1947
1947	2616
1947	2617
1947	2629
1947	2637
2637	1947
1947	2642
1947	2652
1948	1954
1954	1948
1948	1959
1959	1948
1948	1994
1994	1948
1948	2007
2007	1948
1948	2010
1948	2026
1948	2028
2028	1948
1948	2032
1948	2038
2038	1948
1948	2039
2039	1948
1948	2042
2042	1948
1948	2047
2047	1948
1948	2052
1948	2053
2053	1948
1948	2054
1948	2068
2068	1948
1948	2071
2071	1948
1948	2072
2072	1948
1948	2081
2081	1948
1948	2087
2087	1948
1948	2102
1948	2111
2111	1948
1948	2117
2117	1948
1948	2125
2125	1948
1948	2128
1948	2134
2134	1948
1948	2135
2135	1948
1948	2138
2138	1948
1948	2143
1948	2144
1948	2148
2148	1948
1948	2151
1948	2153
1948	2163
2163	1948
1948	2169
1948	2183
1948	2187
2187	1948
1948	2191
1948	2194
2194	1948
1948	2196
2196	1948
1948	2199
2199	1948
1948	2224
2224	1948
1948	2241
2241	1948
1948	2246
2246	1948
1948	2247
2247	1948
1948	2250
1948	2267
1948	2273
1948	2279
2279	1948
1948	2282
2282	1948
1948	2283
1948	2289
2289	1948
1948	2292
1948	2294
2294	1948
1948	2295
1948	2302
1948	2315
2315	1948
1948	2319
1948	2327
1948	2328
1948	2332
1948	2333
2333	1948
1948	2336
1948	2338
2338	1948
1948	2344
1948	2347
2347	1948
1948	2351
2351	1948
1948	2372
1948	2377
2377	1948
1948	2384
1948	2420
2420	1948
1948	2434
1948	2436
1948	2461
2461	1948
1948	2463
1948	2465
1948	2471
2471	1948
1948	2472
2472	1948
1948	2475
2475	1948
1948	2491
1948	2510
1948	2511
2511	1948
1948	2516
2516	1948
1948	2524
1948	2533
2533	1948
1948	2543
2543	1948
1948	2555
2555	1948
1948	2567
1948	2582
2582	1948
1948	2592
2592	1948
1948	2597
2597	1948
1948	2598
1948	2609
1948	2617
1948	2629
1948	2643
2643	1948
1948	2649
2649	1948
2146	1949
2152	1949
2173	1949
2181	1949
2236	1949
2277	1949
2659	1950
1954	1951
2659	1951
2111	1952
2416	1952
2438	1952
1985	1953
2046	1953
2059	1953
2108	1953
2331	1953
2347	1953
2369	1953
2521	1953
2543	1953
1954	1968
1954	1972
1954	1973
1954	1999
1954	2009
1954	2010
1954	2024
1954	2032
1954	2052
1954	2054
1954	2068
2068	1954
1954	2072
2072	1954
1954	2087
2087	1954
1954	2102
1954	2111
2111	1954
1954	2116
1954	2117
2117	1954
1954	2125
2125	1954
1954	2128
1954	2133
2133	1954
1954	2138
2138	1954
1954	2143
1954	2149
1954	2151
1954	2153
1954	2169
1954	2174
2174	1954
1954	2176
2176	1954
1954	2180
1954	2187
2187	1954
1954	2196
2196	1954
1954	2199
2199	1954
1954	2202
1954	2203
1954	2224
2224	1954
1954	2241
2241	1954
1954	2250
1954	2264
1954	2268
1954	2273
1954	2289
2289	1954
1954	2292
1954	2294
2294	1954
1954	2297
1954	2327
1954	2328
1954	2336
1954	2338
2338	1954
1954	2343
2343	1954
1954	2344
1954	2347
2347	1954
1954	2365
1954	2368
1954	2377
2377	1954
1954	2461
2461	1954
1954	2463
1954	2471
2471	1954
1954	2472
2472	1954
1954	2475
2475	1954
1954	2491
1954	2498
2498	1954
1954	2508
1954	2509
1954	2538
1954	2555
2555	1954
1954	2571
2571	1954
1954	2582
2582	1954
1954	2585
1954	2588
1954	2594
2594	1954
1954	2598
1954	2620
1954	2627
1954	2629
1954	2640
1954	2649
2649	1954
1954	2658
1954	2659
2659	1954
1955	1959
1959	1955
1955	2007
2007	1955
1955	2026
1955	2032
1955	2038
2038	1955
1955	2039
2039	1955
1955	2053
2053	1955
1955	2068
2068	1955
1955	2071
2071	1955
1955	2072
2072	1955
1955	2081
2081	1955
1955	2087
2087	1955
1955	2111
2111	1955
1955	2117
2117	1955
1955	2125
2125	1955
1955	2127
2127	1955
1955	2133
2133	1955
1955	2138
2138	1955
1955	2144
1955	2161
1955	2169
1955	2174
2174	1955
1955	2180
1955	2183
1955	2187
2187	1955
1955	2189
2189	1955
1955	2199
2199	1955
1955	2203
1955	2222
1955	2223
2223	1955
1955	2224
2224	1955
1955	2239
1955	2247
2247	1955
1955	2250
1955	2254
2254	1955
1955	2264
1955	2268
1955	2279
2279	1955
1955	2283
1955	2289
2289	1955
1955	2294
2294	1955
1955	2302
1955	2315
2315	1955
1955	2319
1955	2327
1955	2328
1955	2330
1955	2333
2333	1955
1955	2336
1955	2338
2338	1955
1955	2345
1955	2384
1955	2394
2394	1955
1955	2398
1955	2419
2419	1955
1955	2420
2420	1955
1955	2436
1955	2445
1955	2451
2451	1955
1955	2458
1955	2461
2461	1955
1955	2463
1955	2468
1955	2491
1955	2508
1955	2509
1955	2510
1955	2511
2511	1955
1955	2522
1955	2533
2533	1955
1955	2537
1955	2547
1955	2555
2555	1955
1955	2589
2589	1955
1955	2592
2592	1955
1955	2594
2594	1955
1955	2598
1955	2608
2608	1955
1955	2616
1955	2617
1955	2629
1955	2643
2643	1955
1955	2649
2649	1955
1955	2653
2634	1956
2659	1957
2659	1958
1959	1970
1959	1981
1959	1985
1985	1959
1959	1987
1959	1994
1994	1959
1959	2002
1959	2003
1959	2007
2007	1959
1959	2026
1959	2032
1959	2039
2039	1959
1959	2042
2042	1959
1959	2047
2047	1959
1959	2054
1959	2057
1959	2062
1959	2063
1959	2068
2068	1959
1959	2071
2071	1959
1959	2072
2072	1959
1959	2075
1959	2081
2081	1959
1959	2087
2087	1959
1959	2101
1959	2102
1959	2110
1959	2111
2111	1959
1959	2117
2117	1959
1959	2125
2125	1959
1959	2132
1959	2133
2133	1959
1959	2134
2134	1959
1959	2135
2135	1959
1959	2138
2138	1959
1959	2143
1959	2149
1959	2153
1959	2161
1959	2169
1959	2174
2174	1959
1959	2183
1959	2187
2187	1959
1959	2191
1959	2194
2194	1959
1959	2196
2196	1959
1959	2199
2199	1959
1959	2203
1959	2215
1959	2221
1959	2223
2223	1959
1959	2232
1959	2235
1959	2243
1959	2250
1959	2254
2254	1959
1959	2264
1959	2268
1959	2274
2274	1959
1959	2279
2279	1959
1959	2280
2280	1959
1959	2282
2282	1959
1959	2283
1959	2285
1959	2289
2289	1959
1959	2292
1959	2293
1959	2302
1959	2315
2315	1959
1959	2319
1959	2325
1959	2328
1959	2333
2333	1959
1959	2336
1959	2338
2338	1959
1959	2344
1959	2347
2347	1959
1959	2351
2351	1959
1959	2372
1959	2384
1959	2385
2385	1959
1959	2390
1959	2394
2394	1959
1959	2396
1959	2420
2420	1959
1959	2434
1959	2436
1959	2438
2438	1959
1959	2445
1959	2451
2451	1959
1959	2465
1959	2471
2471	1959
1959	2479
1959	2498
2498	1959
1959	2501
1959	2508
1959	2509
1959	2510
1959	2511
2511	1959
1959	2533
2533	1959
1959	2537
1959	2543
2543	1959
1959	2555
2555	1959
1959	2567
1959	2572
1959	2592
2592	1959
1959	2597
2597	1959
1959	2598
1959	2599
1959	2603
2603	1959
1959	2652
1960	1964
1960	1975
1975	1960
1960	2023
1960	2035
2035	1960
1960	2070
2070	1960
1960	2089
2089	1960
1960	2091
2091	1960
1960	2105
2105	1960
1960	2120
1960	2126
1960	2129
1960	2146
2146	1960
1960	2152
2152	1960
1960	2162
2162	1960
1960	2166
1960	2173
2173	1960
1960	2197
2197	1960
1960	2228
2228	1960
1960	2231
1960	2236
2236	1960
1960	2286
2286	1960
1960	2313
2313	1960
1960	2317
2317	1960
1960	2322
2322	1960
1960	2335
2335	1960
1960	2342
2342	1960
1960	2361
2361	1960
1960	2371
1960	2373
2373	1960
1960	2405
2405	1960
1960	2411
2411	1960
1960	2440
2440	1960
1960	2448
1960	2474
2474	1960
1960	2488
1960	2523
1960	2540
1960	2570
1960	2577
1960	2618
2618	1960
1960	2628
1960	2659
2659	1960
2317	1961
1985	1962
2046	1962
2059	1962
2108	1962
2331	1962
2347	1962
2369	1962
2521	1962
2543	1962
2059	1963
2108	1963
2331	1963
2369	1963
1965	1964
2007	1964
2035	1964
2038	1964
2042	1964
2047	1964
2081	1964
2085	1964
2091	1964
2117	1964
2127	1964
2133	1964
2138	1964
2141	1964
2145	1964
2162	1964
2174	1964
2176	1964
2185	1964
2189	1964
2197	1964
2209	1964
2219	1964
2228	1964
2236	1964
2242	1964
2279	1964
2282	1964
2289	1964
2313	1964
2317	1964
2322	1964
2335	1964
2342	1964
2361	1964
2362	1964
2366	1964
2367	1964
2406	1964
2416	1964
2419	1964
2425	1964
2440	1964
2498	1964
2566	1964
2589	1964
2608	1964
2610	1964
2612	1964
2618	1964
2637	1964
1965	1975
1975	1965
1965	2049
2049	1965
1965	2114
1965	2126
1965	2133
2133	1965
1965	2166
1965	2176
2176	1965
1965	2231
1965	2286
2286	1965
1965	2289
2289	1965
1965	2313
2313	1965
1965	2322
2322	1965
1965	2325
1965	2335
2335	1965
1965	2361
2361	1965
1965	2474
2474	1965
1965	2557
1965	2656
2656	1965
1985	1966
2059	1966
2108	1966
2331	1966
2347	1966
2369	1966
2521	1966
2472	1968
2659	1968
2087	1969
2385	1969
2072	1970
2081	1970
2087	1970
2111	1970
2125	1970
2134	1970
2155	1970
2163	1970
2176	1970
2199	1970
2247	1970
2274	1970
2282	1970
2333	1970
2377	1970
2419	1970
2438	1970
2452	1970
2461	1970
2471	1970
2511	1970
2555	1970
2592	1970
2603	1970
2608	1970
1985	1971
2059	1971
2108	1971
2331	1971
2347	1971
2369	1971
2521	1971
2543	1971
2013	1972
2472	1972
2659	1972
2127	1973
2659	1973
1975	1990
1990	1975
1975	2035
2035	1975
1975	2047
2047	1975
1975	2049
2049	1975
1975	2114
1975	2119
2119	1975
1975	2126
1975	2156
1975	2158
2158	1975
1975	2173
2173	1975
1975	2175
2175	1975
1975	2193
2193	1975
1975	2197
2197	1975
1975	2228
2228	1975
1975	2236
2236	1975
1975	2248
2248	1975
1975	2286
2286	1975
1975	2313
2313	1975
1975	2314
2314	1975
1975	2322
2322	1975
1975	2335
2335	1975
1975	2360
2360	1975
1975	2361
2361	1975
1975	2368
1975	2397
2397	1975
1975	2403
2403	1975
1975	2411
2411	1975
1975	2474
2474	1975
1975	2488
1975	2503
2503	1975
1975	2534
2013	1976
2472	1976
2659	1976
2566	1977
1978	1990
1990	1978
1978	2047
2047	1978
1978	2049
2049	1978
1978	2173
2173	1978
1978	2248
2248	1978
1978	2286
2286	1978
1978	2314
2314	1978
1978	2397
2397	1978
1978	2403
2403	1978
1978	2474
2474	1978
1978	2497
1978	2503
2503	1978
1978	2534
1985	1979
2046	1979
2059	1979
2331	1979
2347	1979
2369	1979
2521	1979
2543	1979
2659	1980
2007	1981
2029	1981
2053	1981
2071	1981
2072	1981
2081	1981
2111	1981
2199	1981
2274	1981
2280	1981
2282	1981
2294	1981
2304	1981
2333	1981
2394	1981
2438	1981
2451	1981
2511	1981
2592	1981
2603	1981
2085	1982
2134	1982
2280	1982
2594	1982
1985	1983
2046	1983
2059	1983
2108	1983
2189	1983
2331	1983
2347	1983
2369	1983
2521	1983
2543	1983
1985	1984
2046	1984
2059	1984
2108	1984
2331	1984
2347	1984
2369	1984
2521	1984
2543	1984
1985	1986
1985	1989
1985	1993
1985	1994
1994	1985
1985	1997
1985	2005
1985	2007
2007	1985
1985	2020
1985	2021
1985	2030
1985	2033
1985	2037
1985	2040
1985	2043
1985	2045
1985	2046
2046	1985
1985	2047
2047	1985
1985	2053
2053	1985
1985	2056
1985	2058
1985	2059
2059	1985
1985	2060
1985	2062
1985	2063
1985	2064
1985	2065
1985	2069
1985	2073
1985	2074
1985	2077
1985	2078
1985	2081
2081	1985
1985	2083
1985	2084
1985	2086
1985	2087
2087	1985
1985	2088
1985	2090
1985	2093
1985	2095
1985	2103
1985	2104
1985	2108
2108	1985
1985	2109
1985	2112
1985	2115
1985	2118
1985	2121
1985	2122
1985	2123
1985	2124
1985	2131
1985	2137
1985	2139
1985	2140
1985	2142
1985	2143
1985	2147
1985	2150
1985	2154
1985	2165
1985	2172
1985	2179
1985	2184
1985	2188
1985	2189
2189	1985
1985	2190
1985	2200
1985	2201
1985	2206
1985	2208
1985	2210
1985	2212
1985	2213
1985	2215
1985	2216
1985	2218
1985	2220
1985	2229
1985	2233
1985	2237
1985	2240
1985	2244
1985	2253
1985	2261
1985	2266
1985	2271
1985	2275
1985	2278
1985	2279
2279	1985
1985	2287
1985	2290
1985	2292
1985	2299
1985	2300
1985	2306
1985	2307
1985	2308
1985	2309
1985	2319
1985	2323
1985	2324
1985	2326
1985	2329
1985	2331
2331	1985
1985	2333
2333	1985
1985	2334
1985	2336
1985	2339
1985	2340
1985	2347
2347	1985
1985	2348
1985	2352
1985	2354
1985	2356
1985	2359
1985	2363
1985	2369
2369	1985
1985	2370
1985	2374
1985	2376
1985	2381
1985	2384
1985	2386
1985	2387
1985	2391
1985	2392
1985	2393
1985	2395
1985	2404
1985	2407
1985	2408
1985	2409
1985	2410
1985	2414
1985	2418
1985	2420
2420	1985
1985	2423
1985	2428
1985	2430
1985	2446
1985	2449
1985	2451
2451	1985
1985	2460
1985	2462
1985	2464
1985	2468
1985	2469
1985	2477
1985	2482
1985	2484
1985	2485
1985	2489
1985	2492
1985	2495
1985	2499
1985	2500
1985	2504
1985	2506
1985	2507
1985	2512
1985	2520
1985	2521
2521	1985
1985	2524
1985	2526
1985	2530
1985	2532
1985	2539
1985	2542
1985	2543
2543	1985
1985	2546
1985	2549
1985	2550
1985	2551
1985	2553
1985	2556
1985	2559
1985	2560
1985	2561
1985	2563
1985	2564
1985	2573
1985	2574
1985	2575
1985	2578
1985	2579
1985	2586
1985	2590
1985	2591
1985	2592
2592	1985
1985	2597
2597	1985
1985	2600
1985	2601
1985	2602
1985	2604
1985	2611
1985	2615
1985	2619
1985	2623
1985	2624
1985	2625
1985	2630
1985	2631
1985	2638
1985	2646
1985	2654
1985	2655
2046	1986
2059	1986
2108	1986
2331	1986
2369	1986
2521	1986
2038	1987
2039	1987
2042	1987
2047	1987
2087	1987
2111	1987
2133	1987
2134	1987
2138	1987
2174	1987
2194	1987
2199	1987
2223	1987
2254	1987
2289	1987
2385	1987
2419	1987
2594	1988
2059	1989
2331	1989
2369	1989
2543	1989
1990	2047
2047	1990
1990	2049
2049	1990
1990	2152
2152	1990
1990	2173
2173	1990
1990	2248
2248	1990
1990	2286
2286	1990
1990	2314
2314	1990
1990	2335
2335	1990
1990	2361
2361	1990
1990	2397
2397	1990
1990	2405
2405	1990
1990	2497
1990	2503
2503	1990
1990	2534
1990	2644
2046	1993
2059	1993
2108	1993
2331	1993
2347	1993
2369	1993
2521	1993
2543	1993
1994	2007
2007	1994
1994	2028
2028	1994
1994	2039
2039	1994
1994	2042
2042	1994
1994	2047
2047	1994
1994	2062
1994	2071
2071	1994
1994	2081
2081	1994
1994	2087
2087	1994
1994	2102
1994	2111
2111	1994
1994	2117
2117	1994
1994	2135
2135	1994
1994	2138
2138	1994
1994	2143
1994	2148
2148	1994
1994	2153
1994	2183
1994	2187
2187	1994
1994	2191
1994	2194
2194	1994
1994	2196
2196	1994
1994	2199
2199	1994
1994	2279
2279	1994
1994	2282
2282	1994
1994	2283
1994	2292
1994	2302
1994	2315
2315	1994
1994	2319
1994	2330
1994	2332
1994	2333
2333	1994
1994	2338
2338	1994
1994	2347
2347	1994
1994	2351
2351	1994
1994	2372
1994	2384
1994	2417
1994	2420
2420	1994
1994	2451
2451	1994
1994	2498
2498	1994
1994	2510
1994	2512
1994	2533
2533	1994
1994	2543
2543	1994
1994	2555
2555	1994
1994	2567
1994	2571
2571	1994
1994	2592
2592	1994
1994	2597
2597	1994
1994	2598
1994	2609
1994	2629
2059	1997
2108	1997
2331	1997
2347	1997
2369	1997
2543	1997
2571	1998
2472	2000
2472	2001
2007	2002
2029	2002
2068	2002
2081	2002
2087	2002
2111	2002
2127	2002
2187	2002
2194	2002
2196	2002
2199	2002
2241	2002
2246	2002
2247	2002
2279	2002
2282	2002
2294	2002
2304	2002
2347	2002
2351	2002
2419	2002
2461	2002
2471	2002
2475	2002
2498	2002
2511	2002
2516	2002
2519	2002
2555	2002
2582	2002
2592	2002
2637	2002
2072	2003
2081	2003
2111	2003
2199	2003
2282	2003
2304	2003
2333	2003
2377	2003
2394	2003
2438	2003
2511	2003
2603	2003
2659	2004
2046	2005
2059	2005
2108	2005
2331	2005
2347	2005
2369	2005
2543	2005
2659	2006
2007	2010
2007	2019
2007	2026
2007	2031
2007	2032
2007	2038
2038	2007
2007	2039
2039	2007
2007	2047
2047	2007
2007	2052
2007	2053
2053	2007
2007	2054
2007	2058
2007	2063
2007	2067
2007	2071
2071	2007
2007	2072
2072	2007
2007	2081
2081	2007
2007	2086
2007	2087
2087	2007
2007	2092
2007	2102
2007	2111
2111	2007
2007	2117
2117	2007
2007	2125
2125	2007
2007	2127
2127	2007
2007	2133
2133	2007
2007	2134
2134	2007
2007	2135
2135	2007
2007	2137
2007	2138
2138	2007
2007	2144
2007	2147
2007	2148
2148	2007
2007	2149
2007	2151
2007	2153
2007	2161
2007	2169
2007	2174
2174	2007
2007	2176
2176	2007
2007	2180
2007	2183
2007	2187
2187	2007
2007	2189
2189	2007
2007	2191
2007	2196
2196	2007
2007	2198
2007	2199
2199	2007
2007	2203
2007	2211
2007	2218
2007	2223
2223	2007
2007	2224
2224	2007
2007	2232
2007	2234
2007	2239
2007	2240
2007	2241
2241	2007
2007	2247
2247	2007
2007	2249
2007	2254
2254	2007
2007	2259
2007	2266
2007	2267
2007	2268
2007	2279
2279	2007
2007	2282
2282	2007
2007	2283
2007	2285
2007	2289
2289	2007
2007	2294
2294	2007
2007	2302
2007	2303
2007	2319
2007	2325
2007	2328
2007	2330
2007	2332
2007	2333
2333	2007
2007	2338
2338	2007
2007	2343
2343	2007
2007	2345
2007	2347
2347	2007
2007	2351
2351	2007
2007	2372
2007	2379
2379	2007
2007	2383
2007	2384
2007	2387
2007	2393
2007	2394
2394	2007
2007	2396
2007	2398
2007	2399
2007	2409
2007	2414
2007	2417
2007	2419
2419	2007
2007	2420
2420	2007
2007	2428
2007	2429
2007	2434
2007	2436
2007	2445
2007	2449
2007	2451
2451	2007
2007	2458
2007	2461
2461	2007
2007	2463
2007	2468
2007	2471
2471	2007
2007	2472
2472	2007
2007	2473
2473	2007
2007	2475
2475	2007
2007	2489
2007	2491
2007	2498
2498	2007
2007	2508
2007	2509
2007	2510
2007	2511
2511	2007
2007	2512
2007	2516
2516	2007
2007	2526
2007	2533
2533	2007
2007	2537
2007	2543
2543	2007
2007	2547
2007	2555
2555	2007
2007	2560
2007	2567
2007	2582
2582	2007
2007	2588
2007	2589
2589	2007
2007	2592
2592	2007
2007	2597
2597	2007
2007	2598
2007	2600
2007	2601
2007	2604
2007	2616
2007	2617
2007	2623
2007	2629
2007	2642
2007	2643
2643	2007
2007	2646
2007	2649
2649	2007
2007	2653
2008	2114
2008	2126
2008	2152
2152	2008
2008	2232
2008	2412
2412	2008
2008	2455
2455	2008
2013	2009
2472	2009
2571	2009
2028	2010
2039	2010
2047	2010
2068	2010
2071	2010
2081	2010
2087	2010
2111	2010
2125	2010
2133	2010
2155	2010
2174	2010
2176	2010
2187	2010
2194	2010
2196	2010
2199	2010
2224	2010
2241	2010
2246	2010
2247	2010
2254	2010
2282	2010
2289	2010
2294	2010
2333	2010
2343	2010
2347	2010
2351	2010
2377	2010
2419	2010
2461	2010
2471	2010
2475	2010
2498	2010
2516	2010
2555	2010
2582	2010
2592	2010
2649	2010
2472	2011
2013	2018
2013	2297
2013	2459
2152	2015
2357	2015
2321	2017
2421	2017
2472	2018
2571	2018
2046	2020
2059	2020
2108	2020
2331	2020
2347	2020
2369	2020
2521	2020
2543	2020
2369	2021
2543	2021
2472	2022
2659	2022
2035	2023
2047	2023
2089	2023
2091	2023
2193	2023
2197	2023
2236	2023
2317	2023
2341	2023
2361	2023
2366	2023
2412	2023
2440	2023
2474	2023
2659	2024
2659	2025
2068	2026
2072	2026
2081	2026
2087	2026
2125	2026
2127	2026
2133	2026
2134	2026
2138	2026
2176	2026
2187	2026
2196	2026
2224	2026
2247	2026
2279	2026
2282	2026
2289	2026
2333	2026
2338	2026
2343	2026
2347	2026
2351	2026
2367	2026
2369	2026
2394	2026
2451	2026
2461	2026
2475	2026
2498	2026
2511	2026
2516	2026
2543	2026
2555	2026
2592	2026
2594	2026
2608	2026
2028	2032
2028	2039
2039	2028
2028	2042
2042	2028
2028	2047
2047	2028
2028	2052
2028	2053
2053	2028
2028	2054
2028	2068
2068	2028
2028	2071
2071	2028
2028	2081
2081	2028
2028	2087
2087	2028
2028	2102
2028	2111
2111	2028
2028	2117
2117	2028
2028	2125
2125	2028
2028	2128
2028	2133
2133	2028
2028	2134
2134	2028
2028	2135
2135	2028
2028	2138
2138	2028
2028	2143
2028	2148
2148	2028
2028	2149
2028	2153
2028	2163
2163	2028
2028	2174
2174	2028
2028	2176
2176	2028
2028	2180
2028	2183
2028	2187
2187	2028
2028	2191
2028	2194
2194	2028
2028	2196
2196	2028
2028	2199
2199	2028
2028	2223
2223	2028
2028	2224
2224	2028
2028	2241
2241	2028
2028	2247
2247	2028
2028	2250
2028	2273
2028	2279
2279	2028
2028	2282
2282	2028
2028	2283
2028	2289
2289	2028
2028	2292
2028	2293
2028	2294
2294	2028
2028	2295
2028	2298
2028	2302
2028	2315
2315	2028
2028	2328
2028	2330
2028	2332
2028	2333
2333	2028
2028	2336
2028	2338
2338	2028
2028	2347
2347	2028
2028	2351
2351	2028
2028	2372
2028	2384
2028	2420
2420	2028
2028	2461
2461	2028
2028	2463
2028	2465
2028	2471
2471	2028
2028	2472
2472	2028
2028	2475
2475	2028
2028	2502
2028	2509
2028	2510
2028	2512
2028	2516
2516	2028
2028	2519
2519	2028
2028	2533
2533	2028
2028	2543
2543	2028
2028	2555
2555	2028
2028	2567
2028	2582
2582	2028
2028	2588
2028	2592
2592	2028
2028	2597
2597	2028
2028	2598
2028	2605
2028	2608
2608	2028
2028	2609
2028	2616
2028	2629
2028	2642
2028	2643
2643	2028
2028	2649
2649	2028
2028	2653
2029	2062
2029	2081
2081	2029
2029	2117
2117	2029
2029	2182
2182	2029
2029	2199
2199	2029
2029	2242
2242	2029
2029	2272
2272	2029
2029	2282
2282	2029
2029	2294
2294	2029
2029	2298
2029	2304
2304	2029
2029	2313
2313	2029
2029	2318
2029	2325
2029	2328
2029	2333
2333	2029
2029	2344
2029	2362
2362	2029
2029	2396
2029	2438
2438	2029
2029	2452
2452	2029
2029	2480
2480	2029
2029	2501
2029	2509
2029	2540
2029	2581
2029	2605
2029	2637
2637	2029
2029	2642
2046	2030
2059	2030
2108	2030
2331	2030
2347	2030
2369	2030
2521	2030
2543	2030
2038	2031
2047	2031
2117	2031
2127	2031
2133	2031
2138	2031
2141	2031
2145	2031
2174	2031
2176	2031
2185	2031
2209	2031
2242	2031
2254	2031
2272	2031
2289	2031
2322	2031
2362	2031
2366	2031
2406	2031
2416	2031
2419	2031
2425	2031
2473	2031
2480	2031
2610	2031
2612	2031
2038	2032
2039	2032
2042	2032
2047	2032
2068	2032
2071	2032
2072	2032
2081	2032
2087	2032
2111	2032
2125	2032
2127	2032
2133	2032
2134	2032
2138	2032
2148	2032
2174	2032
2176	2032
2187	2032
2189	2032
2194	2032
2196	2032
2199	2032
2223	2032
2224	2032
2241	2032
2246	2032
2247	2032
2254	2032
2279	2032
2280	2032
2282	2032
2289	2032
2294	2032
2304	2032
2315	2032
2333	2032
2338	2032
2343	2032
2347	2032
2351	2032
2367	2032
2377	2032
2394	2032
2416	2032
2419	2032
2420	2032
2451	2032
2461	2032
2471	2032
2472	2032
2473	2032
2475	2032
2498	2032
2511	2032
2516	2032
2519	2032
2533	2032
2543	2032
2555	2032
2571	2032
2582	2032
2589	2032
2592	2032
2594	2032
2597	2032
2608	2032
2643	2032
2649	2032
2059	2033
2108	2033
2331	2033
2347	2033
2369	2033
2521	2033
2543	2033
2034	2041
2034	2120
2034	2156
2034	2204
2204	2034
2034	2321
2321	2034
2034	2421
2421	2034
2034	2437
2437	2034
2035	2049
2049	2035
2035	2082
2035	2089
2089	2035
2035	2091
2091	2035
2035	2107
2035	2126
2035	2129
2035	2197
2197	2035
2035	2228
2228	2035
2035	2231
2035	2236
2236	2035
2035	2313
2313	2035
2035	2361
2361	2035
2035	2366
2366	2035
2035	2371
2035	2397
2397	2035
2035	2402
2035	2440
2440	2035
2035	2448
2035	2488
2035	2614
2035	2618
2618	2035
2035	2628
2047	2036
2133	2036
2289	2036
2366	2036
2406	2036
2566	2036
2610	2036
2612	2036
2046	2037
2108	2037
2347	2037
2369	2037
2521	2037
2543	2037
2038	2039
2039	2038
2038	2047
2047	2038
2038	2052
2038	2053
2053	2038
2038	2054
2038	2068
2068	2038
2038	2072
2072	2038
2038	2087
2087	2038
2038	2102
2038	2111
2111	2038
2038	2125
2125	2038
2038	2127
2127	2038
2038	2133
2133	2038
2038	2134
2134	2038
2038	2135
2135	2038
2038	2138
2138	2038
2038	2141
2141	2038
2038	2144
2038	2145
2145	2038
2038	2149
2038	2169
2038	2174
2174	2038
2038	2176
2176	2038
2038	2180
2038	2183
2038	2185
2185	2038
2038	2186
2038	2187
2187	2038
2038	2189
2189	2038
2038	2198
2038	2199
2199	2038
2038	2203
2038	2209
2209	2038
2038	2211
2038	2215
2038	2223
2223	2038
2038	2224
2224	2038
2038	2226
2038	2232
2038	2239
2038	2241
2241	2038
2038	2242
2242	2038
2038	2250
2038	2254
2254	2038
2038	2259
2038	2267
2038	2268
2038	2277
2277	2038
2038	2279
2279	2038
2038	2283
2038	2285
2038	2289
2289	2038
2038	2296
2038	2302
2038	2318
2038	2319
2038	2322
2322	2038
2038	2325
2038	2327
2038	2330
2038	2336
2038	2343
2343	2038
2038	2345
2038	2366
2366	2038
2038	2367
2367	2038
2038	2372
2038	2379
2379	2038
2038	2384
2038	2398
2038	2406
2406	2038
2038	2416
2416	2038
2038	2417
2038	2419
2419	2038
2038	2425
2425	2038
2038	2436
2038	2445
2038	2451
2451	2038
2038	2458
2038	2463
2038	2471
2471	2038
2038	2473
2473	2038
2038	2491
2038	2498
2498	2038
2038	2508
2038	2509
2038	2510
2038	2511
2511	2038
2038	2512
2038	2525
2038	2533
2533	2038
2038	2543
2543	2038
2038	2555
2555	2038
2038	2566
2566	2038
2038	2582
2582	2038
2038	2588
2038	2589
2589	2038
2038	2594
2594	2038
2038	2598
2038	2608
2608	2038
2038	2610
2610	2038
2038	2612
2612	2038
2038	2616
2038	2617
2038	2637
2637	2038
2038	2642
2038	2649
2649	2038
2038	2653
2039	2047
2047	2039
2039	2052
2039	2053
2053	2039
2039	2054
2039	2057
2039	2068
2068	2039
2039	2071
2071	2039
2039	2072
2072	2039
2039	2081
2081	2039
2039	2087
2087	2039
2039	2102
2039	2111
2111	2039
2039	2117
2117	2039
2039	2127
2127	2039
2039	2134
2134	2039
2039	2135
2135	2039
2039	2138
2138	2039
2039	2144
2039	2148
2148	2039
2039	2149
2039	2151
2039	2153
2039	2169
2039	2176
2176	2039
2039	2180
2039	2183
2039	2187
2187	2039
2039	2189
2189	2039
2039	2191
2039	2194
2194	2039
2039	2196
2196	2039
2039	2199
2199	2039
2039	2203
2039	2215
2039	2223
2223	2039
2039	2224
2224	2039
2039	2232
2039	2241
2241	2039
2039	2250
2039	2254
2254	2039
2039	2264
2039	2267
2039	2268
2039	2273
2039	2279
2279	2039
2039	2282
2282	2039
2039	2283
2039	2289
2289	2039
2039	2292
2039	2293
2039	2302
2039	2315
2315	2039
2039	2319
2039	2328
2039	2332
2039	2333
2333	2039
2039	2336
2039	2338
2338	2039
2039	2347
2347	2039
2039	2351
2351	2039
2039	2368
2039	2372
2039	2384
2039	2385
2385	2039
2039	2394
2394	2039
2039	2417
2039	2420
2420	2039
2039	2445
2039	2461
2461	2039
2039	2463
2039	2465
2039	2471
2471	2039
2039	2475
2475	2039
2039	2498
2498	2039
2039	2508
2039	2510
2039	2511
2511	2039
2039	2512
2039	2543
2543	2039
2039	2555
2555	2039
2039	2567
2039	2582
2582	2039
2039	2588
2039	2592
2592	2039
2039	2597
2597	2039
2039	2598
2039	2609
2039	2616
2039	2629
2039	2642
2039	2643
2643	2039
2039	2653
2046	2040
2059	2040
2108	2040
2331	2040
2347	2040
2369	2040
2521	2040
2543	2040
2313	2041
2321	2041
2342	2041
2634	2041
2042	2047
2047	2042
2042	2052
2042	2054
2042	2057
2042	2068
2068	2042
2042	2081
2081	2042
2042	2087
2087	2042
2042	2102
2042	2111
2111	2042
2042	2117
2117	2042
2042	2125
2125	2042
2042	2128
2042	2133
2133	2042
2042	2135
2135	2042
2042	2137
2042	2138
2138	2042
2042	2143
2042	2148
2148	2042
2042	2149
2042	2151
2042	2153
2042	2169
2042	2180
2042	2183
2042	2187
2187	2042
2042	2191
2042	2194
2194	2042
2042	2196
2196	2042
2042	2199
2199	2042
2042	2203
2042	2215
2042	2223
2223	2042
2042	2224
2224	2042
2042	2250
2042	2254
2254	2042
2042	2268
2042	2279
2279	2042
2042	2282
2282	2042
2042	2283
2042	2292
2042	2302
2042	2315
2315	2042
2042	2328
2042	2332
2042	2333
2333	2042
2042	2336
2042	2338
2338	2042
2042	2347
2347	2042
2042	2351
2351	2042
2042	2372
2042	2384
2042	2385
2385	2042
2042	2420
2420	2042
2042	2434
2042	2436
2042	2445
2042	2458
2042	2463
2042	2491
2042	2502
2042	2508
2042	2510
2042	2511
2511	2042
2042	2516
2516	2042
2042	2522
2042	2533
2533	2042
2042	2543
2543	2042
2042	2544
2042	2555
2555	2042
2042	2567
2042	2582
2582	2042
2042	2592
2592	2042
2042	2597
2597	2042
2042	2598
2042	2629
2042	2642
2042	2643
2643	2042
2042	2649
2649	2042
2042	2653
2046	2043
2059	2043
2331	2043
2347	2043
2369	2043
2543	2043
2046	2045
2059	2045
2108	2045
2331	2045
2347	2045
2369	2045
2521	2045
2543	2045
2046	2059
2059	2046
2046	2060
2046	2064
2046	2073
2046	2074
2046	2078
2046	2083
2046	2084
2046	2088
2046	2090
2046	2093
2046	2095
2046	2098
2046	2104
2046	2108
2108	2046
2046	2109
2046	2118
2046	2123
2046	2124
2046	2131
2046	2140
2046	2142
2046	2150
2046	2172
2046	2184
2046	2188
2046	2190
2046	2200
2046	2206
2046	2210
2046	2212
2046	2218
2046	2220
2046	2229
2046	2233
2046	2240
2046	2244
2046	2266
2046	2271
2046	2275
2046	2276
2046	2309
2046	2323
2046	2324
2046	2326
2046	2331
2331	2046
2046	2334
2046	2339
2046	2340
2046	2347
2347	2046
2046	2354
2046	2356
2046	2363
2046	2369
2369	2046
2046	2376
2046	2395
2046	2404
2046	2408
2046	2409
2046	2410
2046	2414
2046	2423
2046	2446
2046	2460
2046	2464
2046	2468
2046	2482
2046	2492
2046	2495
2046	2500
2046	2506
2046	2507
2046	2532
2046	2542
2046	2543
2543	2046
2046	2551
2046	2552
2046	2553
2046	2559
2046	2560
2046	2563
2046	2573
2046	2578
2046	2579
2046	2586
2046	2590
2046	2591
2046	2593
2046	2600
2046	2602
2046	2604
2046	2607
2046	2611
2046	2615
2046	2619
2046	2624
2046	2625
2046	2630
2046	2631
2046	2655
2047	2049
2049	2047
2047	2052
2047	2053
2053	2047
2047	2057
2047	2065
2047	2066
2047	2068
2068	2047
2047	2071
2071	2047
2047	2072
2072	2047
2047	2080
2080	2047
2047	2081
2081	2047
2047	2085
2085	2047
2047	2087
2087	2047
2047	2102
2047	2107
2047	2111
2111	2047
2047	2125
2125	2047
2047	2126
2047	2127
2127	2047
2047	2128
2047	2133
2133	2047
2047	2134
2134	2047
2047	2135
2135	2047
2047	2137
2047	2138
2138	2047
2047	2141
2141	2047
2047	2144
2047	2145
2145	2047
2047	2148
2148	2047
2047	2149
2047	2153
2047	2169
2047	2173
2173	2047
2047	2174
2174	2047
2047	2175
2175	2047
2047	2176
2176	2047
2047	2180
2047	2183
2047	2185
2185	2047
2047	2186
2047	2187
2187	2047
2047	2189
2189	2047
2047	2191
2047	2193
2193	2047
2047	2194
2194	2047
2047	2196
2196	2047
2047	2199
2199	2047
2047	2203
2047	2205
2047	2208
2047	2209
2209	2047
2047	2211
2047	2214
2047	2215
2047	2223
2223	2047
2047	2224
2224	2047
2047	2226
2047	2231
2047	2232
2047	2239
2047	2241
2241	2047
2047	2242
2242	2047
2047	2246
2246	2047
2047	2247
2247	2047
2047	2248
2248	2047
2047	2250
2047	2254
2254	2047
2047	2259
2047	2267
2047	2268
2047	2272
2272	2047
2047	2273
2047	2277
2277	2047
2047	2279
2279	2047
2047	2282
2282	2047
2047	2283
2047	2286
2286	2047
2047	2289
2289	2047
2047	2292
2047	2293
2047	2296
2047	2302
2047	2305
2047	2310
2047	2313
2313	2047
2047	2314
2314	2047
2047	2315
2315	2047
2047	2318
2047	2319
2047	2322
2322	2047
2047	2325
2047	2327
2047	2328
2047	2332
2047	2333
2333	2047
2047	2335
2335	2047
2047	2336
2047	2338
2338	2047
2047	2344
2047	2345
2047	2347
2347	2047
2047	2351
2351	2047
2047	2361
2361	2047
2047	2366
2366	2047
2047	2367
2367	2047
2047	2371
2047	2372
2047	2379
2379	2047
2047	2384
2047	2385
2385	2047
2047	2397
2397	2047
2047	2398
2047	2403
2403	2047
2047	2406
2406	2047
2047	2411
2411	2047
2047	2416
2416	2047
2047	2417
2047	2419
2419	2047
2047	2420
2420	2047
2047	2425
2425	2047
2047	2436
2047	2445
2047	2453
2047	2458
2047	2461
2461	2047
2047	2465
2047	2468
2047	2471
2471	2047
2047	2472
2472	2047
2047	2473
2473	2047
2047	2474
2474	2047
2047	2475
2475	2047
2047	2491
2047	2497
2047	2498
2498	2047
2047	2503
2503	2047
2047	2508
2047	2509
2047	2510
2047	2511
2511	2047
2047	2512
2047	2516
2516	2047
2047	2525
2047	2530
2047	2533
2533	2047
2047	2534
2047	2543
2543	2047
2047	2555
2555	2047
2047	2557
2047	2566
2566	2047
2047	2567
2047	2572
2047	2580
2580	2047
2047	2581
2047	2582
2582	2047
2047	2588
2047	2589
2589	2047
2047	2592
2592	2047
2047	2594
2594	2047
2047	2597
2597	2047
2047	2598
2047	2608
2608	2047
2047	2609
2047	2610
2610	2047
2047	2612
2612	2047
2047	2616
2047	2629
2047	2637
2637	2047
2047	2641
2047	2642
2047	2643
2643	2047
2047	2644
2047	2649
2649	2047
2047	2653
2085	2048
2155	2048
2289	2048
2425	2048
2498	2048
2049	2082
2049	2089
2089	2049
2049	2158
2158	2049
2049	2173
2173	2049
2049	2231
2049	2248
2248	2049
2049	2286
2286	2049
2049	2313
2313	2049
2049	2314
2314	2049
2049	2317
2317	2049
2049	2335
2335	2049
2049	2371
2049	2397
2397	2049
2049	2403
2403	2049
2049	2411
2411	2049
2049	2440
2440	2049
2049	2448
2049	2474
2474	2049
2049	2488
2049	2497
2049	2503
2503	2049
2049	2523
2049	2534
2049	2562
2562	2049
2049	2570
2049	2612
2612	2049
2049	2628
2049	2644
2313	2051
2342	2051
2558	2051
2053	2052
2068	2052
2071	2052
2072	2052
2081	2052
2087	2052
2111	2052
2117	2052
2125	2052
2133	2052
2138	2052
2148	2052
2174	2052
2176	2052
2187	2052
2194	2052
2196	2052
2199	2052
2224	2052
2241	2052
2246	2052
2247	2052
2279	2052
2282	2052
2289	2052
2294	2052
2304	2052
2333	2052
2338	2052
2343	2052
2347	2052
2351	2052
2377	2052
2420	2052
2461	2052
2471	2052
2475	2052
2498	2052
2511	2052
2516	2052
2543	2052
2555	2052
2582	2052
2592	2052
2594	2052
2603	2052
2643	2052
2649	2052
2053	2054
2053	2057
2053	2068
2068	2053
2053	2071
2071	2053
2053	2072
2072	2053
2053	2075
2053	2081
2081	2053
2053	2087
2087	2053
2053	2101
2053	2111
2111	2053
2053	2117
2117	2053
2053	2125
2125	2053
2053	2132
2053	2134
2134	2053
2053	2135
2135	2053
2053	2138
2138	2053
2053	2153
2053	2161
2053	2180
2053	2183
2053	2187
2187	2053
2053	2191
2053	2194
2194	2053
2053	2196
2196	2053
2053	2199
2199	2053
2053	2203
2053	2215
2053	2223
2223	2053
2053	2224
2224	2053
2053	2226
2053	2235
2053	2239
2053	2243
2053	2247
2247	2053
2053	2254
2254	2053
2053	2264
2053	2273
2053	2279
2279	2053
2053	2280
2280	2053
2053	2282
2282	2053
2053	2283
2053	2285
2053	2289
2289	2053
2053	2292
2053	2294
2294	2053
2053	2302
2053	2315
2315	2053
2053	2327
2053	2328
2053	2332
2053	2333
2333	2053
2053	2336
2053	2338
2338	2053
2053	2344
2053	2347
2347	2053
2053	2351
2351	2053
2053	2372
2053	2377
2377	2053
2053	2384
2053	2385
2385	2053
2053	2390
2053	2394
2394	2053
2053	2396
2053	2398
2053	2399
2053	2420
2420	2053
2053	2436
2053	2438
2438	2053
2053	2451
2451	2053
2053	2458
2053	2461
2461	2053
2053	2463
2053	2472
2472	2053
2053	2479
2053	2491
2053	2496
2496	2053
2053	2501
2053	2508
2053	2509
2053	2510
2053	2511
2511	2053
2053	2533
2533	2053
2053	2537
2053	2543
2543	2053
2053	2547
2053	2555
2555	2053
2053	2567
2053	2592
2592	2053
2053	2594
2594	2053
2053	2597
2597	2053
2053	2598
2053	2608
2608	2053
2053	2609
2053	2617
2053	2629
2053	2643
2643	2053
2053	2652
2068	2054
2071	2054
2072	2054
2081	2054
2087	2054
2111	2054
2117	2054
2125	2054
2127	2054
2133	2054
2134	2054
2135	2054
2138	2054
2148	2054
2163	2054
2174	2054
2176	2054
2187	2054
2189	2054
2194	2054
2196	2054
2199	2054
2223	2054
2224	2054
2241	2054
2246	2054
2247	2054
2274	2054
2279	2054
2280	2054
2282	2054
2289	2054
2294	2054
2315	2054
2333	2054
2338	2054
2343	2054
2347	2054
2351	2054
2377	2054
2394	2054
2419	2054
2420	2054
2438	2054
2451	2054
2461	2054
2475	2054
2498	2054
2511	2054
2516	2054
2519	2054
2543	2054
2555	2054
2582	2054
2589	2054
2592	2054
2594	2054
2597	2054
2603	2054
2608	2054
2643	2054
2649	2054
2059	2055
2331	2055
2347	2055
2369	2055
2543	2055
2059	2056
2189	2056
2331	2056
2369	2056
2068	2057
2081	2057
2087	2057
2111	2057
2134	2057
2138	2057
2199	2057
2223	2057
2254	2057
2333	2057
2385	2057
2511	2057
2592	2057
2608	2057
2331	2058
2347	2058
2594	2058
2059	2060
2059	2063
2059	2064
2059	2069
2059	2073
2059	2074
2059	2077
2059	2078
2059	2083
2059	2084
2059	2086
2059	2088
2059	2090
2059	2093
2059	2095
2059	2098
2059	2103
2059	2104
2059	2108
2108	2059
2059	2109
2059	2112
2059	2115
2059	2118
2059	2121
2059	2122
2059	2123
2059	2124
2059	2131
2059	2139
2059	2140
2059	2142
2059	2150
2059	2154
2059	2165
2059	2172
2059	2179
2059	2184
2059	2188
2059	2190
2059	2200
2059	2201
2059	2206
2059	2212
2059	2216
2059	2218
2059	2220
2059	2229
2059	2233
2059	2237
2059	2240
2059	2244
2059	2253
2059	2257
2059	2261
2059	2266
2059	2271
2059	2275
2059	2276
2059	2278
2059	2290
2059	2299
2059	2300
2059	2306
2059	2307
2059	2308
2059	2309
2059	2323
2059	2324
2059	2326
2059	2329
2059	2331
2331	2059
2059	2334
2059	2339
2059	2340
2059	2347
2347	2059
2059	2348
2059	2352
2059	2353
2059	2354
2059	2356
2059	2359
2059	2363
2059	2369
2369	2059
2059	2370
2059	2374
2059	2381
2059	2386
2059	2395
2059	2404
2059	2408
2059	2409
2059	2410
2059	2414
2059	2418
2059	2423
2059	2428
2059	2430
2059	2433
2059	2446
2059	2460
2059	2464
2059	2467
2059	2468
2059	2469
2059	2477
2059	2478
2059	2482
2059	2484
2059	2485
2059	2489
2059	2492
2059	2495
2059	2500
2059	2504
2059	2506
2059	2507
2059	2520
2059	2521
2521	2059
2059	2526
2059	2532
2059	2539
2059	2542
2059	2543
2543	2059
2059	2546
2059	2549
2059	2550
2059	2552
2059	2553
2059	2554
2059	2556
2059	2559
2059	2560
2059	2561
2059	2563
2059	2564
2059	2573
2059	2574
2059	2575
2059	2578
2059	2579
2059	2586
2059	2590
2059	2591
2059	2593
2059	2600
2059	2601
2059	2602
2059	2604
2059	2606
2059	2607
2059	2611
2059	2615
2059	2619
2059	2623
2059	2624
2059	2625
2059	2630
2059	2631
2059	2638
2059	2646
2059	2654
2059	2655
2108	2060
2163	2060
2242	2060
2272	2060
2331	2060
2369	2060
2659	2061
2072	2062
2081	2062
2111	2062
2125	2062
2224	2062
2242	2062
2274	2062
2279	2062
2280	2062
2282	2062
2315	2062
2333	2062
2338	2062
2347	2062
2351	2062
2394	2062
2420	2062
2438	2062
2451	2062
2511	2062
2543	2062
2592	2062
2597	2062
2603	2062
2108	2063
2331	2063
2347	2063
2521	2063
2108	2064
2331	2064
2347	2064
2369	2064
2521	2064
2543	2064
2081	2065
2087	2065
2333	2065
2385	2065
2592	2065
2608	2065
2133	2066
2189	2067
2068	2071
2071	2068
2068	2072
2072	2068
2068	2081
2081	2068
2068	2087
2087	2068
2068	2101
2068	2102
2068	2111
2111	2068
2068	2117
2117	2068
2068	2125
2125	2068
2068	2127
2127	2068
2068	2128
2068	2132
2068	2133
2133	2068
2068	2134
2134	2068
2068	2135
2135	2068
2068	2138
2138	2068
2068	2143
2068	2144
2068	2149
2068	2151
2068	2153
2068	2161
2068	2169
2068	2174
2174	2068
2068	2176
2176	2068
2068	2180
2068	2183
2068	2187
2187	2068
2068	2189
2189	2068
2068	2191
2068	2194
2194	2068
2068	2196
2196	2068
2068	2198
2068	2199
2199	2068
2068	2203
2068	2215
2068	2223
2223	2068
2068	2224
2224	2068
2068	2232
2068	2241
2241	2068
2068	2247
2247	2068
2068	2249
2068	2254
2254	2068
2068	2259
2068	2268
2068	2279
2279	2068
2068	2280
2280	2068
2068	2282
2282	2068
2068	2283
2068	2289
2289	2068
2068	2293
2068	2294
2294	2068
2068	2302
2068	2305
2068	2319
2068	2328
2068	2330
2068	2332
2068	2333
2333	2068
2068	2338
2338	2068
2068	2343
2343	2068
2068	2344
2068	2345
2068	2347
2347	2068
2068	2366
2366	2068
2068	2367
2367	2068
2068	2372
2068	2377
2377	2068
2068	2379
2379	2068
2068	2384
2068	2385
2385	2068
2068	2394
2394	2068
2068	2398
2068	2417
2068	2419
2419	2068
2068	2434
2068	2436
2068	2445
2068	2451
2451	2068
2068	2458
2068	2461
2461	2068
2068	2463
2068	2471
2471	2068
2068	2472
2472	2068
2068	2473
2473	2068
2068	2475
2475	2068
2068	2491
2068	2498
2498	2068
2068	2508
2068	2510
2068	2511
2511	2068
2068	2512
2068	2533
2533	2068
2068	2537
2068	2543
2543	2068
2068	2555
2555	2068
2068	2567
2068	2571
2571	2068
2068	2572
2068	2582
2582	2068
2068	2588
2068	2589
2589	2068
2068	2592
2592	2068
2068	2597
2597	2068
2068	2598
2068	2616
2068	2617
2068	2629
2068	2643
2643	2068
2068	2649
2649	2068
2068	2653
2108	2069
2189	2069
2331	2069
2347	2069
2369	2069
2521	2069
2543	2069
2070	2091
2091	2070
2070	2126
2070	2129
2070	2156
2070	2236
2236	2070
2070	2260
2260	2070
2070	2335
2335	2070
2070	2361
2361	2070
2070	2488
2070	2570
2070	2644
2071	2072
2072	2071
2071	2081
2081	2071
2071	2087
2087	2071
2071	2102
2071	2111
2111	2071
2071	2117
2117	2071
2071	2125
2125	2071
2071	2127
2127	2071
2071	2133
2133	2071
2071	2134
2134	2071
2071	2135
2135	2071
2071	2137
2071	2138
2138	2071
2071	2143
2071	2144
2071	2148
2148	2071
2071	2149
2071	2151
2071	2153
2071	2174
2174	2071
2071	2176
2176	2071
2071	2180
2071	2183
2071	2187
2187	2071
2071	2189
2189	2071
2071	2191
2071	2194
2194	2071
2071	2196
2196	2071
2071	2199
2199	2071
2071	2223
2223	2071
2071	2224
2224	2071
2071	2241
2241	2071
2071	2246
2246	2071
2071	2247
2247	2071
2071	2250
2071	2254
2254	2071
2071	2264
2071	2267
2071	2268
2071	2273
2071	2279
2279	2071
2071	2282
2282	2071
2071	2283
2071	2285
2071	2289
2289	2071
2071	2292
2071	2293
2071	2302
2071	2315
2315	2071
2071	2319
2071	2328
2071	2330
2071	2332
2071	2333
2333	2071
2071	2336
2071	2338
2338	2071
2071	2344
2071	2347
2347	2071
2071	2351
2351	2071
2071	2372
2071	2377
2377	2071
2071	2384
2071	2398
2071	2420
2420	2071
2071	2427
2071	2429
2071	2436
2071	2451
2451	2071
2071	2458
2071	2461
2461	2071
2071	2463
2071	2465
2071	2471
2471	2071
2071	2472
2472	2071
2071	2491
2071	2498
2498	2071
2071	2510
2071	2511
2511	2071
2071	2512
2071	2516
2516	2071
2071	2533
2533	2071
2071	2543
2543	2071
2071	2547
2071	2555
2555	2071
2071	2567
2071	2588
2071	2589
2589	2071
2071	2592
2592	2071
2071	2597
2597	2071
2071	2598
2071	2599
2071	2609
2071	2623
2071	2629
2071	2642
2071	2643
2643	2071
2071	2649
2649	2071
2071	2653
2072	2075
2072	2081
2081	2072
2072	2096
2072	2101
2072	2110
2072	2111
2111	2072
2072	2117
2117	2072
2072	2125
2125	2072
2072	2127
2127	2072
2072	2132
2072	2133
2133	2072
2072	2135
2135	2072
2072	2137
2072	2138
2138	2072
2072	2144
2072	2153
2072	2161
2072	2169
2072	2174
2174	2072
2072	2180
2072	2183
2072	2187
2187	2072
2072	2189
2189	2072
2072	2198
2072	2199
2199	2072
2072	2203
2072	2222
2072	2223
2223	2072
2072	2224
2224	2072
2072	2232
2072	2235
2072	2241
2241	2072
2072	2243
2072	2247
2247	2072
2072	2254
2254	2072
2072	2268
2072	2274
2274	2072
2072	2279
2279	2072
2072	2280
2280	2072
2072	2282
2282	2072
2072	2283
2072	2289
2289	2072
2072	2292
2072	2294
2294	2072
2072	2304
2304	2072
2072	2315
2315	2072
2072	2319
2072	2327
2072	2328
2072	2333
2333	2072
2072	2336
2072	2338
2338	2072
2072	2344
2072	2347
2347	2072
2072	2377
2377	2072
2072	2384
2072	2390
2072	2394
2394	2072
2072	2396
2072	2398
2072	2399
2072	2415
2072	2417
2072	2420
2420	2072
2072	2434
2072	2436
2072	2438
2438	2072
2072	2445
2072	2451
2451	2072
2072	2458
2072	2461
2461	2072
2072	2463
2072	2468
2072	2471
2471	2072
2072	2479
2072	2491
2072	2501
2072	2508
2072	2509
2072	2510
2072	2511
2511	2072
2072	2516
2516	2072
2072	2518
2072	2533
2533	2072
2072	2537
2072	2555
2555	2072
2072	2568
2072	2589
2589	2072
2072	2592
2592	2072
2072	2594
2594	2072
2072	2597
2597	2072
2072	2598
2072	2603
2603	2072
2072	2608
2608	2072
2072	2617
2072	2629
2072	2649
2649	2072
2072	2652
2072	2653
2108	2073
2331	2073
2347	2073
2369	2073
2521	2073
2543	2073
2108	2074
2331	2074
2347	2074
2369	2074
2081	2075
2111	2075
2199	2075
2274	2075
2280	2075
2282	2075
2333	2075
2377	2075
2394	2075
2438	2075
2451	2075
2511	2075
2603	2075
2425	2076
2108	2077
2331	2077
2347	2077
2369	2077
2521	2077
2108	2078
2331	2078
2347	2078
2369	2078
2521	2078
2543	2078
2080	2145
2145	2080
2080	2193
2193	2080
2080	2236
2236	2080
2080	2277
2277	2080
2080	2313
2313	2080
2080	2614
2080	2656
2656	2080
2081	2087
2087	2081
2081	2101
2081	2102
2081	2110
2081	2111
2111	2081
2081	2117
2117	2081
2081	2125
2125	2081
2081	2127
2127	2081
2081	2128
2081	2132
2081	2133
2133	2081
2081	2134
2134	2081
2081	2135
2135	2081
2081	2137
2081	2138
2138	2081
2081	2144
2081	2148
2148	2081
2081	2149
2081	2153
2081	2161
2081	2174
2174	2081
2081	2176
2176	2081
2081	2177
2081	2180
2081	2183
2081	2187
2187	2081
2081	2189
2189	2081
2081	2191
2081	2194
2194	2081
2081	2196
2196	2081
2081	2199
2199	2081
2081	2215
2081	2223
2223	2081
2081	2224
2224	2081
2081	2235
2081	2241
2241	2081
2081	2243
2081	2246
2246	2081
2081	2247
2247	2081
2081	2250
2081	2252
2081	2254
2254	2081
2081	2267
2081	2273
2081	2274
2274	2081
2081	2279
2279	2081
2081	2280
2280	2081
2081	2282
2282	2081
2081	2283
2081	2289
2289	2081
2081	2292
2081	2293
2081	2294
2294	2081
2081	2302
2081	2304
2304	2081
2081	2315
2315	2081
2081	2319
2081	2324
2081	2327
2081	2328
2081	2332
2081	2333
2333	2081
2081	2336
2081	2338
2338	2081
2081	2343
2343	2081
2081	2344
2081	2347
2347	2081
2081	2351
2351	2081
2081	2367
2367	2081
2081	2368
2081	2372
2081	2377
2377	2081
2081	2384
2081	2385
2385	2081
2081	2390
2081	2394
2394	2081
2081	2396
2081	2398
2081	2399
2081	2415
2081	2419
2419	2081
2081	2420
2420	2081
2081	2432
2081	2434
2081	2436
2081	2438
2438	2081
2081	2445
2081	2451
2451	2081
2081	2458
2081	2461
2461	2081
2081	2462
2081	2463
2081	2465
2081	2468
2081	2471
2471	2081
2081	2472
2472	2081
2081	2475
2475	2081
2081	2479
2081	2491
2081	2496
2496	2081
2081	2501
2081	2508
2081	2509
2081	2510
2081	2511
2511	2081
2081	2530
2081	2533
2533	2081
2081	2537
2081	2543
2543	2081
2081	2547
2081	2555
2555	2081
2081	2567
2081	2582
2582	2081
2081	2588
2081	2589
2589	2081
2081	2592
2592	2081
2081	2594
2594	2081
2081	2597
2597	2081
2081	2598
2081	2603
2603	2081
2081	2608
2608	2081
2081	2609
2081	2617
2081	2629
2081	2642
2081	2643
2643	2081
2081	2649
2649	2081
2081	2652
2081	2653
2089	2082
2152	2082
2228	2082
2397	2082
2412	2082
2440	2082
2108	2083
2331	2083
2347	2083
2543	2083
2108	2084
2331	2084
2347	2084
2369	2084
2085	2091
2091	2085
2085	2107
2085	2145
2145	2085
2085	2152
2152	2085
2085	2186
2085	2197
2197	2085
2085	2211
2085	2226
2085	2232
2085	2235
2085	2265
2085	2296
2085	2322
2322	2085
2085	2341
2341	2085
2085	2366
2366	2085
2085	2367
2367	2085
2085	2379
2379	2085
2085	2406
2406	2085
2085	2473
2473	2085
2085	2523
2085	2566
2566	2085
2085	2581
2085	2610
2610	2085
2085	2612
2612	2085
2331	2086
2347	2086
2369	2086
2543	2086
2087	2102
2087	2111
2111	2087
2087	2117
2117	2087
2087	2125
2125	2087
2087	2127
2127	2087
2087	2128
2087	2133
2133	2087
2087	2134
2134	2087
2087	2135
2135	2087
2087	2138
2138	2087
2087	2143
2087	2144
2087	2148
2148	2087
2087	2149
2087	2151
2087	2153
2087	2163
2163	2087
2087	2169
2087	2174
2174	2087
2087	2176
2176	2087
2087	2180
2087	2183
2087	2187
2187	2087
2087	2189
2189	2087
2087	2191
2087	2194
2194	2087
2087	2196
2196	2087
2087	2198
2087	2199
2199	2087
2087	2203
2087	2208
2087	2215
2087	2223
2223	2087
2087	2224
2224	2087
2087	2241
2241	2087
2087	2246
2246	2087
2087	2247
2247	2087
2087	2249
2087	2250
2087	2254
2254	2087
2087	2259
2087	2264
2087	2267
2087	2268
2087	2273
2087	2279
2279	2087
2087	2282
2282	2087
2087	2283
2087	2289
2289	2087
2087	2292
2087	2293
2087	2294
2294	2087
2087	2302
2087	2305
2087	2315
2315	2087
2087	2319
2087	2325
2087	2327
2087	2328
2087	2332
2087	2333
2333	2087
2087	2336
2087	2338
2338	2087
2087	2343
2343	2087
2087	2344
2087	2347
2347	2087
2087	2351
2351	2087
2087	2368
2087	2372
2087	2377
2377	2087
2087	2384
2087	2385
2385	2087
2087	2398
2087	2420
2420	2087
2087	2434
2087	2436
2087	2445
2087	2451
2451	2087
2087	2461
2461	2087
2087	2463
2087	2465
2087	2471
2471	2087
2087	2472
2472	2087
2087	2475
2475	2087
2087	2491
2087	2498
2498	2087
2087	2508
2087	2509
2087	2510
2087	2511
2511	2087
2087	2512
2087	2516
2516	2087
2087	2522
2087	2530
2087	2533
2533	2087
2087	2537
2087	2543
2543	2087
2087	2547
2087	2555
2555	2087
2087	2567
2087	2572
2087	2582
2582	2087
2087	2588
2087	2589
2589	2087
2087	2592
2592	2087
2087	2594
2594	2087
2087	2597
2597	2087
2087	2598
2087	2608
2608	2087
2087	2609
2087	2616
2087	2617
2087	2629
2087	2642
2087	2643
2643	2087
2087	2649
2649	2087
2087	2653
2108	2088
2331	2088
2347	2088
2521	2088
2543	2088
2089	2107
2089	2126
2089	2228
2228	2089
2089	2231
2089	2236
2236	2089
2089	2313
2313	2089
2089	2361
2361	2089
2089	2371
2089	2397
2397	2089
2089	2402
2089	2440
2440	2089
2089	2448
2089	2488
2089	2570
2089	2614
2089	2618
2618	2089
2089	2628
2108	2090
2331	2090
2347	2090
2369	2090
2521	2090
2543	2090
2091	2099
2091	2105
2105	2091
2091	2126
2091	2129
2091	2130
2091	2146
2146	2091
2091	2156
2091	2160
2160	2091
2091	2162
2162	2091
2091	2173
2173	2091
2091	2197
2197	2091
2091	2231
2091	2236
2236	2091
2091	2260
2260	2091
2091	2313
2313	2091
2091	2317
2317	2091
2091	2341
2341	2091
2091	2342
2342	2091
2091	2361
2361	2091
2091	2371
2091	2411
2411	2091
2091	2440
2440	2091
2091	2448
2091	2488
2091	2540
2091	2659
2659	2091
2189	2092
2331	2092
2108	2093
2331	2093
2347	2093
2369	2093
2521	2093
2543	2093
2331	2095
2347	2095
2369	2095
2543	2095
2333	2096
2438	2096
2480	2096
2603	2096
2659	2097
2331	2098
2347	2098
2369	2098
2543	2098
2197	2099
2199	2099
2247	2099
2313	2099
2461	2099
2555	2099
2217	2100
2313	2100
2558	2100
2111	2101
2117	2101
2134	2101
2199	2101
2223	2101
2274	2101
2279	2101
2280	2101
2282	2101
2294	2101
2333	2101
2338	2101
2367	2101
2379	2101
2394	2101
2438	2101
2451	2101
2461	2101
2511	2101
2516	2101
2571	2101
2594	2101
2603	2101
2608	2101
2111	2102
2117	2102
2125	2102
2127	2102
2133	2102
2134	2102
2138	2102
2148	2102
2174	2102
2176	2102
2187	2102
2189	2102
2194	2102
2196	2102
2199	2102
2223	2102
2224	2102
2241	2102
2246	2102
2254	2102
2279	2102
2280	2102
2282	2102
2289	2102
2294	2102
2338	2102
2343	2102
2347	2102
2351	2102
2385	2102
2419	2102
2451	2102
2461	2102
2471	2102
2475	2102
2498	2102
2511	2102
2519	2102
2533	2102
2543	2102
2555	2102
2582	2102
2589	2102
2610	2102
2612	2102
2643	2102
2649	2102
2108	2103
2331	2103
2347	2103
2369	2103
2521	2103
2543	2103
2108	2104
2331	2104
2347	2104
2369	2104
2521	2104
2105	2120
2105	2126
2105	2236
2236	2105
2105	2238
2238	2105
2105	2260
2260	2105
2105	2342
2342	2105
2105	2360
2360	2105
2105	2570
2421	2106
2437	2106
2117	2107
2145	2107
2146	2107
2152	2107
2160	2107
2228	2107
2236	2107
2260	2107
2313	2107
2314	2107
2322	2107
2342	2107
2403	2107
2411	2107
2412	2107
2440	2107
2562	2107
2656	2107
2108	2109
2108	2118
2108	2121
2108	2122
2108	2123
2108	2124
2108	2131
2108	2136
2108	2139
2108	2140
2108	2142
2108	2150
2108	2154
2108	2164
2108	2172
2108	2184
2108	2188
2108	2190
2108	2200
2108	2201
2108	2206
2108	2212
2108	2218
2108	2220
2108	2229
2108	2233
2108	2240
2108	2244
2108	2253
2108	2266
2108	2271
2108	2275
2108	2276
2108	2278
2108	2290
2108	2299
2108	2300
2108	2306
2108	2307
2108	2308
2108	2309
2108	2323
2108	2324
2108	2326
2108	2329
2108	2331
2331	2108
2108	2339
2108	2340
2108	2348
2108	2352
2108	2354
2108	2356
2108	2359
2108	2363
2108	2369
2369	2108
2108	2370
2108	2374
2108	2376
2108	2381
2108	2386
2108	2395
2108	2404
2108	2409
2108	2410
2108	2414
2108	2418
2108	2423
2108	2428
2108	2430
2108	2433
2108	2460
2108	2464
2108	2467
2108	2468
2108	2469
2108	2482
2108	2484
2108	2492
2108	2495
2108	2500
2108	2504
2108	2506
2108	2507
2108	2520
2108	2526
2108	2532
2108	2539
2108	2542
2108	2543
2543	2108
2108	2546
2108	2549
2108	2550
2108	2551
2108	2553
2108	2556
2108	2559
2108	2560
2108	2561
2108	2564
2108	2573
2108	2578
2108	2579
2108	2586
2108	2590
2108	2593
2108	2600
2108	2601
2108	2602
2108	2604
2108	2606
2108	2607
2108	2611
2108	2615
2108	2619
2108	2624
2108	2625
2108	2630
2108	2631
2108	2638
2108	2654
2108	2655
2331	2109
2369	2109
2521	2109
2543	2109
2111	2110
2199	2110
2282	2110
2333	2110
2377	2110
2394	2110
2438	2110
2511	2110
2603	2110
2111	2117
2117	2111
2111	2125
2125	2111
2111	2127
2127	2111
2111	2128
2111	2132
2111	2133
2133	2111
2111	2134
2134	2111
2111	2135
2135	2111
2111	2138
2138	2111
2111	2144
2111	2148
2148	2111
2111	2149
2111	2151
2111	2153
2111	2161
2111	2163
2163	2111
2111	2169
2111	2174
2174	2111
2111	2176
2176	2111
2111	2180
2111	2183
2111	2187
2187	2111
2111	2189
2189	2111
2111	2191
2111	2194
2194	2111
2111	2196
2196	2111
2111	2198
2111	2199
2199	2111
2111	2203
2111	2215
2111	2221
2111	2222
2111	2223
2223	2111
2111	2224
2224	2111
2111	2232
2111	2235
2111	2241
2241	2111
2111	2243
2111	2246
2246	2111
2111	2247
2247	2111
2111	2249
2111	2250
2111	2254
2254	2111
2111	2259
2111	2264
2111	2267
2111	2268
2111	2273
2111	2274
2274	2111
2111	2279
2279	2111
2111	2282
2282	2111
2111	2283
2111	2285
2111	2289
2289	2111
2111	2292
2111	2293
2111	2294
2294	2111
2111	2295
2111	2302
2111	2305
2111	2315
2315	2111
2111	2319
2111	2325
2111	2327
2111	2328
2111	2332
2111	2333
2333	2111
2111	2336
2111	2338
2338	2111
2111	2343
2343	2111
2111	2344
2111	2347
2347	2111
2111	2351
2351	2111
2111	2368
2111	2372
2111	2377
2377	2111
2111	2384
2111	2385
2385	2111
2111	2390
2111	2394
2394	2111
2111	2396
2111	2398
2111	2399
2111	2415
2111	2417
2111	2419
2419	2111
2111	2420
2420	2111
2111	2434
2111	2436
2111	2438
2438	2111
2111	2445
2111	2451
2451	2111
2111	2458
2111	2461
2461	2111
2111	2463
2111	2465
2111	2471
2471	2111
2111	2472
2472	2111
2111	2473
2473	2111
2111	2475
2475	2111
2111	2479
2111	2491
2111	2496
2496	2111
2111	2498
2498	2111
2111	2501
2111	2502
2111	2508
2111	2509
2111	2510
2111	2511
2511	2111
2111	2512
2111	2516
2516	2111
2111	2519
2519	2111
2111	2533
2533	2111
2111	2537
2111	2543
2543	2111
2111	2547
2111	2555
2555	2111
2111	2567
2111	2572
2111	2582
2582	2111
2111	2588
2111	2589
2589	2111
2111	2592
2592	2111
2111	2594
2594	2111
2111	2597
2597	2111
2111	2598
2111	2603
2603	2111
2111	2608
2608	2111
2111	2609
2111	2616
2111	2617
2111	2629
2111	2642
2111	2643
2643	2111
2111	2649
2649	2111
2111	2652
2111	2653
2347	2112
2369	2112
2521	2112
2543	2112
2217	2113
2313	2113
2439	2113
2548	2113
2558	2113
2119	2114
2160	2114
2176	2114
2228	2114
2260	2114
2322	2114
2361	2114
2412	2114
2331	2115
2543	2115
2145	2116
2351	2116
2571	2116
2117	2126
2117	2128
2117	2134
2134	2117
2117	2135
2135	2117
2117	2137
2117	2138
2138	2117
2117	2144
2117	2145
2145	2117
2117	2148
2148	2117
2117	2149
2117	2153
2117	2169
2117	2174
2174	2117
2117	2183
2117	2187
2187	2117
2117	2191
2117	2194
2194	2117
2117	2196
2196	2117
2117	2198
2117	2199
2199	2117
2117	2203
2117	2205
2117	2209
2209	2117
2117	2211
2117	2215
2117	2224
2224	2117
2117	2226
2117	2232
2117	2241
2241	2117
2117	2242
2242	2117
2117	2246
2246	2117
2117	2247
2247	2117
2117	2250
2117	2254
2254	2117
2117	2264
2117	2268
2117	2272
2272	2117
2117	2273
2117	2279
2279	2117
2117	2282
2282	2117
2117	2283
2117	2292
2117	2294
2294	2117
2117	2302
2117	2305
2117	2310
2117	2315
2315	2117
2117	2317
2317	2117
2117	2319
2117	2325
2117	2327
2117	2328
2117	2336
2117	2343
2343	2117
2117	2344
2117	2345
2117	2347
2347	2117
2117	2351
2351	2117
2117	2367
2367	2117
2117	2368
2117	2372
2117	2377
2377	2117
2117	2384
2117	2385
2385	2117
2117	2394
2394	2117
2117	2416
2416	2117
2117	2419
2419	2117
2117	2420
2420	2117
2117	2434
2117	2436
2117	2458
2117	2461
2461	2117
2117	2463
2117	2465
2117	2471
2471	2117
2117	2472
2472	2117
2117	2475
2475	2117
2117	2480
2480	2117
2117	2491
2117	2496
2496	2117
2117	2508
2117	2525
2117	2530
2117	2533
2533	2117
2117	2537
2117	2543
2543	2117
2117	2544
2117	2555
2555	2117
2117	2557
2117	2567
2117	2582
2582	2117
2117	2588
2117	2592
2592	2117
2117	2594
2594	2117
2117	2597
2597	2117
2117	2598
2117	2609
2117	2610
2610	2117
2117	2628
2117	2629
2117	2637
2637	2117
2117	2641
2117	2643
2643	2117
2117	2653
2331	2118
2347	2118
2369	2118
2521	2118
2543	2118
2119	2129
2119	2313
2313	2119
2119	2361
2361	2119
2119	2371
2119	2397
2397	2119
2119	2412
2412	2119
2119	2474
2474	2119
2119	2488
2119	2558
2558	2119
2119	2570
2119	2618
2618	2119
2119	2644
2160	2120
2181	2120
2260	2120
2313	2120
2317	2120
2405	2120
2412	2120
2331	2121
2347	2121
2369	2121
2521	2121
2347	2122
2369	2122
2521	2122
2331	2123
2347	2123
2369	2123
2521	2123
2543	2123
2331	2124
2347	2124
2369	2124
2521	2124
2543	2124
2125	2133
2133	2125
2125	2138
2138	2125
2125	2143
2125	2148
2148	2125
2125	2149
2125	2151
2125	2153
2125	2161
2125	2163
2163	2125
2125	2169
2125	2174
2174	2125
2125	2176
2176	2125
2125	2183
2125	2187
2187	2125
2125	2196
2196	2125
2125	2198
2125	2203
2125	2223
2223	2125
2125	2224
2224	2125
2125	2232
2125	2241
2241	2125
2125	2243
2125	2246
2246	2125
2125	2247
2247	2125
2125	2250
2125	2273
2125	2279
2279	2125
2125	2282
2282	2125
2125	2283
2125	2289
2289	2125
2125	2292
2125	2294
2294	2125
2125	2295
2125	2298
2125	2302
2125	2304
2304	2125
2125	2319
2125	2327
2125	2328
2125	2332
2125	2333
2333	2125
2125	2336
2125	2338
2338	2125
2125	2343
2343	2125
2125	2344
2125	2347
2347	2125
2125	2351
2351	2125
2125	2368
2125	2372
2125	2384
2125	2398
2125	2399
2125	2419
2419	2125
2125	2434
2125	2451
2451	2125
2125	2458
2125	2461
2461	2125
2125	2463
2125	2471
2471	2125
2125	2475
2475	2125
2125	2498
2498	2125
2125	2501
2125	2502
2125	2509
2125	2510
2125	2511
2511	2125
2125	2512
2125	2516
2516	2125
2125	2518
2125	2519
2519	2125
2125	2533
2533	2125
2125	2543
2543	2125
2125	2555
2555	2125
2125	2582
2582	2125
2125	2588
2125	2592
2592	2125
2125	2594
2594	2125
2125	2598
2125	2603
2603	2125
2125	2605
2125	2616
2125	2629
2125	2642
2125	2643
2643	2125
2125	2649
2649	2125
2146	2126
2152	2126
2160	2126
2162	2126
2173	2126
2181	2126
2197	2126
2236	2126
2313	2126
2317	2126
2335	2126
2341	2126
2360	2126
2361	2126
2366	2126
2405	2126
2412	2126
2440	2126
2455	2126
2659	2126
2127	2133
2133	2127
2127	2134
2134	2127
2127	2138
2138	2127
2127	2144
2127	2148
2148	2127
2127	2149
2127	2151
2127	2153
2127	2174
2174	2127
2127	2176
2176	2127
2127	2183
2127	2187
2187	2127
2127	2189
2189	2127
2127	2196
2196	2127
2127	2199
2199	2127
2127	2203
2127	2223
2223	2127
2127	2224
2224	2127
2127	2241
2241	2127
2127	2246
2246	2127
2127	2250
2127	2254
2254	2127
2127	2268
2127	2279
2279	2127
2127	2283
2127	2289
2289	2127
2127	2292
2127	2302
2127	2312
2127	2319
2127	2327
2127	2328
2127	2330
2127	2332
2127	2333
2333	2127
2127	2336
2127	2338
2338	2127
2127	2343
2343	2127
2127	2351
2351	2127
2127	2355
2127	2367
2367	2127
2127	2372
2127	2384
2127	2389
2127	2394
2394	2127
2127	2396
2127	2398
2127	2400
2127	2419
2419	2127
2127	2436
2127	2445
2127	2451
2451	2127
2127	2458
2127	2463
2127	2471
2471	2127
2127	2473
2473	2127
2127	2491
2127	2498
2498	2127
2127	2508
2127	2510
2127	2511
2511	2127
2127	2512
2127	2516
2516	2127
2127	2529
2127	2533
2533	2127
2127	2537
2127	2543
2543	2127
2127	2555
2555	2127
2127	2567
2127	2582
2582	2127
2127	2588
2127	2589
2589	2127
2127	2592
2592	2127
2127	2594
2594	2127
2127	2597
2597	2127
2127	2598
2127	2608
2608	2127
2127	2616
2127	2617
2127	2629
2127	2643
2643	2127
2127	2649
2649	2127
2135	2128
2138	2128
2148	2128
2163	2128
2187	2128
2246	2128
2279	2128
2294	2128
2304	2128
2322	2128
2333	2128
2338	2128
2347	2128
2351	2128
2438	2128
2475	2128
2516	2128
2533	2128
2543	2128
2555	2128
2582	2128
2594	2128
2603	2128
2643	2128
2146	2129
2181	2129
2236	2129
2260	2129
2313	2129
2317	2129
2342	2129
2357	2129
2373	2129
2397	2129
2405	2129
2412	2129
2440	2129
2656	2129
2160	2130
2197	2130
2313	2130
2341	2130
2397	2130
2618	2130
2659	2130
2331	2131
2347	2131
2369	2131
2521	2131
2543	2131
2185	2132
2187	2132
2199	2132
2241	2132
2246	2132
2247	2132
2274	2132
2280	2132
2282	2132
2294	2132
2304	2132
2333	2132
2343	2132
2377	2132
2394	2132
2419	2132
2438	2132
2451	2132
2461	2132
2471	2132
2475	2132
2511	2132
2555	2132
2592	2132
2594	2132
2603	2132
2133	2135
2135	2133
2133	2138
2138	2133
2133	2141
2141	2133
2133	2143
2133	2144
2133	2145
2145	2133
2133	2149
2133	2151
2133	2153
2133	2155
2155	2133
2133	2169
2133	2174
2174	2133
2133	2175
2175	2133
2133	2176
2176	2133
2133	2180
2133	2185
2185	2133
2133	2187
2187	2133
2133	2189
2189	2133
2133	2194
2194	2133
2133	2196
2196	2133
2133	2198
2133	2199
2199	2133
2133	2203
2133	2209
2209	2133
2133	2210
2133	2211
2133	2214
2133	2223
2223	2133
2133	2224
2224	2133
2133	2231
2133	2232
2133	2239
2133	2241
2241	2133
2133	2242
2242	2133
2133	2246
2246	2133
2133	2247
2247	2133
2133	2250
2133	2254
2254	2133
2133	2256
2133	2267
2133	2268
2133	2272
2272	2133
2133	2273
2133	2279
2279	2133
2133	2282
2282	2133
2133	2283
2133	2289
2289	2133
2133	2291
2133	2292
2133	2294
2294	2133
2133	2296
2133	2302
2133	2310
2133	2313
2313	2133
2133	2315
2315	2133
2133	2318
2133	2319
2133	2322
2322	2133
2133	2325
2133	2328
2133	2330
2133	2333
2333	2133
2133	2336
2133	2343
2343	2133
2133	2344
2133	2351
2351	2133
2133	2362
2362	2133
2133	2366
2366	2133
2133	2367
2367	2133
2133	2368
2133	2372
2133	2377
2377	2133
2133	2384
2133	2394
2394	2133
2133	2398
2133	2399
2133	2406
2406	2133
2133	2416
2416	2133
2133	2417
2133	2419
2419	2133
2133	2436
2133	2440
2440	2133
2133	2445
2133	2451
2451	2133
2133	2461
2461	2133
2133	2463
2133	2471
2471	2133
2133	2474
2474	2133
2133	2475
2475	2133
2133	2480
2480	2133
2133	2491
2133	2498
2498	2133
2133	2508
2133	2509
2133	2510
2133	2511
2511	2133
2133	2512
2133	2514
2133	2517
2133	2525
2133	2543
2543	2133
2133	2555
2555	2133
2133	2557
2133	2567
2133	2582
2582	2133
2133	2588
2133	2589
2589	2133
2133	2592
2592	2133
2133	2594
2594	2133
2133	2598
2133	2603
2603	2133
2133	2608
2608	2133
2133	2610
2610	2133
2133	2616
2133	2617
2133	2629
2133	2637
2637	2133
2133	2642
2133	2649
2649	2133
2133	2653
2134	2138
2138	2134
2134	2148
2148	2134
2134	2149
2134	2153
2134	2169
2134	2180
2134	2187
2187	2134
2134	2191
2134	2194
2194	2134
2134	2196
2196	2134
2134	2199
2199	2134
2134	2215
2134	2223
2223	2134
2134	2241
2241	2134
2134	2254
2254	2134
2134	2264
2134	2268
2134	2273
2134	2279
2279	2134
2134	2283
2134	2285
2134	2289
2289	2134
2134	2292
2134	2302
2134	2315
2315	2134
2134	2319
2134	2332
2134	2333
2333	2134
2134	2336
2134	2347
2347	2134
2134	2351
2351	2134
2134	2372
2134	2384
2134	2385
2385	2134
2134	2398
2134	2399
2134	2417
2134	2451
2451	2134
2134	2463
2134	2465
2134	2471
2471	2134
2134	2496
2496	2134
2134	2508
2134	2510
2134	2511
2511	2134
2134	2533
2533	2134
2134	2543
2543	2134
2134	2555
2555	2134
2134	2567
2134	2588
2134	2598
2134	2616
2134	2629
2134	2642
2134	2643
2643	2134
2135	2137
2135	2138
2138	2135
2135	2143
2135	2153
2135	2174
2174	2135
2135	2180
2135	2183
2135	2187
2187	2135
2135	2191
2135	2194
2194	2135
2135	2196
2196	2135
2135	2199
2199	2135
2135	2203
2135	2224
2224	2135
2135	2239
2135	2241
2241	2135
2135	2247
2247	2135
2135	2264
2135	2267
2135	2268
2135	2279
2279	2135
2135	2282
2282	2135
2135	2283
2135	2292
2135	2293
2135	2302
2135	2315
2315	2135
2135	2319
2135	2330
2135	2332
2135	2333
2333	2135
2135	2336
2135	2338
2338	2135
2135	2347
2347	2135
2135	2351
2351	2135
2135	2372
2135	2384
2135	2417
2135	2420
2420	2135
2135	2436
2135	2463
2135	2472
2472	2135
2135	2475
2475	2135
2135	2496
2496	2135
2135	2502
2135	2509
2135	2511
2511	2135
2135	2512
2135	2533
2533	2135
2135	2543
2543	2135
2135	2544
2135	2555
2555	2135
2135	2567
2135	2592
2592	2135
2135	2597
2597	2135
2135	2598
2135	2629
2135	2642
2135	2643
2643	2135
2135	2653
2347	2136
2543	2136
2148	2137
2279	2137
2282	2137
2333	2137
2347	2137
2351	2137
2385	2137
2420	2137
2533	2137
2543	2137
2555	2137
2592	2137
2594	2137
2597	2137
2608	2137
2138	2144
2138	2148
2148	2138
2138	2149
2138	2151
2138	2153
2138	2169
2138	2174
2174	2138
2138	2176
2176	2138
2138	2180
2138	2183
2138	2187
2187	2138
2138	2189
2189	2138
2138	2191
2138	2194
2194	2138
2138	2196
2196	2138
2138	2198
2138	2199
2199	2138
2138	2203
2138	2215
2138	2223
2223	2138
2138	2224
2224	2138
2138	2232
2138	2239
2138	2241
2241	2138
2138	2250
2138	2254
2254	2138
2138	2259
2138	2267
2138	2273
2138	2279
2279	2138
2138	2282
2282	2138
2138	2283
2138	2289
2289	2138
2138	2292
2138	2293
2138	2294
2294	2138
2138	2302
2138	2305
2138	2315
2315	2138
2138	2319
2138	2325
2138	2328
2138	2332
2138	2333
2333	2138
2138	2336
2138	2338
2338	2138
2138	2344
2138	2347
2347	2138
2138	2351
2351	2138
2138	2368
2138	2372
2138	2377
2377	2138
2138	2384
2138	2385
2385	2138
2138	2387
2138	2394
2394	2138
2138	2398
2138	2417
2138	2420
2420	2138
2138	2436
2138	2445
2138	2451
2451	2138
2138	2458
2138	2461
2461	2138
2138	2463
2138	2465
2138	2471
2471	2138
2138	2472
2472	2138
2138	2491
2138	2496
2496	2138
2138	2508
2138	2509
2138	2510
2138	2511
2511	2138
2138	2512
2138	2533
2533	2138
2138	2537
2138	2543
2543	2138
2138	2555
2555	2138
2138	2567
2138	2582
2582	2138
2138	2589
2589	2138
2138	2592
2592	2138
2138	2594
2594	2138
2138	2597
2597	2138
2138	2598
2138	2608
2608	2138
2138	2609
2138	2617
2138	2629
2138	2642
2138	2643
2643	2138
2138	2649
2649	2138
2138	2653
2331	2139
2347	2139
2369	2139
2521	2139
2543	2139
2331	2140
2347	2140
2369	2140
2543	2140
2141	2176
2176	2141
2141	2205
2141	2209
2209	2141
2141	2211
2141	2242
2242	2141
2141	2270
2141	2272
2272	2141
2141	2289
2289	2141
2141	2318
2141	2362
2362	2141
2141	2416
2416	2141
2141	2419
2419	2141
2141	2425
2425	2141
2141	2610
2610	2141
2141	2637
2637	2141
2141	2642
2189	2142
2331	2142
2347	2142
2369	2142
2521	2142
2543	2142
2174	2143
2176	2143
2187	2143
2199	2143
2224	2143
2241	2143
2279	2143
2289	2143
2294	2143
2315	2143
2343	2143
2377	2143
2420	2143
2451	2143
2461	2143
2471	2143
2472	2143
2475	2143
2498	2143
2511	2143
2533	2143
2543	2143
2555	2143
2571	2143
2582	2143
2592	2143
2597	2143
2649	2143
2148	2144
2174	2144
2187	2144
2189	2144
2194	2144
2196	2144
2199	2144
2223	2144
2224	2144
2241	2144
2254	2144
2282	2144
2289	2144
2315	2144
2333	2144
2351	2144
2451	2144
2471	2144
2472	2144
2511	2144
2543	2144
2555	2144
2589	2144
2592	2144
2594	2144
2643	2144
2649	2144
2145	2146
2146	2145
2145	2176
2176	2145
2145	2186
2145	2211
2145	2232
2145	2235
2145	2236
2236	2145
2145	2277
2277	2145
2145	2289
2289	2145
2145	2296
2145	2313
2313	2145
2145	2322
2322	2145
2145	2325
2145	2357
2357	2145
2145	2366
2366	2145
2145	2367
2367	2145
2145	2406
2406	2145
2145	2416
2416	2145
2145	2473
2473	2145
2145	2502
2145	2525
2145	2544
2145	2566
2566	2145
2145	2610
2610	2145
2145	2612
2612	2145
2145	2637
2637	2145
2145	2642
2145	2656
2656	2145
2145	2659
2659	2145
2146	2152
2152	2146
2146	2160
2160	2146
2146	2162
2162	2146
2146	2173
2173	2146
2146	2181
2181	2146
2146	2193
2193	2146
2146	2341
2341	2146
2146	2361
2361	2146
2146	2371
2146	2405
2405	2146
2146	2411
2411	2146
2146	2424
2146	2455
2455	2146
2146	2488
2146	2659
2659	2146
2189	2147
2148	2153
2148	2174
2174	2148
2148	2180
2148	2183
2148	2187
2187	2148
2148	2191
2148	2194
2194	2148
2148	2196
2196	2148
2148	2199
2199	2148
2148	2224
2224	2148
2148	2241
2241	2148
2148	2247
2247	2148
2148	2264
2148	2279
2279	2148
2148	2282
2282	2148
2148	2283
2148	2289
2289	2148
2148	2292
2148	2293
2148	2295
2148	2302
2148	2315
2315	2148
2148	2327
2148	2328
2148	2332
2148	2333
2333	2148
2148	2336
2148	2338
2338	2148
2148	2347
2347	2148
2148	2351
2351	2148
2148	2372
2148	2384
2148	2394
2394	2148
2148	2398
2148	2417
2148	2458
2148	2461
2461	2148
2148	2463
2148	2465
2148	2472
2472	2148
2148	2509
2148	2510
2148	2516
2516	2148
2148	2530
2148	2533
2533	2148
2148	2543
2543	2148
2148	2555
2555	2148
2148	2567
2148	2571
2571	2148
2148	2592
2592	2148
2148	2597
2597	2148
2148	2598
2148	2599
2148	2609
2148	2629
2148	2635
2148	2643
2643	2148
2148	2649
2649	2148
2155	2149
2174	2149
2176	2149
2185	2149
2187	2149
2189	2149
2194	2149
2196	2149
2199	2149
2223	2149
2224	2149
2241	2149
2246	2149
2247	2149
2254	2149
2279	2149
2282	2149
2289	2149
2294	2149
2333	2149
2338	2149
2343	2149
2347	2149
2351	2149
2385	2149
2419	2149
2461	2149
2471	2149
2475	2149
2498	2149
2516	2149
2519	2149
2533	2149
2543	2149
2555	2149
2582	2149
2592	2149
2603	2149
2608	2149
2643	2149
2649	2149
2331	2150
2347	2150
2369	2150
2521	2150
2543	2150
2174	2151
2176	2151
2187	2151
2189	2151
2199	2151
2223	2151
2224	2151
2241	2151
2246	2151
2247	2151
2289	2151
2294	2151
2338	2151
2343	2151
2347	2151
2351	2151
2377	2151
2419	2151
2461	2151
2471	2151
2475	2151
2498	2151
2543	2151
2582	2151
2589	2151
2649	2151
2152	2231
2152	2236
2236	2152
2152	2248
2248	2152
2152	2357
2357	2152
2152	2373
2373	2152
2152	2388
2388	2152
2152	2405
2405	2152
2174	2153
2176	2153
2187	2153
2194	2153
2196	2153
2199	2153
2223	2153
2224	2153
2241	2153
2246	2153
2247	2153
2254	2153
2279	2153
2282	2153
2289	2153
2294	2153
2315	2153
2333	2153
2338	2153
2343	2153
2347	2153
2351	2153
2377	2153
2385	2153
2419	2153
2420	2153
2451	2153
2461	2153
2471	2153
2472	2153
2475	2153
2496	2153
2498	2153
2511	2153
2533	2153
2543	2153
2555	2153
2582	2153
2592	2153
2594	2153
2597	2153
2608	2153
2643	2153
2347	2154
2369	2154
2155	2176
2176	2155
2155	2209
2209	2155
2155	2221
2155	2226
2155	2235
2155	2246
2246	2155
2155	2247
2247	2155
2155	2270
2155	2273
2155	2283
2155	2289
2289	2155
2155	2310
2155	2318
2155	2325
2155	2328
2155	2343
2343	2155
2155	2344
2155	2368
2155	2416
2416	2155
2155	2419
2419	2155
2155	2425
2425	2155
2155	2438
2438	2155
2155	2475
2475	2155
2155	2491
2155	2498
2498	2155
2155	2501
2155	2525
2155	2557
2155	2603
2603	2155
2155	2608
2608	2155
2155	2610
2610	2155
2155	2641
2155	2642
2160	2156
2162	2156
2173	2156
2197	2156
2322	2156
2341	2156
2360	2156
2388	2156
2412	2156
2455	2156
2659	2156
2158	2228
2228	2158
2158	2231
2158	2335
2335	2158
2158	2411
2411	2158
2158	2474
2474	2158
2158	2488
2158	2523
2659	2159
2160	2238
2238	2160
2160	2251
2160	2260
2260	2160
2160	2313
2313	2160
2160	2341
2341	2160
2160	2360
2360	2160
2160	2361
2361	2160
2160	2405
2405	2160
2160	2412
2412	2160
2160	2455
2455	2160
2160	2577
2160	2587
2160	2659
2659	2160
2194	2161
2199	2161
2280	2161
2282	2161
2294	2161
2304	2161
2333	2161
2338	2161
2367	2161
2379	2161
2394	2161
2438	2161
2451	2161
2471	2161
2473	2161
2475	2161
2511	2161
2543	2161
2555	2161
2592	2161
2594	2161
2597	2161
2603	2161
2608	2161
2649	2161
2162	2173
2173	2162
2162	2238
2238	2162
2162	2313
2313	2162
2162	2325
2162	2341
2341	2162
2162	2371
2162	2405
2405	2162
2162	2540
2163	2183
2163	2198
2163	2223
2223	2163
2163	2224
2224	2163
2163	2242
2242	2163
2163	2283
2163	2328
2163	2344
2163	2368
2163	2395
2163	2399
2163	2502
2163	2516
2516	2163
2163	2519
2519	2163
2163	2543
2543	2163
2163	2582
2582	2163
2163	2643
2643	2163
2163	2649
2649	2163
2369	2164
2347	2165
2369	2165
2543	2165
2289	2166
2335	2166
2361	2166
2405	2166
2421	2168
2174	2169
2176	2169
2187	2169
2189	2169
2194	2169
2196	2169
2199	2169
2224	2169
2246	2169
2247	2169
2279	2169
2289	2169
2294	2169
2304	2169
2338	2169
2343	2169
2347	2169
2377	2169
2385	2169
2419	2169
2451	2169
2461	2169
2471	2169
2472	2169
2475	2169
2498	2169
2511	2169
2516	2169
2519	2169
2582	2169
2589	2169
2592	2169
2608	2169
2643	2169
2649	2169
2331	2172
2347	2172
2369	2172
2521	2172
2543	2172
2173	2248
2248	2173
2173	2251
2173	2260
2260	2173
2173	2286
2286	2173
2173	2314
2314	2173
2173	2335
2335	2173
2173	2341
2341	2173
2173	2357
2357	2173
2173	2403
2403	2173
2173	2405
2405	2173
2173	2411
2411	2173
2173	2412
2412	2173
2173	2497
2173	2503
2503	2173
2173	2534
2173	2540
2174	2176
2176	2174
2174	2180
2174	2183
2174	2187
2187	2174
2174	2189
2189	2174
2174	2194
2194	2174
2174	2199
2199	2174
2174	2203
2174	2209
2209	2174
2174	2211
2174	2223
2223	2174
2174	2224
2224	2174
2174	2239
2174	2241
2241	2174
2174	2242
2242	2174
2174	2246
2246	2174
2174	2247
2247	2174
2174	2249
2174	2250
2174	2254
2254	2174
2174	2264
2174	2267
2174	2268
2174	2279
2279	2174
2174	2283
2174	2285
2174	2289
2289	2174
2174	2292
2174	2294
2294	2174
2174	2296
2174	2319
2174	2325
2174	2327
2174	2328
2174	2330
2174	2336
2174	2338
2338	2174
2174	2343
2343	2174
2174	2368
2174	2372
2174	2377
2377	2174
2174	2384
2174	2398
2174	2419
2419	2174
2174	2434
2174	2436
2174	2445
2174	2451
2451	2174
2174	2458
2174	2461
2461	2174
2174	2463
2174	2471
2471	2174
2174	2475
2475	2174
2174	2491
2174	2498
2498	2174
2174	2508
2174	2509
2174	2510
2174	2511
2511	2174
2174	2512
2174	2537
2174	2547
2174	2581
2174	2582
2582	2174
2174	2588
2174	2589
2589	2174
2174	2594
2594	2174
2174	2598
2174	2608
2608	2174
2174	2610
2610	2174
2174	2612
2612	2174
2174	2616
2174	2617
2174	2643
2643	2174
2174	2649
2649	2174
2174	2653
2175	2176
2176	2175
2175	2286
2286	2175
2175	2289
2289	2175
2175	2642
2176	2180
2176	2185
2185	2176
2176	2187
2187	2176
2176	2194
2194	2176
2176	2196
2196	2176
2176	2199
2199	2176
2176	2203
2176	2209
2209	2176
2176	2211
2176	2224
2224	2176
2176	2235
2176	2241
2241	2176
2176	2242
2242	2176
2176	2246
2246	2176
2176	2247
2247	2176
2176	2250
2176	2254
2254	2176
2176	2264
2176	2267
2176	2272
2272	2176
2176	2273
2176	2282
2282	2176
2176	2289
2289	2176
2176	2292
2176	2294
2294	2176
2176	2304
2304	2176
2176	2310
2176	2318
2176	2322
2322	2176
2176	2325
2176	2328
2176	2333
2333	2176
2176	2336
2176	2343
2343	2176
2176	2344
2176	2351
2351	2176
2176	2362
2362	2176
2176	2366
2366	2176
2176	2372
2176	2377
2377	2176
2176	2384
2176	2406
2406	2176
2176	2416
2416	2176
2176	2419
2419	2176
2176	2425
2425	2176
2176	2453
2176	2461
2461	2176
2176	2463
2176	2471
2471	2176
2176	2475
2475	2176
2176	2480
2480	2176
2176	2498
2498	2176
2176	2509
2176	2512
2176	2522
2176	2525
2176	2543
2543	2176
2176	2555
2555	2176
2176	2557
2176	2567
2176	2582
2582	2176
2176	2588
2176	2592
2592	2176
2176	2594
2594	2176
2176	2598
2176	2603
2603	2176
2176	2608
2608	2176
2176	2610
2610	2176
2176	2616
2176	2637
2637	2176
2176	2642
2176	2649
2649	2176
2282	2177
2294	2177
2304	2177
2333	2177
2451	2177
2178	2316
2178	2321
2321	2178
2331	2179
2347	2179
2187	2180
2189	2180
2194	2180
2199	2180
2224	2180
2241	2180
2246	2180
2247	2180
2254	2180
2279	2180
2282	2180
2289	2180
2294	2180
2304	2180
2338	2180
2347	2180
2351	2180
2377	2180
2385	2180
2420	2180
2451	2180
2461	2180
2472	2180
2496	2180
2498	2180
2511	2180
2516	2180
2543	2180
2555	2180
2589	2180
2592	2180
2597	2180
2643	2180
2649	2180
2181	2357
2357	2181
2181	2371
2181	2373
2373	2181
2181	2405
2405	2181
2181	2412
2412	2181
2181	2440
2440	2181
2181	2497
2181	2562
2562	2181
2181	2587
2181	2644
2181	2656
2656	2181
2182	2242
2242	2182
2182	2452
2452	2182
2182	2480
2480	2182
2182	2610
2610	2182
2182	2642
2187	2183
2194	2183
2196	2183
2199	2183
2223	2183
2224	2183
2241	2183
2246	2183
2247	2183
2279	2183
2282	2183
2289	2183
2294	2183
2315	2183
2333	2183
2338	2183
2347	2183
2351	2183
2367	2183
2385	2183
2394	2183
2420	2183
2451	2183
2461	2183
2471	2183
2472	2183
2475	2183
2511	2183
2516	2183
2533	2183
2543	2183
2555	2183
2582	2183
2589	2183
2592	2183
2594	2183
2597	2183
2608	2183
2643	2183
2649	2183
2189	2184
2331	2184
2347	2184
2369	2184
2521	2184
2543	2184
2185	2198
2185	2246
2246	2185
2185	2289
2289	2185
2185	2425
2425	2185
2185	2434
2185	2518
2277	2186
2366	2186
2367	2186
2379	2186
2406	2186
2425	2186
2473	2186
2566	2186
2187	2189
2189	2187
2187	2191
2187	2194
2194	2187
2187	2196
2196	2187
2187	2198
2187	2199
2199	2187
2187	2203
2187	2223
2223	2187
2187	2224
2224	2187
2187	2239
2187	2241
2241	2187
2187	2246
2246	2187
2187	2247
2247	2187
2187	2250
2187	2254
2254	2187
2187	2264
2187	2267
2187	2268
2187	2273
2187	2279
2279	2187
2187	2282
2282	2187
2187	2283
2187	2285
2187	2289
2289	2187
2187	2292
2187	2293
2187	2294
2294	2187
2187	2295
2187	2302
2187	2315
2315	2187
2187	2319
2187	2327
2187	2328
2187	2330
2187	2332
2187	2333
2333	2187
2187	2336
2187	2338
2338	2187
2187	2343
2343	2187
2187	2344
2187	2347
2347	2187
2187	2351
2351	2187
2187	2368
2187	2372
2187	2377
2377	2187
2187	2379
2379	2187
2187	2384
2187	2394
2394	2187
2187	2398
2187	2417
2187	2419
2419	2187
2187	2420
2420	2187
2187	2436
2187	2445
2187	2451
2451	2187
2187	2458
2187	2461
2461	2187
2187	2463
2187	2465
2187	2471
2471	2187
2187	2472
2472	2187
2187	2475
2475	2187
2187	2491
2187	2496
2496	2187
2187	2498
2498	2187
2187	2502
2187	2508
2187	2510
2187	2511
2511	2187
2187	2512
2187	2516
2516	2187
2187	2533
2533	2187
2187	2543
2543	2187
2187	2555
2555	2187
2187	2567
2187	2571
2571	2187
2187	2582
2582	2187
2187	2588
2187	2589
2589	2187
2187	2592
2592	2187
2187	2597
2597	2187
2187	2598
2187	2608
2608	2187
2187	2609
2187	2616
2187	2617
2187	2629
2187	2635
2187	2642
2187	2643
2643	2187
2187	2649
2649	2187
2187	2653
2331	2188
2347	2188
2369	2188
2521	2188
2543	2188
2189	2196
2196	2189
2189	2203
2189	2223
2223	2189
2189	2224
2224	2189
2189	2232
2189	2234
2189	2241
2241	2189
2189	2250
2189	2254
2254	2189
2189	2266
2189	2268
2189	2279
2279	2189
2189	2283
2189	2285
2189	2288
2189	2289
2289	2189
2189	2292
2189	2303
2189	2309
2189	2319
2189	2327
2189	2330
2189	2334
2189	2336
2189	2347
2347	2189
2189	2351
2351	2189
2189	2372
2189	2384
2189	2387
2189	2391
2189	2393
2189	2394
2394	2189
2189	2395
2189	2398
2189	2417
2189	2419
2419	2189
2189	2427
2189	2429
2189	2436
2189	2449
2189	2451
2451	2189
2189	2458
2189	2463
2189	2471
2471	2189
2189	2472
2472	2189
2189	2476
2189	2478
2189	2491
2189	2508
2189	2510
2189	2511
2511	2189
2189	2512
2189	2526
2189	2533
2533	2189
2189	2542
2189	2543
2543	2189
2189	2550
2189	2555
2555	2189
2189	2567
2189	2582
2582	2189
2189	2584
2189	2588
2189	2589
2589	2189
2189	2594
2594	2189
2189	2597
2597	2189
2189	2598
2189	2608
2608	2189
2189	2611
2189	2616
2189	2617
2189	2649
2649	2189
2189	2653
2331	2190
2347	2190
2369	2190
2521	2190
2543	2190
2194	2191
2196	2191
2199	2191
2223	2191
2224	2191
2241	2191
2279	2191
2282	2191
2289	2191
2315	2191
2333	2191
2338	2191
2343	2191
2347	2191
2351	2191
2420	2191
2451	2191
2471	2191
2472	2191
2475	2191
2498	2191
2511	2191
2516	2191
2543	2191
2555	2191
2592	2191
2597	2191
2643	2191
2649	2191
2472	2192
2659	2192
2193	2316
2193	2335
2335	2193
2193	2373
2373	2193
2193	2397
2397	2193
2193	2411
2411	2193
2193	2497
2193	2656
2656	2193
2194	2196
2196	2194
2194	2199
2199	2194
2194	2224
2224	2194
2194	2232
2194	2239
2194	2241
2241	2194
2194	2247
2247	2194
2194	2259
2194	2273
2194	2279
2279	2194
2194	2282
2282	2194
2194	2283
2194	2285
2194	2289
2289	2194
2194	2292
2194	2294
2294	2194
2194	2302
2194	2315
2315	2194
2194	2319
2194	2325
2194	2327
2194	2328
2194	2329
2194	2330
2194	2332
2194	2333
2333	2194
2194	2336
2194	2338
2338	2194
2194	2347
2347	2194
2194	2351
2351	2194
2194	2372
2194	2384
2194	2394
2394	2194
2194	2399
2194	2417
2194	2420
2420	2194
2194	2438
2438	2194
2194	2461
2461	2194
2194	2463
2194	2465
2194	2471
2471	2194
2194	2472
2472	2194
2194	2473
2473	2194
2194	2475
2475	2194
2194	2491
2194	2508
2194	2509
2194	2533
2533	2194
2194	2537
2194	2543
2543	2194
2194	2555
2555	2194
2194	2567
2194	2571
2571	2194
2194	2588
2194	2592
2592	2194
2194	2597
2597	2194
2194	2598
2194	2608
2608	2194
2194	2609
2194	2629
2194	2642
2194	2643
2643	2194
2194	2653
2196	2199
2199	2196
2196	2215
2196	2224
2224	2196
2196	2241
2241	2196
2196	2246
2246	2196
2196	2247
2247	2196
2196	2268
2196	2273
2196	2279
2279	2196
2196	2282
2282	2196
2196	2283
2196	2289
2289	2196
2196	2292
2196	2294
2294	2196
2196	2302
2196	2315
2315	2196
2196	2319
2196	2325
2196	2328
2196	2330
2196	2332
2196	2333
2333	2196
2196	2336
2196	2338
2338	2196
2196	2344
2196	2347
2347	2196
2196	2351
2351	2196
2196	2372
2196	2384
2196	2417
2196	2419
2419	2196
2196	2420
2420	2196
2196	2434
2196	2461
2461	2196
2196	2463
2196	2465
2196	2471
2471	2196
2196	2472
2472	2196
2196	2475
2475	2196
2196	2491
2196	2496
2496	2196
2196	2498
2498	2196
2196	2510
2196	2511
2511	2196
2196	2533
2533	2196
2196	2543
2543	2196
2196	2555
2555	2196
2196	2567
2196	2582
2582	2196
2196	2588
2196	2589
2589	2196
2196	2592
2592	2196
2196	2597
2597	2196
2196	2598
2196	2609
2196	2617
2196	2629
2196	2642
2196	2643
2643	2196
2196	2653
2197	2236
2236	2197
2197	2260
2260	2197
2197	2313
2313	2197
2197	2341
2341	2197
2197	2361
2361	2197
2197	2371
2197	2440
2440	2197
2197	2455
2455	2197
2197	2540
2197	2659
2659	2197
2224	2198
2241	2198
2246	2198
2247	2198
2254	2198
2279	2198
2282	2198
2294	2198
2419	2198
2461	2198
2471	2198
2511	2198
2516	2198
2199	2203
2199	2215
2199	2223
2223	2199
2199	2224
2224	2199
2199	2228
2228	2199
2199	2235
2199	2241
2241	2199
2199	2243
2199	2246
2246	2199
2199	2247
2247	2199
2199	2250
2199	2252
2199	2254
2254	2199
2199	2259
2199	2273
2199	2274
2274	2199
2199	2279
2279	2199
2199	2280
2280	2199
2199	2282
2282	2199
2199	2283
2199	2289
2289	2199
2199	2292
2199	2294
2294	2199
2199	2302
2199	2304
2304	2199
2199	2313
2313	2199
2199	2315
2315	2199
2199	2319
2199	2325
2199	2327
2199	2328
2199	2332
2199	2333
2333	2199
2199	2336
2199	2338
2338	2199
2199	2343
2343	2199
2199	2344
2199	2345
2199	2347
2347	2199
2199	2351
2351	2199
2199	2361
2361	2199
2199	2367
2367	2199
2199	2368
2199	2372
2199	2377
2377	2199
2199	2384
2199	2385
2385	2199
2199	2390
2199	2394
2394	2199
2199	2396
2199	2398
2199	2399
2199	2417
2199	2419
2419	2199
2199	2420
2420	2199
2199	2432
2199	2434
2199	2438
2438	2199
2199	2451
2451	2199
2199	2458
2199	2461
2461	2199
2199	2463
2199	2465
2199	2468
2199	2471
2471	2199
2199	2472
2472	2199
2199	2475
2475	2199
2199	2479
2199	2491
2199	2498
2498	2199
2199	2501
2199	2508
2199	2509
2199	2510
2199	2511
2511	2199
2199	2512
2199	2516
2516	2199
2199	2518
2199	2530
2199	2533
2533	2199
2199	2537
2199	2543
2543	2199
2199	2547
2199	2555
2555	2199
2199	2557
2199	2567
2199	2572
2199	2582
2582	2199
2199	2588
2199	2592
2592	2199
2199	2594
2594	2199
2199	2597
2597	2199
2199	2598
2199	2603
2603	2199
2199	2608
2608	2199
2199	2609
2199	2616
2199	2617
2199	2629
2199	2642
2199	2643
2643	2199
2199	2649
2649	2199
2199	2652
2199	2653
2331	2200
2347	2200
2369	2200
2521	2200
2331	2201
2347	2201
2369	2201
2521	2201
2543	2201
2659	2202
2223	2203
2224	2203
2241	2203
2246	2203
2289	2203
2294	2203
2338	2203
2343	2203
2461	2203
2471	2203
2475	2203
2498	2203
2516	2203
2533	2203
2582	2203
2589	2203
2597	2203
2643	2203
2649	2203
2204	2421
2421	2204
2204	2437
2437	2204
2209	2205
2366	2205
2416	2205
2473	2205
2331	2206
2347	2206
2369	2206
2521	2206
2543	2206
2333	2208
2347	2208
2385	2208
2592	2208
2608	2208
2209	2211
2209	2226
2209	2232
2209	2242
2242	2209
2209	2270
2209	2272
2272	2209
2209	2283
2209	2289
2289	2209
2209	2296
2209	2325
2209	2362
2362	2209
2209	2416
2416	2209
2209	2419
2419	2209
2209	2425
2425	2209
2209	2480
2480	2209
2209	2498
2498	2209
2209	2525
2209	2610
2610	2209
2209	2637
2637	2209
2209	2641
2209	2642
2333	2210
2347	2210
2369	2210
2385	2210
2543	2210
2254	2211
2272	2211
2289	2211
2313	2211
2322	2211
2362	2211
2366	2211
2367	2211
2406	2211
2416	2211
2419	2211
2425	2211
2473	2211
2566	2211
2594	2211
2608	2211
2610	2211
2612	2211
2637	2211
2656	2211
2331	2212
2347	2212
2369	2212
2521	2212
2543	2212
2331	2213
2369	2213
2521	2213
2219	2214
2228	2214
2289	2214
2313	2214
2366	2214
2367	2214
2406	2214
2223	2215
2254	2215
2279	2215
2333	2215
2385	2215
2543	2215
2592	2215
2331	2216
2347	2216
2369	2216
2543	2216
2217	2313
2313	2217
2217	2375
2375	2217
2217	2422
2217	2439
2439	2217
2217	2448
2217	2450
2217	2540
2217	2548
2548	2217
2217	2558
2558	2217
2217	2618
2618	2217
2331	2218
2347	2218
2369	2218
2521	2218
2543	2218
2219	2345
2219	2406
2406	2219
2331	2220
2347	2220
2369	2220
2521	2220
2543	2220
2333	2221
2394	2221
2438	2221
2511	2221
2603	2221
2247	2222
2272	2222
2274	2222
2333	2222
2377	2222
2438	2222
2511	2222
2603	2222
2223	2224
2224	2223
2223	2232
2223	2243
2223	2250
2223	2254
2254	2223
2223	2259
2223	2266
2223	2268
2223	2279
2279	2223
2223	2280
2280	2223
2223	2282
2282	2223
2223	2283
2223	2289
2289	2223
2223	2294
2294	2223
2223	2295
2223	2319
2223	2327
2223	2328
2223	2330
2223	2332
2223	2333
2333	2223
2223	2336
2223	2338
2338	2223
2223	2345
2223	2347
2347	2223
2223	2367
2367	2223
2223	2372
2223	2379
2379	2223
2223	2384
2223	2385
2385	2223
2223	2394
2394	2223
2223	2398
2223	2417
2223	2436
2223	2445
2223	2451
2451	2223
2223	2458
2223	2463
2223	2471
2471	2223
2223	2491
2223	2498
2498	2223
2223	2501
2223	2502
2223	2508
2223	2509
2223	2510
2223	2511
2511	2223
2223	2512
2223	2516
2516	2223
2223	2519
2519	2223
2223	2543
2543	2223
2223	2555
2555	2223
2223	2567
2223	2582
2582	2223
2223	2589
2589	2223
2223	2592
2592	2223
2223	2594
2594	2223
2223	2598
2223	2605
2223	2608
2608	2223
2223	2616
2223	2617
2223	2635
2223	2642
2223	2643
2643	2223
2223	2649
2649	2223
2223	2653
2224	2241
2241	2224
2224	2246
2246	2224
2224	2250
2224	2254
2254	2224
2224	2267
2224	2268
2224	2273
2224	2279
2279	2224
2224	2280
2280	2224
2224	2282
2282	2224
2224	2283
2224	2289
2289	2224
2224	2292
2224	2294
2294	2224
2224	2295
2224	2302
2224	2319
2224	2327
2224	2328
2224	2330
2224	2332
2224	2333
2333	2224
2224	2336
2224	2338
2338	2224
2224	2343
2343	2224
2224	2344
2224	2345
2224	2347
2347	2224
2224	2351
2351	2224
2224	2367
2367	2224
2224	2384
2224	2398
2224	2419
2419	2224
2224	2420
2420	2224
2224	2436
2224	2445
2224	2451
2451	2224
2224	2458
2224	2461
2461	2224
2224	2463
2224	2465
2224	2471
2471	2224
2224	2475
2475	2224
2224	2491
2224	2498
2498	2224
2224	2501
2224	2502
2224	2508
2224	2509
2224	2510
2224	2511
2511	2224
2224	2512
2224	2516
2516	2224
2224	2519
2519	2224
2224	2533
2533	2224
2224	2543
2543	2224
2224	2547
2224	2555
2555	2224
2224	2582
2582	2224
2224	2588
2224	2589
2589	2224
2224	2598
2224	2605
2224	2616
2224	2617
2224	2629
2224	2635
2224	2643
2643	2224
2224	2649
2649	2224
2472	2225
2246	2226
2304	2226
2322	2226
2366	2226
2367	2226
2379	2226
2406	2226
2416	2226
2419	2226
2461	2226
2475	2226
2498	2226
2566	2226
2608	2226
2610	2226
2612	2226
2313	2227
2558	2227
2228	2260
2260	2228
2228	2313
2313	2228
2228	2316
2228	2317
2317	2228
2228	2322
2322	2228
2228	2342
2342	2228
2228	2361
2361	2228
2228	2371
2228	2397
2397	2228
2228	2402
2228	2411
2411	2228
2228	2440
2440	2228
2228	2448
2228	2488
2228	2540
2228	2570
2228	2614
2228	2618
2618	2228
2228	2628
2228	2644
2331	2229
2347	2229
2369	2229
2438	2229
2521	2229
2543	2229
2313	2230
2236	2231
2277	2231
2313	2231
2317	2231
2322	2231
2341	2231
2361	2231
2397	2231
2405	2231
2411	2231
2440	2231
2474	2231
2241	2232
2280	2232
2289	2232
2313	2232
2333	2232
2366	2232
2367	2232
2379	2232
2394	2232
2455	2232
2471	2232
2473	2232
2543	2232
2566	2232
2571	2232
2589	2232
2594	2232
2608	2232
2612	2232
2643	2232
2649	2232
2331	2233
2343	2233
2347	2233
2351	2233
2369	2233
2516	2233
2521	2233
2543	2233
2254	2235
2274	2235
2280	2235
2282	2235
2294	2235
2304	2235
2322	2235
2333	2235
2377	2235
2394	2235
2438	2235
2451	2235
2461	2235
2511	2235
2566	2235
2592	2235
2594	2235
2603	2235
2608	2235
2236	2260
2260	2236
2236	2317
2317	2236
2236	2322
2322	2236
2236	2335
2335	2236
2236	2341
2341	2236
2236	2342
2342	2236
2236	2360
2360	2236
2236	2361
2361	2236
2236	2371
2236	2405
2405	2236
2236	2411
2411	2236
2236	2440
2440	2236
2236	2448
2236	2488
2236	2523
2236	2580
2580	2236
2236	2628
2236	2644
2331	2237
2347	2237
2369	2237
2521	2237
2543	2237
2238	2251
2238	2260
2260	2238
2238	2335
2335	2238
2238	2341
2341	2238
2238	2360
2360	2238
2238	2361
2361	2238
2238	2411
2411	2238
2238	2455
2455	2238
2238	2562
2562	2238
2242	2239
2247	2239
2338	2239
2347	2239
2385	2239
2480	2239
2543	2239
2555	2239
2597	2239
2331	2240
2347	2240
2369	2240
2521	2240
2543	2240
2241	2246
2246	2241
2241	2247
2247	2241
2241	2250
2241	2254
2254	2241
2241	2268
2241	2273
2241	2279
2279	2241
2241	2282
2282	2241
2241	2283
2241	2285
2241	2289
2289	2241
2241	2292
2241	2294
2294	2241
2241	2302
2241	2319
2241	2328
2241	2333
2333	2241
2241	2336
2241	2343
2343	2241
2241	2344
2241	2347
2347	2241
2241	2351
2351	2241
2241	2377
2377	2241
2241	2384
2241	2398
2241	2399
2241	2417
2241	2419
2419	2241
2241	2420
2420	2241
2241	2434
2241	2436
2241	2445
2241	2451
2451	2241
2241	2463
2241	2465
2241	2471
2471	2241
2241	2475
2475	2241
2241	2498
2498	2241
2241	2508
2241	2509
2241	2512
2241	2516
2516	2241
2241	2518
2241	2533
2533	2241
2241	2543
2543	2241
2241	2555
2555	2241
2241	2567
2241	2582
2582	2241
2241	2588
2241	2589
2589	2241
2241	2592
2592	2241
2241	2594
2594	2241
2241	2598
2241	2599
2241	2608
2608	2241
2241	2616
2241	2617
2241	2629
2241	2643
2643	2241
2241	2649
2649	2241
2242	2272
2272	2242
2242	2278
2242	2289
2289	2242
2242	2298
2242	2313
2313	2242
2242	2318
2242	2325
2242	2362
2362	2242
2242	2395
2242	2399
2242	2425
2425	2242
2242	2452
2452	2242
2242	2480
2480	2242
2242	2498
2498	2242
2242	2501
2242	2512
2242	2540
2242	2605
2242	2610
2610	2242
2242	2637
2637	2242
2242	2642
2274	2243
2280	2243
2282	2243
2294	2243
2333	2243
2394	2243
2438	2243
2451	2243
2511	2243
2594	2243
2603	2243
2331	2244
2347	2244
2369	2244
2521	2244
2543	2244
2246	2247
2247	2246
2246	2268
2246	2273
2246	2282
2282	2246
2246	2283
2246	2289
2289	2246
2246	2294
2294	2246
2246	2302
2246	2304
2304	2246
2246	2328
2246	2333
2333	2246
2246	2343
2343	2246
2246	2344
2246	2347
2347	2246
2246	2351
2351	2246
2246	2355
2246	2368
2246	2377
2377	2246
2246	2384
2246	2389
2246	2419
2419	2246
2246	2434
2246	2438
2438	2246
2246	2461
2461	2246
2246	2463
2246	2471
2471	2246
2246	2475
2475	2246
2246	2491
2246	2498
2498	2246
2246	2509
2246	2510
2246	2511
2511	2246
2246	2512
2246	2518
2246	2543
2543	2246
2246	2555
2555	2246
2246	2567
2246	2582
2582	2246
2246	2588
2246	2592
2592	2246
2246	2598
2246	2616
2246	2617
2246	2629
2246	2641
2246	2642
2246	2643
2643	2246
2247	2254
2254	2247
2247	2267
2247	2273
2247	2282
2282	2247
2247	2283
2247	2285
2247	2289
2289	2247
2247	2292
2247	2294
2294	2247
2247	2302
2247	2304
2304	2247
2247	2327
2247	2328
2247	2332
2247	2333
2333	2247
2247	2336
2247	2343
2343	2247
2247	2344
2247	2347
2347	2247
2247	2355
2247	2362
2362	2247
2247	2368
2247	2377
2377	2247
2247	2384
2247	2389
2247	2398
2247	2399
2247	2413
2247	2419
2419	2247
2247	2434
2247	2458
2247	2461
2461	2247
2247	2463
2247	2471
2471	2247
2247	2475
2475	2247
2247	2480
2480	2247
2247	2491
2247	2496
2496	2247
2247	2498
2498	2247
2247	2509
2247	2510
2247	2511
2511	2247
2247	2516
2516	2247
2247	2518
2247	2529
2247	2537
2247	2543
2543	2247
2247	2555
2555	2247
2247	2567
2247	2582
2582	2247
2247	2588
2247	2592
2592	2247
2247	2594
2594	2247
2247	2597
2597	2247
2247	2598
2247	2603
2603	2247
2247	2608
2608	2247
2247	2610
2610	2247
2247	2616
2247	2629
2247	2641
2247	2642
2247	2643
2643	2247
2248	2286
2286	2248
2248	2314
2314	2248
2248	2335
2335	2248
2248	2397
2397	2248
2248	2405
2405	2248
2248	2497
2248	2503
2503	2248
2248	2534
2248	2644
2279	2249
2313	2249
2558	2249
2589	2249
2279	2250
2289	2250
2294	2250
2333	2250
2343	2250
2347	2250
2419	2250
2461	2250
2471	2250
2473	2250
2475	2250
2498	2250
2511	2250
2516	2250
2519	2250
2533	2250
2543	2250
2555	2250
2582	2250
2597	2250
2643	2250
2649	2250
2313	2251
2618	2251
2282	2252
2294	2252
2304	2252
2333	2252
2331	2253
2347	2253
2369	2253
2521	2253
2543	2253
2254	2264
2254	2267
2254	2268
2254	2279
2279	2254
2254	2282
2282	2254
2254	2285
2254	2289
2289	2254
2254	2319
2254	2327
2254	2328
2254	2330
2254	2336
2254	2343
2343	2254
2254	2344
2254	2372
2254	2385
2385	2254
2254	2396
2254	2398
2254	2419
2419	2254
2254	2436
2254	2445
2254	2451
2451	2254
2254	2458
2254	2463
2254	2471
2471	2254
2254	2475
2475	2254
2254	2491
2254	2498
2498	2254
2254	2508
2254	2509
2254	2510
2254	2511
2511	2254
2254	2512
2254	2547
2254	2589
2589	2254
2254	2594
2594	2254
2254	2598
2254	2608
2608	2254
2254	2616
2254	2617
2254	2649
2649	2254
2254	2653
2331	2257
2347	2257
2369	2257
2543	2257
2369	2258
2521	2258
2280	2259
2333	2259
2347	2259
2379	2259
2394	2259
2420	2259
2451	2259
2471	2259
2473	2259
2475	2259
2543	2259
2592	2259
2594	2259
2608	2259
2649	2259
2260	2289
2289	2260
2260	2341
2341	2260
2260	2397
2397	2260
2260	2412
2412	2260
2260	2659
2659	2260
2331	2261
2347	2261
2369	2261
2521	2261
2543	2261
2313	2263
2558	2263
2621	2263
2280	2264
2282	2264
2294	2264
2333	2264
2338	2264
2347	2264
2377	2264
2379	2264
2385	2264
2394	2264
2461	2264
2472	2264
2473	2264
2498	2264
2592	2264
2597	2264
2406	2265
2566	2265
2331	2266
2347	2266
2369	2266
2521	2266
2543	2266
2282	2267
2294	2267
2304	2267
2338	2267
2351	2267
2377	2267
2385	2267
2394	2267
2461	2267
2472	2267
2473	2267
2475	2267
2511	2267
2555	2267
2589	2267
2592	2267
2279	2268
2289	2268
2385	2268
2394	2268
2406	2268
2419	2268
2451	2268
2471	2268
2498	2268
2511	2268
2516	2268
2533	2268
2543	2268
2555	2268
2571	2268
2582	2268
2589	2268
2592	2268
2594	2268
2597	2268
2608	2268
2649	2268
2416	2270
2425	2270
2610	2270
2331	2271
2347	2271
2369	2271
2543	2271
2272	2289
2289	2272
2272	2310
2272	2318
2272	2325
2272	2362
2362	2272
2272	2416
2416	2272
2272	2419
2419	2272
2272	2432
2272	2480
2480	2272
2272	2525
2272	2540
2272	2610
2610	2272
2272	2637
2637	2272
2272	2642
2282	2273
2289	2273
2294	2273
2333	2273
2343	2273
2347	2273
2351	2273
2377	2273
2419	2273
2461	2273
2471	2273
2475	2273
2498	2273
2516	2273
2519	2273
2555	2273
2582	2273
2608	2273
2643	2273
2649	2273
2274	2328
2274	2333
2333	2274
2274	2344
2274	2351
2351	2274
2274	2377
2377	2274
2274	2384
2274	2390
2274	2396
2274	2415
2274	2434
2274	2438
2438	2274
2274	2479
2274	2509
2274	2511
2511	2274
2274	2568
2274	2603
2603	2274
2274	2652
2331	2275
2347	2275
2369	2275
2521	2275
2543	2275
2331	2276
2347	2276
2369	2276
2543	2276
2277	2335
2335	2277
2277	2357
2357	2277
2277	2373
2373	2277
2277	2411
2411	2277
2277	2474
2474	2277
2277	2488
2277	2497
2277	2656
2656	2277
2331	2278
2347	2278
2369	2278
2521	2278
2533	2278
2543	2278
2279	2282
2282	2279
2279	2283
2279	2292
2279	2293
2279	2302
2279	2315
2315	2279
2279	2319
2279	2327
2279	2328
2279	2330
2279	2332
2279	2333
2333	2279
2279	2336
2279	2338
2338	2279
2279	2345
2279	2347
2347	2279
2279	2351
2351	2279
2279	2368
2279	2372
2279	2384
2279	2385
2385	2279
2279	2394
2394	2279
2279	2396
2279	2398
2279	2399
2279	2417
2279	2420
2420	2279
2279	2434
2279	2436
2279	2445
2279	2451
2451	2279
2279	2458
2279	2461
2461	2279
2279	2463
2279	2468
2279	2471
2471	2279
2279	2472
2472	2279
2279	2479
2279	2491
2279	2496
2496	2279
2279	2508
2279	2509
2279	2510
2279	2511
2511	2279
2279	2512
2279	2516
2516	2279
2279	2533
2533	2279
2279	2537
2279	2543
2543	2279
2279	2555
2555	2279
2279	2567
2279	2582
2582	2279
2279	2589
2589	2279
2279	2592
2592	2279
2279	2597
2597	2279
2279	2598
2279	2608
2608	2279
2279	2617
2279	2629
2279	2643
2643	2279
2279	2649
2649	2279
2280	2282
2282	2280
2280	2283
2280	2294
2294	2280
2280	2327
2280	2328
2280	2333
2333	2280
2280	2336
2280	2345
2280	2367
2367	2280
2280	2379
2379	2280
2280	2384
2280	2390
2280	2394
2394	2280
2280	2396
2280	2434
2280	2438
2438	2280
2280	2451
2451	2280
2280	2458
2280	2491
2280	2501
2280	2511
2511	2280
2280	2518
2280	2537
2280	2592
2592	2280
2280	2594
2594	2280
2280	2598
2280	2608
2608	2280
2280	2617
2280	2635
2280	2652
2282	2283
2282	2285
2282	2289
2289	2282
2282	2292
2282	2293
2282	2294
2294	2282
2282	2302
2282	2304
2304	2282
2282	2310
2282	2313
2313	2282
2282	2315
2315	2282
2282	2319
2282	2327
2282	2328
2282	2332
2282	2333
2333	2282
2282	2336
2282	2338
2338	2282
2282	2343
2343	2282
2282	2344
2282	2347
2347	2282
2282	2351
2351	2282
2282	2368
2282	2372
2282	2377
2377	2282
2282	2384
2282	2390
2282	2394
2394	2282
2282	2396
2282	2399
2282	2419
2419	2282
2282	2420
2420	2282
2282	2432
2282	2434
2282	2438
2438	2282
2282	2451
2451	2282
2282	2458
2282	2461
2461	2282
2282	2463
2282	2465
2282	2471
2471	2282
2282	2472
2472	2282
2282	2475
2475	2282
2282	2479
2282	2491
2282	2501
2282	2509
2282	2510
2282	2511
2511	2282
2282	2512
2282	2516
2516	2282
2282	2533
2533	2282
2282	2537
2282	2543
2543	2282
2282	2544
2282	2547
2282	2555
2555	2282
2282	2567
2282	2582
2582	2282
2282	2588
2282	2592
2592	2282
2282	2594
2594	2282
2282	2597
2597	2282
2282	2598
2282	2603
2603	2282
2282	2608
2608	2282
2282	2609
2282	2616
2282	2617
2282	2629
2282	2642
2282	2643
2643	2282
2282	2649
2649	2282
2282	2652
2282	2653
2289	2283
2294	2283
2304	2283
2315	2283
2333	2283
2338	2283
2342	2283
2343	2283
2347	2283
2351	2283
2385	2283
2394	2283
2420	2283
2438	2283
2451	2283
2461	2283
2471	2283
2472	2283
2511	2283
2516	2283
2519	2283
2533	2283
2543	2283
2555	2283
2582	2283
2589	2283
2592	2283
2594	2283
2597	2283
2603	2283
2608	2283
2618	2283
2643	2283
2649	2283
2659	2284
2294	2285
2333	2285
2338	2285
2351	2285
2377	2285
2461	2285
2472	2285
2511	2285
2543	2285
2555	2285
2597	2285
2608	2285
2286	2314
2314	2286
2286	2335
2335	2286
2286	2361
2361	2286
2286	2371
2286	2403
2403	2286
2286	2411
2411	2286
2286	2440
2440	2286
2286	2488
2286	2497
2286	2503
2503	2286
2286	2534
2331	2287
2406	2288
2289	2291
2289	2292
2289	2294
2294	2289
2289	2296
2289	2302
2289	2310
2289	2318
2289	2319
2289	2322
2322	2289
2289	2325
2289	2327
2289	2328
2289	2330
2289	2333
2333	2289
2289	2336
2289	2343
2343	2289
2289	2347
2347	2289
2289	2351
2351	2289
2289	2362
2362	2289
2289	2366
2366	2289
2289	2367
2367	2289
2289	2368
2289	2372
2289	2377
2377	2289
2289	2384
2289	2398
2289	2406
2406	2289
2289	2416
2416	2289
2289	2417
2289	2419
2419	2289
2289	2425
2425	2289
2289	2436
2289	2440
2440	2289
2289	2445
2289	2448
2289	2451
2451	2289
2289	2461
2461	2289
2289	2463
2289	2471
2471	2289
2289	2473
2473	2289
2289	2474
2474	2289
2289	2475
2475	2289
2289	2491
2289	2498
2498	2289
2289	2508
2289	2509
2289	2510
2289	2511
2511	2289
2289	2512
2289	2525
2289	2533
2533	2289
2289	2543
2543	2289
2289	2555
2555	2289
2289	2557
2289	2567
2289	2582
2582	2289
2289	2588
2289	2589
2589	2289
2289	2594
2594	2289
2289	2597
2597	2289
2289	2598
2289	2603
2603	2289
2289	2608
2608	2289
2289	2610
2610	2289
2289	2612
2612	2289
2289	2616
2289	2617
2289	2629
2289	2637
2637	2289
2289	2642
2289	2643
2643	2289
2289	2649
2649	2289
2289	2653
2331	2290
2369	2290
2543	2290
2406	2291
2294	2292
2315	2292
2333	2292
2338	2292
2343	2292
2347	2292
2351	2292
2377	2292
2385	2292
2419	2292
2420	2292
2425	2292
2451	2292
2461	2292
2471	2292
2472	2292
2473	2292
2498	2292
2511	2292
2533	2292
2543	2292
2555	2292
2582	2292
2592	2292
2597	2292
2603	2292
2643	2292
2649	2292
2333	2293
2338	2293
2347	2293
2351	2293
2420	2293
2461	2293
2496	2293
2533	2293
2543	2293
2555	2293
2592	2293
2594	2293
2597	2293
2294	2304
2304	2294
2294	2325
2294	2327
2294	2328
2294	2332
2294	2333
2333	2294
2294	2336
2294	2343
2343	2294
2294	2344
2294	2368
2294	2372
2294	2377
2377	2294
2294	2384
2294	2394
2394	2294
2294	2396
2294	2399
2294	2415
2294	2419
2419	2294
2294	2420
2420	2294
2294	2432
2294	2434
2294	2438
2438	2294
2294	2451
2451	2294
2294	2458
2294	2461
2461	2294
2294	2463
2294	2471
2471	2294
2294	2475
2475	2294
2294	2491
2294	2498
2498	2294
2294	2501
2294	2508
2294	2509
2294	2510
2294	2511
2511	2294
2294	2512
2294	2525
2294	2533
2533	2294
2294	2537
2294	2544
2294	2547
2294	2582
2582	2294
2294	2588
2294	2592
2592	2294
2294	2598
2294	2603
2603	2294
2294	2608
2608	2294
2294	2616
2294	2617
2294	2629
2294	2649
2649	2294
2294	2652
2516	2295
2519	2295
2543	2295
2582	2295
2643	2295
2649	2295
2322	2296
2366	2296
2367	2296
2379	2296
2406	2296
2416	2296
2425	2296
2473	2296
2498	2296
2566	2296
2610	2296
2612	2296
2659	2297
2425	2298
2480	2298
2516	2298
2543	2298
2582	2298
2637	2298
2331	2299
2347	2299
2369	2299
2331	2300
2347	2300
2369	2300
2543	2300
2315	2302
2333	2302
2338	2302
2347	2302
2351	2302
2377	2302
2385	2302
2420	2302
2461	2302
2471	2302
2472	2302
2475	2302
2511	2302
2533	2302
2543	2302
2555	2302
2592	2302
2597	2302
2643	2302
2304	2310
2304	2327
2304	2328
2304	2333
2333	2304
2304	2344
2304	2355
2304	2368
2304	2377
2377	2304
2304	2384
2304	2389
2304	2394
2394	2304
2304	2396
2304	2399
2304	2432
2304	2434
2304	2438
2438	2304
2304	2461
2461	2304
2304	2471
2471	2304
2304	2475
2475	2304
2304	2501
2304	2509
2304	2510
2304	2511
2511	2304
2304	2512
2304	2516
2516	2304
2304	2518
2304	2537
2304	2555
2555	2304
2304	2594
2594	2304
2304	2598
2304	2603
2603	2304
2304	2608
2608	2304
2304	2617
2304	2642
2385	2305
2369	2306
2521	2306
2543	2306
2331	2307
2369	2307
2521	2307
2331	2308
2347	2308
2369	2308
2331	2309
2347	2309
2369	2309
2521	2309
2543	2309
2416	2310
2419	2310
2461	2310
2603	2310
2521	2311
2610	2312
2313	2317
2317	2313
2313	2322
2322	2313
2313	2325
2313	2342
2342	2313
2313	2358
2313	2361
2361	2313
2313	2366
2366	2313
2313	2371
2313	2375
2375	2313
2313	2376
2313	2380
2313	2388
2388	2313
2313	2402
2313	2406
2406	2313
2313	2411
2411	2313
2313	2422
2313	2431
2313	2433
2313	2439
2439	2313
2313	2440
2440	2313
2313	2441
2313	2443
2313	2448
2313	2450
2313	2456
2313	2488
2313	2528
2313	2534
2313	2540
2313	2548
2548	2313
2313	2558
2558	2313
2313	2562
2562	2313
2313	2581
2313	2614
2313	2618
2618	2313
2313	2621
2621	2313
2313	2628
2313	2632
2313	2644
2313	2656
2656	2313
2314	2335
2335	2314
2314	2397
2397	2314
2314	2403
2403	2314
2314	2474
2474	2314
2314	2497
2314	2503
2503	2314
2314	2534
2314	2540
2315	2319
2315	2330
2315	2332
2315	2333
2333	2315
2315	2338
2338	2315
2315	2347
2347	2315
2315	2351
2351	2315
2315	2372
2315	2384
2315	2417
2315	2420
2420	2315
2315	2451
2451	2315
2315	2465
2315	2472
2472	2315
2315	2491
2315	2533
2533	2315
2315	2543
2543	2315
2315	2555
2555	2315
2315	2567
2315	2571
2571	2315
2315	2589
2589	2315
2315	2592
2592	2315
2315	2597
2597	2315
2315	2598
2315	2609
2315	2629
2315	2642
2315	2643
2643	2315
2360	2316
2597	2316
2317	2342
2342	2317
2317	2360
2360	2317
2317	2361
2361	2317
2317	2371
2317	2402
2317	2411
2411	2317
2317	2412
2412	2317
2317	2440
2440	2317
2317	2448
2317	2456
2317	2474
2474	2317
2317	2488
2317	2540
2317	2577
2317	2580
2580	2317
2317	2587
2317	2618
2618	2317
2317	2628
2317	2644
2362	2318
2406	2318
2416	2318
2419	2318
2425	2318
2480	2318
2637	2318
2333	2319
2338	2319
2343	2319
2347	2319
2351	2319
2394	2319
2419	2319
2420	2319
2451	2319
2461	2319
2471	2319
2475	2319
2496	2319
2498	2319
2511	2319
2516	2319
2533	2319
2543	2319
2589	2319
2592	2319
2594	2319
2597	2319
2643	2319
2649	2319
2321	2341
2341	2321
2321	2581
2322	2325
2322	2335
2335	2322
2322	2361
2361	2322
2322	2366
2366	2322
2322	2371
2322	2397
2397	2322
2322	2406
2406	2322
2322	2411
2411	2322
2322	2412
2412	2322
2322	2419
2419	2322
2322	2440
2440	2322
2322	2473
2473	2322
2322	2557
2322	2562
2562	2322
2322	2566
2566	2322
2322	2577
2322	2610
2610	2322
2322	2612
2612	2322
2322	2642
2322	2656
2656	2322
2331	2323
2347	2323
2521	2323
2543	2323
2331	2324
2347	2324
2369	2324
2521	2324
2543	2324
2343	2325
2351	2325
2362	2325
2366	2325
2367	2325
2379	2325
2406	2325
2416	2325
2419	2325
2425	2325
2452	2325
2473	2325
2475	2325
2480	2325
2498	2325
2555	2325
2589	2325
2603	2325
2612	2325
2637	2325
2331	2326
2347	2326
2369	2326
2521	2326
2333	2327
2338	2327
2343	2327
2351	2327
2367	2327
2377	2327
2379	2327
2394	2327
2419	2327
2438	2327
2451	2327
2461	2327
2471	2327
2473	2327
2511	2327
2516	2327
2533	2327
2543	2327
2555	2327
2589	2327
2592	2327
2597	2327
2603	2327
2643	2327
2649	2327
2333	2328
2338	2328
2343	2328
2351	2328
2377	2328
2394	2328
2419	2328
2420	2328
2438	2328
2451	2328
2461	2328
2471	2328
2475	2328
2498	2328
2511	2328
2516	2328
2533	2328
2543	2328
2555	2328
2582	2328
2592	2328
2594	2328
2603	2328
2608	2328
2643	2328
2649	2328
2331	2329
2347	2329
2369	2329
2543	2329
2451	2330
2589	2330
2597	2330
2649	2330
2331	2334
2331	2339
2331	2340
2331	2347
2347	2331
2331	2348
2331	2352
2331	2353
2331	2354
2331	2356
2331	2359
2331	2363
2331	2369
2369	2331
2331	2374
2331	2376
2331	2381
2331	2386
2331	2391
2331	2395
2331	2404
2331	2407
2331	2408
2331	2409
2331	2410
2331	2414
2331	2418
2331	2423
2331	2428
2331	2430
2331	2433
2331	2446
2331	2460
2331	2462
2331	2464
2331	2467
2331	2468
2331	2469
2331	2482
2331	2484
2331	2485
2331	2492
2331	2495
2331	2499
2331	2500
2331	2501
2331	2504
2331	2506
2331	2507
2331	2520
2331	2526
2331	2532
2331	2539
2331	2542
2331	2543
2543	2331
2331	2546
2331	2549
2331	2550
2331	2552
2331	2553
2331	2554
2331	2556
2331	2559
2331	2560
2331	2561
2331	2564
2331	2573
2331	2574
2331	2578
2331	2579
2331	2586
2331	2590
2331	2591
2331	2593
2331	2600
2331	2601
2331	2602
2331	2604
2331	2606
2331	2607
2331	2611
2331	2613
2331	2615
2331	2619
2331	2623
2331	2624
2331	2625
2331	2630
2331	2631
2331	2638
2331	2654
2331	2655
2333	2332
2338	2332
2347	2332
2351	2332
2385	2332
2438	2332
2473	2332
2475	2332
2511	2332
2533	2332
2543	2332
2555	2332
2582	2332
2592	2332
2597	2332
2608	2332
2643	2332
2649	2332
2333	2336
2333	2338
2338	2333
2333	2343
2343	2333
2333	2344
2333	2347
2347	2333
2333	2351
2351	2333
2333	2372
2333	2377
2377	2333
2333	2384
2333	2390
2333	2394
2394	2333
2333	2396
2333	2399
2333	2415
2333	2419
2419	2333
2333	2420
2420	2333
2333	2432
2333	2434
2333	2438
2438	2333
2333	2451
2451	2333
2333	2458
2333	2461
2461	2333
2333	2463
2333	2465
2333	2471
2471	2333
2333	2472
2472	2333
2333	2475
2475	2333
2333	2479
2333	2491
2333	2498
2498	2333
2333	2501
2333	2508
2333	2509
2333	2510
2333	2511
2511	2333
2333	2512
2333	2529
2333	2530
2333	2533
2533	2333
2333	2537
2333	2543
2543	2333
2333	2555
2555	2333
2333	2567
2333	2582
2582	2333
2333	2592
2592	2333
2333	2594
2594	2333
2333	2597
2597	2333
2333	2598
2333	2603
2603	2333
2333	2608
2608	2333
2333	2616
2333	2617
2333	2629
2333	2642
2333	2643
2643	2333
2333	2652
2333	2653
2347	2334
2369	2334
2471	2334
2543	2334
2335	2361
2361	2335
2335	2371
2335	2403
2403	2335
2335	2411
2411	2335
2335	2440
2440	2335
2335	2474
2474	2335
2335	2488
2335	2497
2335	2503
2503	2335
2335	2523
2335	2534
2338	2336
2343	2336
2347	2336
2351	2336
2366	2336
2379	2336
2385	2336
2394	2336
2419	2336
2420	2336
2451	2336
2461	2336
2471	2336
2472	2336
2498	2336
2511	2336
2516	2336
2519	2336
2533	2336
2543	2336
2555	2336
2582	2336
2589	2336
2592	2336
2597	2336
2643	2336
2649	2336
2338	2343
2343	2338
2338	2344
2338	2347
2347	2338
2338	2351
2351	2338
2338	2372
2338	2377
2377	2338
2338	2384
2338	2398
2338	2420
2420	2338
2338	2436
2338	2458
2338	2461
2461	2338
2338	2465
2338	2468
2338	2475
2475	2338
2338	2496
2496	2338
2338	2508
2338	2510
2338	2511
2511	2338
2338	2512
2338	2516
2516	2338
2338	2529
2338	2533
2533	2338
2338	2543
2543	2338
2338	2547
2338	2555
2555	2338
2338	2567
2338	2592
2592	2338
2338	2594
2594	2338
2338	2597
2597	2338
2338	2598
2338	2609
2338	2617
2338	2629
2338	2643
2643	2338
2338	2649
2649	2338
2347	2339
2369	2339
2521	2339
2347	2340
2369	2340
2521	2340
2543	2340
2341	2361
2361	2341
2341	2412
2412	2341
2341	2455
2455	2341
2341	2456
2341	2659
2659	2341
2342	2371
2342	2397
2397	2342
2342	2402
2342	2411
2411	2342
2342	2448
2342	2450
2342	2456
2342	2488
2342	2540
2342	2562
2562	2342
2342	2618
2618	2342
2342	2628
2342	2632
2342	2644
2343	2344
2343	2351
2351	2343
2343	2384
2343	2419
2419	2343
2343	2436
2343	2458
2343	2461
2461	2343
2343	2463
2343	2471
2471	2343
2343	2475
2475	2343
2343	2491
2343	2498
2498	2343
2343	2509
2343	2516
2516	2343
2343	2530
2343	2536
2343	2582
2582	2343
2343	2588
2343	2598
2343	2616
2343	2629
2343	2649
2649	2343
2347	2344
2377	2344
2394	2344
2419	2344
2438	2344
2451	2344
2461	2344
2471	2344
2475	2344
2498	2344
2511	2344
2516	2344
2519	2344
2555	2344
2582	2344
2592	2344
2594	2344
2603	2344
2637	2344
2366	2345
2367	2345
2379	2345
2394	2345
2406	2345
2461	2345
2555	2345
2566	2345
2594	2345
2610	2345
2612	2345
2659	2346
2347	2348
2347	2351
2351	2347
2347	2354
2347	2356
2347	2363
2347	2369
2369	2347
2347	2370
2347	2372
2347	2374
2347	2376
2347	2377
2377	2347
2347	2381
2347	2384
2347	2386
2347	2387
2347	2395
2347	2398
2347	2399
2347	2404
2347	2407
2347	2408
2347	2409
2347	2410
2347	2414
2347	2418
2347	2419
2419	2347
2347	2420
2420	2347
2347	2423
2347	2427
2347	2428
2347	2429
2347	2430
2347	2433
2347	2436
2347	2446
2347	2451
2451	2347
2347	2460
2347	2462
2347	2463
2347	2464
2347	2467
2347	2468
2347	2469
2347	2471
2471	2347
2347	2472
2472	2347
2347	2475
2475	2347
2347	2482
2347	2484
2347	2485
2347	2489
2347	2491
2347	2492
2347	2499
2347	2500
2347	2506
2347	2507
2347	2508
2347	2510
2347	2511
2511	2347
2347	2518
2347	2521
2521	2347
2347	2522
2347	2526
2347	2530
2347	2533
2533	2347
2347	2539
2347	2542
2347	2543
2543	2347
2347	2546
2347	2547
2347	2550
2347	2551
2347	2554
2347	2555
2555	2347
2347	2556
2347	2559
2347	2560
2347	2561
2347	2563
2347	2567
2347	2573
2347	2574
2347	2575
2347	2578
2347	2579
2347	2582
2582	2347
2347	2586
2347	2590
2347	2591
2347	2592
2592	2347
2347	2593
2347	2597
2597	2347
2347	2598
2347	2600
2347	2601
2347	2602
2347	2604
2347	2606
2347	2607
2347	2609
2347	2611
2347	2615
2347	2619
2347	2623
2347	2624
2347	2625
2347	2629
2347	2630
2347	2631
2347	2638
2347	2643
2643	2347
2347	2646
2347	2653
2347	2655
2369	2348
2385	2348
2521	2348
2543	2348
2351	2372
2351	2377
2377	2351
2351	2384
2351	2398
2351	2420
2420	2351
2351	2436
2351	2461
2461	2351
2351	2463
2351	2465
2351	2471
2471	2351
2351	2472
2472	2351
2351	2475
2475	2351
2351	2491
2351	2498
2498	2351
2351	2509
2351	2510
2351	2516
2516	2351
2351	2529
2351	2533
2533	2351
2351	2543
2543	2351
2351	2555
2555	2351
2351	2567
2351	2592
2592	2351
2351	2597
2597	2351
2351	2598
2351	2609
2351	2616
2351	2629
2351	2642
2351	2643
2643	2351
2351	2649
2649	2351
2369	2352
2521	2353
2543	2353
2369	2354
2521	2354
2543	2354
2461	2355
2543	2355
2594	2355
2610	2355
2369	2356
2521	2356
2543	2356
2357	2397
2397	2357
2357	2562
2562	2357
2357	2587
2357	2659
2659	2357
2411	2358
2369	2359
2360	2488
2361	2371
2361	2373
2373	2361
2361	2397
2397	2361
2361	2402
2361	2440
2440	2361
2361	2448
2361	2455
2455	2361
2361	2488
2361	2503
2503	2361
2361	2523
2361	2540
2361	2618
2618	2361
2361	2628
2361	2644
2362	2416
2416	2362
2362	2419
2419	2362
2362	2425
2425	2362
2362	2480
2480	2362
2362	2525
2362	2610
2610	2362
2362	2637
2637	2362
2362	2642
2369	2363
2521	2363
2543	2363
2659	2364
2659	2365
2366	2367
2367	2366
2366	2379
2379	2366
2366	2406
2406	2366
2366	2566
2566	2366
2366	2592
2592	2366
2366	2608
2608	2366
2366	2612
2612	2366
2366	2642
2367	2379
2379	2367
2367	2394
2394	2367
2367	2406
2406	2367
2367	2461
2461	2367
2367	2510
2367	2537
2367	2566
2566	2367
2367	2571
2571	2367
2367	2581
2367	2594
2594	2367
2367	2597
2597	2367
2367	2598
2367	2608
2608	2367
2367	2612
2612	2367
2367	2617
2367	2635
2377	2368
2461	2368
2471	2368
2498	2368
2519	2368
2533	2368
2555	2368
2582	2368
2594	2368
2597	2368
2608	2368
2649	2368
2369	2370
2369	2374
2369	2376
2369	2381
2369	2386
2369	2392
2369	2395
2369	2404
2369	2407
2369	2408
2369	2409
2369	2410
2369	2414
2369	2423
2369	2428
2369	2430
2369	2433
2369	2446
2369	2460
2369	2462
2369	2464
2369	2468
2369	2469
2369	2477
2369	2482
2369	2485
2369	2489
2369	2492
2369	2495
2369	2499
2369	2500
2369	2504
2369	2506
2369	2507
2369	2520
2369	2521
2521	2369
2369	2526
2369	2532
2369	2536
2369	2539
2369	2542
2369	2543
2543	2369
2369	2546
2369	2549
2369	2550
2369	2552
2369	2553
2369	2554
2369	2556
2369	2559
2369	2560
2369	2561
2369	2563
2369	2564
2369	2573
2369	2574
2369	2575
2369	2576
2369	2578
2369	2579
2369	2586
2369	2590
2369	2591
2369	2593
2369	2600
2369	2601
2369	2602
2369	2604
2369	2606
2369	2607
2369	2611
2369	2615
2369	2619
2369	2623
2369	2624
2369	2625
2369	2630
2369	2631
2369	2638
2369	2646
2369	2654
2369	2655
2543	2370
2440	2371
2618	2371
2385	2372
2461	2372
2471	2372
2511	2372
2543	2372
2555	2372
2582	2372
2589	2372
2594	2372
2597	2372
2608	2372
2643	2372
2373	2411
2411	2373
2373	2412
2412	2373
2373	2656
2656	2373
2521	2374
2543	2374
2375	2439
2439	2375
2375	2548
2548	2375
2375	2558
2558	2375
2521	2376
2377	2384
2377	2390
2377	2394
2394	2377
2377	2396
2377	2399
2377	2415
2377	2419
2419	2377
2377	2434
2377	2436
2377	2438
2438	2377
2377	2451
2451	2377
2377	2461
2461	2377
2377	2463
2377	2471
2471	2377
2377	2475
2475	2377
2377	2479
2377	2498
2498	2377
2377	2509
2377	2510
2377	2511
2511	2377
2377	2512
2377	2516
2516	2377
2377	2518
2377	2519
2519	2377
2377	2537
2377	2555
2555	2377
2377	2567
2377	2582
2582	2377
2377	2588
2377	2598
2377	2617
2377	2629
2377	2649
2649	2377
2377	2652
2379	2508
2379	2566
2566	2379
2379	2571
2571	2379
2379	2581
2379	2594
2594	2379
2379	2598
2379	2608
2608	2379
2379	2612
2612	2379
2379	2617
2379	2635
2521	2381
2543	2381
2382	2456
2385	2384
2394	2384
2420	2384
2438	2384
2451	2384
2461	2384
2471	2384
2472	2384
2473	2384
2498	2384
2511	2384
2516	2384
2533	2384
2543	2384
2555	2384
2582	2384
2589	2384
2592	2384
2597	2384
2603	2384
2608	2384
2643	2384
2649	2384
2385	2398
2385	2420
2420	2385
2385	2445
2385	2530
2385	2543
2543	2385
2385	2572
2385	2592
2592	2385
2385	2608
2608	2385
2385	2629
2521	2386
2543	2386
2610	2389
2394	2390
2438	2390
2451	2390
2511	2390
2603	2390
2543	2392
2592	2392
2394	2396
2394	2417
2394	2432
2394	2434
2394	2438
2438	2394
2394	2445
2394	2451
2451	2394
2394	2458
2394	2461
2461	2394
2394	2471
2471	2394
2394	2473
2473	2394
2394	2479
2394	2491
2394	2501
2394	2508
2394	2509
2394	2510
2394	2511
2511	2394
2394	2537
2394	2543
2543	2394
2394	2547
2394	2571
2571	2394
2394	2589
2589	2394
2394	2592
2592	2394
2394	2594
2594	2394
2394	2597
2597	2394
2394	2598
2394	2603
2603	2394
2394	2608
2608	2394
2394	2617
2394	2649
2649	2394
2394	2652
2521	2395
2543	2395
2438	2396
2451	2396
2473	2396
2511	2396
2592	2396
2594	2396
2603	2396
2608	2396
2397	2403
2403	2397
2397	2411
2411	2397
2397	2448
2397	2474
2474	2397
2397	2488
2397	2497
2397	2523
2397	2562
2562	2397
2397	2570
2397	2577
2397	2628
2397	2644
2419	2398
2420	2398
2451	2398
2461	2398
2471	2398
2496	2398
2511	2398
2533	2398
2543	2398
2555	2398
2582	2398
2589	2398
2592	2398
2594	2398
2597	2398
2608	2398
2649	2398
2419	2399
2438	2399
2461	2399
2471	2399
2475	2399
2511	2399
2516	2399
2519	2399
2555	2399
2582	2399
2603	2399
2608	2399
2637	2399
2649	2399
2610	2400
2594	2401
2403	2405
2405	2403
2403	2497
2403	2503
2503	2403
2403	2534
2403	2618
2618	2403
2405	2412
2412	2405
2405	2587
2405	2659
2659	2405
2406	2453
2406	2473
2473	2406
2406	2514
2406	2566
2566	2406
2406	2610
2610	2406
2406	2612
2612	2406
2543	2407
2521	2408
2543	2408
2521	2409
2543	2409
2521	2410
2543	2410
2411	2412
2412	2411
2411	2474
2474	2411
2411	2488
2411	2497
2411	2523
2411	2580
2580	2411
2412	2424
2412	2455
2455	2412
2412	2570
2412	2577
2412	2587
2412	2628
2412	2656
2656	2412
2521	2414
2543	2414
2438	2415
2511	2415
2603	2415
2416	2419
2419	2416
2416	2425
2425	2416
2416	2480
2480	2416
2416	2525
2416	2557
2416	2603
2603	2416
2416	2610
2610	2416
2416	2637
2637	2416
2416	2641
2416	2642
2471	2417
2473	2417
2543	2417
2571	2417
2594	2417
2597	2417
2608	2417
2649	2417
2521	2418
2419	2434
2419	2436
2419	2445
2419	2461
2461	2419
2419	2463
2419	2471
2471	2419
2419	2475
2475	2419
2419	2491
2419	2493
2419	2498
2498	2419
2419	2509
2419	2510
2419	2511
2511	2419
2419	2512
2419	2516
2516	2419
2419	2518
2419	2519
2519	2419
2419	2525
2419	2557
2419	2582
2582	2419
2419	2588
2419	2589
2589	2419
2419	2598
2419	2603
2603	2419
2419	2608
2608	2419
2419	2610
2610	2419
2419	2616
2419	2617
2419	2629
2419	2637
2637	2419
2419	2641
2419	2642
2419	2649
2649	2419
2420	2451
2451	2420
2420	2458
2420	2465
2420	2468
2420	2509
2420	2510
2420	2511
2511	2420
2420	2533
2533	2420
2420	2543
2543	2420
2420	2555
2555	2420
2420	2567
2420	2592
2592	2420
2420	2597
2597	2420
2420	2598
2420	2609
2420	2617
2420	2629
2420	2642
2420	2643
2643	2420
2420	2653
2421	2437
2437	2421
2421	2634
2634	2421
2558	2422
2543	2423
2455	2424
2659	2424
2425	2468
2425	2480
2480	2425
2425	2498
2498	2425
2425	2525
2425	2557
2425	2581
2425	2594
2594	2425
2425	2610
2610	2425
2425	2637
2637	2425
2425	2641
2425	2642
2521	2428
2543	2428
2543	2429
2594	2429
2543	2430
2558	2431
2438	2432
2603	2432
2543	2433
2438	2434
2451	2434
2461	2434
2471	2434
2511	2434
2582	2434
2603	2434
2451	2436
2471	2436
2475	2436
2498	2436
2511	2436
2533	2436
2543	2436
2589	2436
2597	2436
2649	2436
2438	2451
2451	2438
2438	2458
2438	2479
2438	2480
2480	2438
2438	2501
2438	2509
2438	2511
2511	2438
2438	2518
2438	2537
2438	2543
2543	2438
2438	2568
2438	2592
2592	2438
2438	2603
2603	2438
2438	2617
2438	2643
2643	2438
2438	2652
2439	2450
2439	2528
2439	2548
2548	2439
2439	2558
2558	2439
2439	2621
2621	2439
2440	2448
2440	2488
2440	2497
2440	2577
2440	2618
2618	2440
2440	2628
2440	2644
2558	2441
2451	2445
2471	2445
2511	2445
2533	2445
2589	2445
2597	2445
2649	2445
2543	2446
2562	2448
2618	2448
2594	2449
2548	2450
2558	2450
2451	2458
2451	2463
2451	2471
2471	2451
2451	2479
2451	2491
2451	2508
2451	2509
2451	2510
2451	2511
2511	2451
2451	2512
2451	2522
2451	2533
2533	2451
2451	2537
2451	2543
2543	2451
2451	2589
2589	2451
2451	2592
2592	2451
2451	2594
2594	2451
2451	2597
2597	2451
2451	2598
2451	2603
2603	2451
2451	2608
2608	2451
2451	2617
2451	2649
2649	2451
2451	2652
2451	2653
2452	2498
2498	2452
2452	2637
2637	2452
2455	2587
2541	2456
2511	2458
2516	2458
2543	2458
2555	2458
2589	2458
2592	2458
2594	2458
2608	2458
2649	2458
2521	2460
2461	2463
2461	2471
2471	2461
2461	2475
2475	2461
2461	2491
2461	2498
2498	2461
2461	2508
2461	2509
2461	2510
2461	2511
2511	2461
2461	2512
2461	2537
2461	2543
2543	2461
2461	2555
2555	2461
2461	2567
2461	2582
2582	2461
2461	2588
2461	2594
2594	2461
2461	2597
2597	2461
2461	2598
2461	2608
2608	2461
2461	2616
2461	2617
2461	2629
2461	2642
2461	2643
2643	2461
2461	2649
2649	2461
2521	2462
2543	2462
2471	2463
2475	2463
2498	2463
2511	2463
2516	2463
2533	2463
2543	2463
2582	2463
2589	2463
2592	2463
2643	2463
2649	2463
2521	2464
2543	2464
2471	2465
2472	2465
2533	2465
2543	2465
2555	2465
2592	2465
2643	2465
2521	2467
2543	2467
2511	2468
2521	2468
2533	2468
2543	2468
2555	2468
2594	2468
2597	2468
2543	2469
2471	2473
2473	2471
2471	2475
2475	2471
2471	2491
2471	2498
2498	2471
2471	2508
2471	2509
2471	2510
2471	2511
2511	2471
2471	2512
2471	2516
2516	2471
2471	2518
2471	2519
2519	2471
2471	2533
2533	2471
2471	2537
2471	2543
2543	2471
2471	2555
2555	2471
2471	2567
2471	2582
2582	2471
2471	2588
2471	2589
2589	2471
2471	2592
2592	2471
2471	2594
2594	2471
2471	2598
2471	2608
2608	2471
2471	2616
2471	2617
2471	2629
2471	2642
2471	2643
2643	2471
2471	2649
2649	2471
2472	2533
2533	2472
2472	2543
2543	2472
2472	2555
2555	2472
2472	2567
2472	2571
2571	2472
2472	2592
2592	2472
2472	2597
2597	2472
2472	2598
2472	2599
2472	2609
2472	2629
2472	2639
2472	2642
2472	2653
2473	2491
2473	2508
2473	2537
2473	2543
2543	2473
2473	2547
2473	2566
2566	2473
2473	2589
2589	2473
2473	2594
2594	2473
2473	2597
2597	2473
2473	2598
2473	2608
2608	2473
2473	2612
2612	2473
2473	2649
2649	2473
2474	2497
2474	2523
2474	2570
2474	2577
2474	2580
2580	2474
2474	2628
2474	2644
2475	2498
2498	2475
2475	2508
2475	2509
2475	2512
2475	2516
2516	2475
2475	2555
2555	2475
2475	2582
2582	2475
2475	2588
2475	2598
2475	2629
2475	2642
2475	2649
2649	2475
2521	2477
2543	2478
2511	2479
2603	2479
2480	2518
2480	2540
2480	2610
2610	2480
2480	2637
2637	2480
2480	2642
2521	2482
2543	2482
2521	2485
2543	2485
2521	2489
2543	2489
2511	2491
2543	2491
2555	2491
2589	2491
2592	2491
2594	2491
2597	2491
2608	2491
2643	2491
2649	2491
2521	2492
2543	2492
2543	2495
2496	2543
2543	2496
2496	2567
2496	2629
2503	2497
2498	2509
2498	2512
2498	2567
2498	2581
2498	2582
2582	2498
2498	2588
2498	2592
2592	2498
2498	2598
2498	2610
2610	2498
2498	2616
2498	2649
2649	2498
2521	2499
2521	2500
2511	2501
2543	2501
2603	2501
2649	2501
2516	2502
2519	2502
2533	2502
2543	2502
2582	2502
2643	2502
2649	2502
2503	2534
2521	2506
2543	2506
2521	2507
2543	2507
2511	2508
2516	2508
2543	2508
2555	2508
2571	2508
2589	2508
2592	2508
2594	2508
2597	2508
2608	2508
2649	2508
2511	2509
2555	2509
2582	2509
2592	2509
2597	2509
2603	2509
2608	2509
2649	2509
2511	2510
2516	2510
2533	2510
2543	2510
2555	2510
2582	2510
2589	2510
2592	2510
2594	2510
2597	2510
2608	2510
2643	2510
2649	2510
2511	2512
2511	2516
2516	2511
2511	2533
2533	2511
2511	2537
2511	2543
2543	2511
2511	2555
2555	2511
2511	2567
2511	2589
2589	2511
2511	2592
2592	2511
2511	2594
2594	2511
2511	2597
2597	2511
2511	2598
2511	2603
2603	2511
2511	2608
2608	2511
2511	2616
2511	2617
2511	2649
2649	2511
2511	2652
2511	2653
2516	2512
2519	2512
2543	2512
2582	2512
2637	2512
2649	2512
2516	2518
2516	2519
2519	2516
2516	2543
2543	2516
2516	2544
2516	2555
2555	2516
2516	2567
2516	2582
2582	2516
2516	2594
2594	2516
2516	2598
2516	2605
2516	2629
2516	2642
2516	2643
2643	2516
2516	2649
2649	2516
2519	2518
2594	2518
2519	2543
2543	2519
2519	2582
2582	2519
2519	2598
2519	2643
2643	2519
2519	2649
2649	2519
2521	2526
2521	2530
2521	2532
2521	2542
2521	2543
2543	2521
2521	2550
2521	2551
2521	2556
2521	2560
2521	2563
2521	2564
2521	2575
2521	2578
2521	2586
2521	2590
2521	2593
2521	2600
2521	2601
2521	2602
2521	2604
2521	2607
2521	2611
2521	2615
2521	2619
2521	2623
2521	2624
2521	2625
2521	2638
2521	2646
2521	2654
2521	2655
2608	2522
2566	2523
2612	2523
2603	2525
2637	2525
2543	2526
2558	2528
2621	2528
2555	2529
2592	2529
2610	2529
2592	2530
2571	2531
2610	2531
2533	2543
2543	2533
2533	2544
2533	2555
2555	2533
2533	2567
2533	2582
2582	2533
2533	2589
2589	2533
2533	2592
2592	2533
2533	2597
2597	2533
2533	2598
2533	2629
2533	2635
2533	2642
2533	2643
2643	2533
2533	2649
2649	2533
2659	2534
2543	2537
2589	2537
2592	2537
2594	2537
2603	2537
2608	2537
2649	2537
2659	2538
2634	2540
2637	2540
2543	2542
2543	2544
2543	2546
2543	2551
2543	2555
2555	2543
2543	2559
2543	2560
2543	2561
2543	2564
2543	2567
2543	2572
2543	2573
2543	2575
2543	2578
2543	2579
2543	2582
2582	2543
2543	2586
2543	2588
2543	2590
2543	2592
2592	2543
2543	2593
2543	2594
2594	2543
2543	2597
2597	2543
2543	2598
2543	2599
2543	2600
2543	2601
2543	2602
2543	2604
2543	2605
2543	2606
2543	2607
2543	2608
2608	2543
2543	2609
2543	2611
2543	2615
2543	2619
2543	2623
2543	2624
2543	2625
2543	2629
2543	2630
2543	2631
2543	2638
2543	2642
2543	2643
2643	2543
2543	2646
2543	2649
2649	2543
2543	2654
2555	2547
2597	2547
2548	2558
2558	2548
2597	2551
2555	2567
2555	2582
2582	2555
2555	2589
2589	2555
2555	2592
2592	2555
2555	2594
2594	2555
2555	2597
2597	2555
2555	2598
2555	2599
2555	2608
2608	2555
2555	2609
2555	2617
2555	2629
2555	2642
2555	2643
2643	2555
2555	2649
2649	2555
2555	2653
2603	2557
2610	2557
2637	2557
2558	2614
2558	2618
2618	2558
2558	2621
2621	2558
2558	2632
2562	2618
2618	2562
2562	2656
2656	2562
2566	2610
2610	2566
2566	2612
2612	2566
2582	2567
2589	2567
2592	2567
2597	2567
2643	2567
2603	2568
2571	2594
2594	2571
2571	2597
2597	2571
2571	2598
2610	2581
2582	2588
2582	2598
2582	2616
2582	2629
2582	2643
2643	2582
2582	2649
2649	2582
2659	2583
2659	2585
2649	2588
2589	2594
2594	2589
2589	2598
2589	2608
2608	2589
2589	2616
2589	2617
2589	2649
2649	2589
2589	2653
2592	2597
2597	2592
2592	2598
2592	2608
2608	2592
2592	2609
2592	2617
2592	2629
2592	2643
2643	2592
2592	2652
2592	2653
2594	2598
2594	2617
2594	2649
2649	2594
2597	2598
2597	2608
2608	2597
2597	2609
2597	2629
2597	2642
2597	2643
2643	2597
2597	2649
2649	2597
2608	2598
2643	2598
2649	2598
2603	2610
2610	2603
2603	2617
2603	2652
2643	2605
2649	2605
2608	2617
2608	2629
2608	2649
2649	2608
2610	2612
2612	2610
2610	2616
2610	2637
2637	2610
2610	2641
2618	2614
2656	2614
2649	2616
2649	2617
2618	2628
2659	2626
2643	2629
2649	2629
2659	2633
2637	2642
2643	2642
2649	2642
2643	2649
2649	2643
2659	2645
2659	2647
2659	2648
2659	2657
2659	2658
2659	2660
2914	2661
2950	2661
3007	2661
3140	2661
3154	2661
3276	2661
2662	2716
2662	2724
2724	2662
2662	2728
2728	2662
2662	2737
2737	2662
2662	2753
2662	2783
2662	2804
2662	2830
2830	2662
2662	2951
2951	2662
2662	2984
2984	2662
2662	3002
3002	2662
2662	3019
3019	2662
2662	3027
3027	2662
2662	3051
2662	3107
3107	2662
2662	3118
3118	2662
2662	3152
2662	3154
3154	2662
2662	3162
3162	2662
2662	3168
3168	2662
2662	3177
3177	2662
2662	3191
3191	2662
2662	3192
2662	3198
2662	3206
2662	3207
3207	2662
2662	3233
3233	2662
2662	3274
2662	3291
2662	3316
2662	3346
3346	2662
2662	3353
2662	3366
3366	2662
2662	3397
2662	3412
3412	2662
2662	3415
3415	2662
2665	2675
2675	2665
2665	2711
2711	2665
2665	2716
2665	2730
2730	2665
2665	2753
2665	2781
2665	2791
2665	2843
2843	2665
2665	2844
2844	2665
2665	2914
2914	2665
2665	2921
2921	2665
2665	2942
2665	2951
2951	2665
2665	2955
2955	2665
2665	2984
2984	2665
2665	2989
2665	2999
2665	3017
2665	3020
2665	3027
3027	2665
2665	3035
2665	3082
2665	3107
3107	2665
2665	3136
3136	2665
2665	3140
3140	2665
2665	3151
3151	2665
2665	3198
2665	3214
2665	3224
2665	3240
2665	3248
2665	3249
3249	2665
2665	3253
3253	2665
2665	3259
2665	3263
2665	3274
2665	3299
2665	3326
3326	2665
2665	3327
2665	3328
2665	3330
2665	3337
3337	2665
2665	3342
2665	3345
2665	3386
2665	3395
3395	2665
2665	3397
2665	3406
2665	3411
2711	2667
2921	2667
3050	2667
3087	2667
2668	2702
2702	2668
2668	2727
2668	2751
2751	2668
2668	2772
2772	2668
2668	2795
2795	2668
2668	2832
2668	2946
2668	2958
2668	3038
2668	3043
3043	2668
2668	3048
3048	2668
2668	3093
3093	2668
2668	3110
2668	3117
2668	3134
3134	2668
2668	3138
2668	3140
3140	2668
2668	3154
3154	2668
2668	3177
3177	2668
2668	3178
2668	3204
2668	3215
2668	3256
3256	2668
2668	3276
3276	2668
2668	3279
3279	2668
2668	3291
2668	3305
2668	3307
3307	2668
2668	3321
2668	3341
2668	3357
2668	3374
2668	3380
3380	2668
2671	2721
2671	2824
2671	2962
2962	2671
2671	3077
3077	2671
2671	3091
3255	2672
2772	2674
3140	2674
2675	2686
2686	2675
2675	2702
2702	2675
2675	2730
2730	2675
2675	2781
2675	2833
2675	2843
2843	2675
2675	2871
2871	2675
2675	2904
2675	2914
2914	2675
2675	2932
2932	2675
2675	2955
2955	2675
2675	2999
2675	3087
3087	2675
2675	3107
3107	2675
2675	3132
2675	3136
3136	2675
2675	3150
2675	3154
3154	2675
2675	3171
3171	2675
2675	3187
3187	2675
2675	3189
3189	2675
2675	3196
3196	2675
2675	3198
2675	3219
3219	2675
2675	3253
3253	2675
2675	3256
3256	2675
2675	3259
2675	3264
3264	2675
2675	3327
2675	3330
2675	3337
3337	2675
2675	3341
2675	3369
3369	2675
2675	3395
3395	2675
2675	3404
3404	2675
2675	3411
3103	2677
3420	2677
2682	2692
2682	2724
2724	2682
2682	2737
2737	2682
2682	2775
2775	2682
2682	2900
2900	2682
2682	3001
3001	2682
2682	3018
3018	2682
2682	3019
3019	2682
2682	3068
3068	2682
2682	3100
3100	2682
2682	3168
3168	2682
2682	3233
3233	2682
2682	3295
3295	2682
2682	3334
3334	2682
2682	3366
3366	2682
2737	2684
2775	2684
2685	2724
2724	2685
2685	2865
2865	2685
2685	2957
2957	2685
2685	3011
2685	3061
3061	2685
2685	3081
3081	2685
2685	3136
3136	2685
2685	3263
2685	3279
3279	2685
2685	3345
2685	3405
3405	2685
2686	2702
2702	2686
2686	2871
2871	2686
2686	2932
2932	2686
2686	2950
2950	2686
2686	3002
3002	2686
2686	3034
2686	3075
3075	2686
2686	3107
3107	2686
2686	3111
2686	3115
2686	3136
3136	2686
2686	3189
3189	2686
2686	3196
3196	2686
2686	3198
2686	3217
2686	3219
3219	2686
2686	3256
3256	2686
2686	3259
2686	3264
3264	2686
2686	3337
3337	2686
2686	3395
3395	2686
2686	3404
3404	2686
2914	2687
3086	2688
2723	2690
2730	2690
2844	2690
2871	2690
2921	2690
2996	2690
3018	2690
3100	2690
3196	2690
3365	2690
3395	2690
2951	2692
3162	2692
3233	2692
3069	2693
3156	2693
2696	2697
2697	2696
2696	2735
2696	2751
2751	2696
2696	2784
2696	2820
2820	2696
2696	2870
2870	2696
2696	2934
2934	2696
2696	3001
3001	2696
2696	3107
3107	2696
2696	3140
3140	2696
2696	3186
3186	2696
2696	3244
3244	2696
2696	3246
3246	2696
2696	3248
2696	3274
2696	3275
2696	3295
3295	2696
2696	3360
2697	2820
2820	2697
2697	2870
2870	2697
2697	2934
2934	2697
2697	2962
2962	2697
2697	2992
2697	3001
3001	2697
2697	3186
3186	2697
2697	3244
3244	2697
2697	3246
3246	2697
2697	3275
2697	3288
2697	3292
2697	3295
3295	2697
2697	3373
2957	2700
3067	2700
3253	2700
2702	2739
2739	2702
2702	2748
2702	2859
2702	2871
2871	2702
2702	2954
2702	3027
3027	2702
2702	3034
2702	3107
3107	2702
2702	3136
3136	2702
2702	3189
3189	2702
2702	3198
2702	3211
2702	3219
3219	2702
2702	3236
3236	2702
2702	3275
2702	3323
3323	2702
2702	3330
2702	3337
3337	2702
2702	3341
2702	3395
3395	2702
2957	2707
3019	2707
3062	2707
2845	2708
2995	2708
2772	2709
2795	2709
3307	2709
2711	2714
2711	2723
2723	2711
2711	2724
2724	2711
2711	2748
2711	2758
2758	2711
2711	2779
2779	2711
2711	2825
2825	2711
2711	2829
2829	2711
2711	2881
2711	2921
2921	2711
2711	2923
2711	2942
2711	2951
2951	2711
2711	2989
2711	3009
2711	3019
3019	2711
2711	3062
3062	2711
2711	3077
3077	2711
2711	3118
3118	2711
2711	3162
3162	2711
2711	3177
3177	2711
2711	3198
2711	3207
3207	2711
2711	3233
3233	2711
2711	3285
3285	2711
2711	3296
2711	3366
3366	2711
2711	3412
3412	2711
2950	2712
3415	2712
2713	2728
2728	2713
2713	2729
2713	2951
2951	2713
2713	2990
2990	2713
2713	3007
3007	2713
2713	3038
2713	3077
3077	2713
2713	3082
2713	3086
3086	2713
2713	3103
3103	2713
2713	3106
2713	3120
2713	3154
3154	2713
2713	3176
3176	2713
2713	3207
3207	2713
2713	3223
3223	2713
2713	3224
2713	3240
2713	3241
3241	2713
2713	3252
2713	3285
3285	2713
2713	3291
2713	3321
2713	3344
2713	3371
3371	2713
2713	3391
2713	3406
2713	3410
3410	2713
2713	3412
3412	2713
2713	3420
3420	2713
2715	2723
2723	2715
2715	2747
2747	2715
2715	2787
2715	2831
2831	2715
2715	2832
2715	2844
2844	2715
2715	2859
2715	2863
2715	2865
2865	2715
2715	2868
2715	2881
2715	2901
2715	2936
2715	3027
3027	2715
2715	3050
3050	2715
2715	3087
3087	2715
2715	3146
2715	3171
3171	2715
2715	3187
3187	2715
2715	3208
2715	3214
2715	3256
3256	2715
2715	3259
2715	3264
3264	2715
2715	3276
3276	2715
2715	3291
2715	3312
3312	2715
2715	3330
2715	3347
2715	3365
3365	2715
2715	3393
3393	2715
2730	2716
2830	2716
2844	2716
2845	2716
2914	2716
2951	2716
2984	2716
2990	2716
3002	2716
3007	2716
3027	2716
3077	2716
3107	2716
3140	2716
3154	2716
3191	2716
3276	2716
3385	2716
2718	2758
2758	2718
2718	2832
2718	2843
2843	2718
2718	2883
2718	2901
2718	2932
2932	2718
2718	2955
2955	2718
2718	3032
3032	2718
2718	3043
3043	2718
2718	3076
2718	3081
3081	2718
2718	3087
3087	2718
2718	3107
3107	2718
2718	3115
2718	3136
3136	2718
2718	3167
3167	2718
2718	3173
2718	3187
3187	2718
2718	3196
3196	2718
2718	3198
2718	3236
3236	2718
2718	3253
3253	2718
2718	3255
3255	2718
2718	3256
3256	2718
2718	3263
2718	3264
3264	2718
2718	3296
2718	3330
2718	3331
2718	3335
2718	3350
2718	3369
3369	2718
2718	3385
3385	2718
2718	3396
2718	3402
2718	3418
3418	2718
3100	2719
2932	2720
2984	2720
3002	2720
3087	2720
3140	2720
3154	2720
3160	2720
3191	2720
2962	2721
3077	2721
2723	2787
2723	2836
2723	2901
2723	3009
2723	3027
3027	2723
2723	3215
2723	3291
2723	3383
2724	2728
2728	2724
2724	2730
2730	2724
2724	2737
2737	2724
2724	2739
2739	2724
2724	2758
2758	2724
2724	2775
2775	2724
2724	2779
2779	2724
2724	2829
2829	2724
2724	2830
2830	2724
2724	2845
2845	2724
2724	2865
2865	2724
2724	2892
2892	2724
2724	2921
2921	2724
2724	2934
2934	2724
2724	2947
2947	2724
2724	2951
2951	2724
2724	2957
2957	2724
2724	3001
3001	2724
2724	3002
3002	2724
2724	3011
2724	3018
3018	2724
2724	3019
3019	2724
2724	3051
2724	3061
3061	2724
2724	3062
3062	2724
2724	3068
3068	2724
2724	3069
3069	2724
2724	3077
3077	2724
2724	3081
3081	2724
2724	3086
3086	2724
2724	3100
3100	2724
2724	3118
3118	2724
2724	3133
2724	3154
3154	2724
2724	3162
3162	2724
2724	3168
3168	2724
2724	3176
3176	2724
2724	3177
3177	2724
2724	3186
3186	2724
2724	3191
3191	2724
2724	3203
3203	2724
2724	3207
3207	2724
2724	3210
3210	2724
2724	3221
2724	3223
3223	2724
2724	3233
3233	2724
2724	3253
3253	2724
2724	3263
2724	3266
3266	2724
2724	3273
3273	2724
2724	3285
3285	2724
2724	3295
3295	2724
2724	3308
3308	2724
2724	3332
2724	3334
3334	2724
2724	3346
3346	2724
2724	3356
3356	2724
2724	3359
3359	2724
2724	3366
3366	2724
2724	3370
2724	3379
3379	2724
2724	3405
3405	2724
2724	3412
3412	2724
2724	3415
3415	2724
2795	2727
3048	2727
3100	2727
3140	2727
2728	2730
2730	2728
2728	2829
2829	2728
2728	2830
2830	2728
2728	2951
2951	2728
2728	2990
2990	2728
2728	3002
3002	2728
2728	3007
3007	2728
2728	3018
3018	2728
2728	3019
3019	2728
2728	3077
3077	2728
2728	3086
3086	2728
2728	3103
3103	2728
2728	3154
3154	2728
2728	3162
3162	2728
2728	3168
3168	2728
2728	3171
3171	2728
2728	3176
3176	2728
2728	3207
3207	2728
2728	3233
3233	2728
2728	3241
3241	2728
2728	3273
3273	2728
2728	3279
3279	2728
2728	3285
3285	2728
2728	3295
3295	2728
2728	3319
2728	3346
3346	2728
2728	3356
3356	2728
2728	3359
3359	2728
2728	3366
3366	2728
2728	3371
3371	2728
2728	3379
3379	2728
2728	3410
3410	2728
2728	3412
3412	2728
2728	3420
3420	2728
3279	2729
2730	2737
2737	2730
2730	2739
2739	2730
2730	2758
2758	2730
2730	2768
2768	2730
2730	2781
2730	2783
2730	2801
2801	2730
2730	2812
2730	2816
2816	2730
2730	2819
2730	2843
2843	2730
2730	2844
2844	2730
2730	2863
2730	2865
2865	2730
2730	2871
2871	2730
2730	2918
2918	2730
2730	2932
2932	2730
2730	2938
2730	2941
2730	2947
2947	2730
2730	2951
2951	2730
2730	2955
2955	2730
2730	2958
2730	2996
2996	2730
2730	2999
2730	3002
3002	2730
2730	3016
2730	3018
3018	2730
2730	3019
3019	2730
2730	3032
3032	2730
2730	3043
3043	2730
2730	3062
3062	2730
2730	3077
3077	2730
2730	3082
2730	3086
3086	2730
2730	3087
3087	2730
2730	3097
2730	3100
3100	2730
2730	3110
2730	3118
3118	2730
2730	3136
3136	2730
2730	3138
2730	3154
3154	2730
2730	3162
3162	2730
2730	3167
3167	2730
2730	3168
3168	2730
2730	3177
3177	2730
2730	3187
3187	2730
2730	3189
3189	2730
2730	3191
3191	2730
2730	3196
3196	2730
2730	3207
3207	2730
2730	3210
3210	2730
2730	3211
2730	3214
2730	3215
2730	3219
3219	2730
2730	3221
2730	3233
3233	2730
2730	3244
3244	2730
2730	3253
3253	2730
2730	3255
3255	2730
2730	3256
3256	2730
2730	3264
3264	2730
2730	3289
2730	3295
3295	2730
2730	3302
2730	3307
3307	2730
2730	3312
3312	2730
2730	3327
2730	3341
2730	3342
2730	3346
3346	2730
2730	3359
3359	2730
2730	3365
3365	2730
2730	3366
3366	2730
2730	3369
3369	2730
2730	3385
3385	2730
2730	3395
3395	2730
2730	3403
2730	3412
3412	2730
2730	3420
3420	2730
3027	2734
3077	2734
3186	2734
2844	2735
2914	2735
2932	2735
2951	2735
2996	2735
3075	2735
3140	2735
3244	2735
3307	2735
3385	2735
3418	2735
2737	2775
2775	2737
2737	2796
2737	2845
2845	2737
2737	2869
2737	2892
2892	2737
2737	2937
2737	2991
2737	3019
3019	2737
2737	3051
2737	3154
3154	2737
2737	3160
3160	2737
2737	3204
2737	3233
3233	2737
2737	3273
3273	2737
2737	3298
3168	2738
2739	2829
2829	2739
2739	2830
2830	2739
2739	2871
2871	2739
2739	2951
2951	2739
2739	2954
2739	3002
3002	2739
2739	3019
3019	2739
2739	3050
3050	2739
2739	3062
3062	2739
2739	3068
3068	2739
2739	3069
3069	2739
2739	3118
3118	2739
2739	3140
3140	2739
2739	3162
3162	2739
2739	3168
3168	2739
2739	3191
3191	2739
2739	3233
3233	2739
2739	3240
2739	3273
3273	2739
2739	3292
2739	3326
3326	2739
2739	3346
3346	2739
2739	3366
3366	2739
2739	3379
3379	2739
2739	3410
3410	2739
2739	3415
3415	2739
2739	3420
3420	2739
3007	2742
3027	2742
3140	2742
3160	2742
3199	2742
2744	2762
2744	2772
2772	2744
2744	2825
2825	2744
2744	2843
2843	2744
2744	2865
2865	2744
2744	3156
3156	2744
2744	3255
3255	2744
2744	3256
3256	2744
2744	3365
3365	2744
2744	3369
3369	2744
2744	3385
3385	2744
2747	2787
2747	2831
2831	2747
2747	2832
2747	2863
2747	2865
2865	2747
2747	2901
2747	3050
3050	2747
2747	3173
2747	3302
2747	3312
3312	2747
2747	3365
3365	2747
2751	2748
2772	2748
2950	2748
3107	2748
3124	2748
3140	2748
3154	2748
3160	2748
2751	2772
2772	2751
2751	2841
2751	2868
2751	2878
2878	2751
2751	2901
2751	2913
2751	2946
2751	3017
2751	3035
2751	3038
2751	3043
3043	2751
2751	3093
3093	2751
2751	3113
2751	3115
2751	3117
2751	3124
3124	2751
2751	3140
3140	2751
2751	3150
2751	3177
3177	2751
2751	3198
2751	3204
2751	3215
2751	3224
2751	3291
2751	3302
2751	3321
2751	3335
2751	3342
2751	3353
2751	3357
2751	3380
3380	2751
2962	2752
3019	2753
3075	2753
3140	2753
3154	2753
3160	2753
2758	2780
2758	2784
2758	2801
2801	2758
2758	2813
2758	2816
2816	2758
2758	2843
2843	2758
2758	2856
2758	2865
2865	2758
2758	2918
2918	2758
2758	2932
2932	2758
2758	2951
2951	2758
2758	2955
2955	2758
2758	2964
2758	3019
3019	2758
2758	3032
3032	2758
2758	3081
3081	2758
2758	3087
3087	2758
2758	3136
3136	2758
2758	3154
3154	2758
2758	3162
3162	2758
2758	3167
3167	2758
2758	3187
3187	2758
2758	3196
3196	2758
2758	3198
2758	3219
3219	2758
2758	3233
3233	2758
2758	3236
3236	2758
2758	3253
3253	2758
2758	3255
3255	2758
2758	3256
3256	2758
2758	3259
2758	3264
3264	2758
2758	3285
3285	2758
2758	3307
3307	2758
2758	3330
2758	3341
2758	3365
3365	2758
2758	3366
3366	2758
2758	3369
3369	2758
2758	3385
3385	2758
2758	3412
3412	2758
2820	2759
3027	2762
3140	2762
3255	2762
3279	2762
3380	2762
3385	2762
3007	2765
2768	2813
2768	2865
2865	2768
2768	2918
2918	2768
2768	2921
2921	2768
2768	2951
2951	2768
2768	2973
2768	3002
3002	2768
2768	3017
2768	3020
2768	3034
2768	3072
2768	3077
3077	2768
2768	3097
2768	3118
3118	2768
2768	3151
3151	2768
2768	3242
2768	3263
2768	3274
2768	3276
3276	2768
2768	3287
2768	3299
2768	3302
2768	3313
2768	3353
2768	3403
2768	3409
3409	2768
2772	2785
2772	2803
2772	2831
2831	2772
2772	2895
2772	2958
2772	2996
2996	2772
2772	3017
2772	3027
3027	2772
2772	3075
3075	2772
2772	3093
3093	2772
2772	3107
3107	2772
2772	3192
2772	3214
2772	3221
2772	3242
2772	3256
3256	2772
2772	3274
2772	3296
2772	3313
2772	3319
2772	3328
2772	3342
2772	3349
2772	3357
2772	3374
2772	3406
2772	3411
2775	2845
2845	2775
2775	2881
2775	2892
2892	2775
2775	2947
2947	2775
2775	2951
2951	2775
2775	2962
2962	2775
2775	2995
2995	2775
2775	3001
3001	2775
2775	3002
3002	2775
2775	3018
3018	2775
2775	3019
3019	2775
2775	3051
2775	3062
3062	2775
2775	3162
3162	2775
2775	3168
3168	2775
2775	3186
3186	2775
2775	3233
3233	2775
2775	3273
3273	2775
2775	3295
3295	2775
2775	3346
3346	2775
2775	3366
3366	2775
2921	2778
3100	2778
3118	2778
3199	2778
3366	2778
2779	2829
2829	2779
2779	2951
2951	2779
2779	3019
3019	2779
2779	3068
3068	2779
2779	3069
3069	2779
2779	3077
3077	2779
2779	3086
3086	2779
2779	3162
3162	2779
2779	3177
3177	2779
2779	3207
3207	2779
2779	3233
3233	2779
2779	3285
3285	2779
2779	3356
3356	2779
2779	3366
3366	2779
2779	3412
3412	2779
2779	3420
3420	2779
2795	2780
2871	2780
2950	2780
3048	2780
3136	2780
3219	2780
3233	2780
3256	2780
3279	2780
3307	2780
3395	2780
3027	2781
3100	2781
3136	2781
3151	2781
3326	2781
3366	2781
2932	2783
2955	2783
2984	2783
3027	2783
3087	2783
3255	2783
3369	2783
3385	2783
3395	2783
3136	2784
3219	2784
3365	2784
3409	2784
3067	2785
3081	2785
3233	2785
3249	2785
2825	2787
2892	2787
2932	2787
3027	2787
3087	2787
3253	2787
3256	2787
3312	2787
3369	2787
3379	2787
3380	2787
3395	2787
3203	2790
2844	2791
2950	2791
3136	2791
2795	2793
2950	2793
3007	2793
3027	2793
3103	2793
3136	2793
3140	2793
3154	2793
3160	2793
3191	2793
3253	2793
2795	2813
2795	2832
2795	2904
2795	3020
2795	3046
2795	3048
3048	2795
2795	3050
3050	2795
2795	3110
2795	3138
2795	3148
2795	3178
2795	3211
2795	3254
2795	3296
2795	3307
3307	2795
2795	3353
2795	3374
2795	3385
3385	2795
2921	2796
3199	2796
2845	2797
2995	2797
2801	2865
2865	2801
2801	3032
3032	2801
2801	3167
3167	2801
2801	3221
2801	3255
3255	2801
2801	3256
3256	2801
2801	3365
3365	2801
3154	2802
2996	2803
3048	2803
3100	2803
3124	2803
3140	2803
3196	2803
3256	2803
3380	2803
3418	2803
2984	2804
3236	2810
3162	2811
2843	2812
3087	2812
3140	2812
3187	2812
3249	2812
3256	2812
3273	2812
3365	2812
3393	2812
2951	2813
3002	2813
3136	2813
3171	2813
3177	2813
3365	2813
3393	2813
3409	2813
2816	2843
2843	2816
2816	2865
2865	2816
2816	3087
3087	2816
2816	3152
2816	3187
3187	2816
2816	3256
3256	2816
2816	3264
3264	2816
2816	3369
3369	2816
3067	2818
3276	2818
2996	2819
3140	2819
3307	2819
3346	2819
3385	2819
2820	2870
2870	2820
2820	2934
2934	2820
2820	2962
2962	2820
2820	3001
3001	2820
2820	3190
2820	3233
3233	2820
2820	3244
3244	2820
2820	3246
3246	2820
2820	3275
2820	3292
2820	3295
3295	2820
2831	2822
2845	2823
3118	2823
2962	2824
3077	2824
2825	2844
2844	2825
2825	2868
2825	2921
2921	2825
2825	2942
2825	2951
2951	2825
2825	2989
2825	3027
3027	2825
2825	3075
3075	2825
2825	3156
3156	2825
2825	3177
3177	2825
2825	3198
2825	3256
3256	2825
2825	3365
3365	2825
2825	3385
3385	2825
2825	3431
3027	2828
2829	2951
2951	2829
2829	3001
3001	2829
2829	3019
3019	2829
2829	3062
3062	2829
2829	3068
3068	2829
2829	3069
3069	2829
2829	3077
3077	2829
2829	3086
3086	2829
2829	3154
3154	2829
2829	3162
3162	2829
2829	3168
3168	2829
2829	3176
3176	2829
2829	3177
3177	2829
2829	3207
3207	2829
2829	3233
3233	2829
2829	3241
3241	2829
2829	3285
3285	2829
2829	3295
3295	2829
2829	3334
3334	2829
2829	3356
3356	2829
2829	3366
3366	2829
2829	3412
3412	2829
2830	2951
2951	2830
2830	2990
2990	2830
2830	2992
2830	3002
3002	2830
2830	3019
3019	2830
2830	3154
3154	2830
2830	3168
3168	2830
2830	3191
3191	2830
2830	3207
3207	2830
2830	3233
3233	2830
2830	3319
2830	3346
3346	2830
2830	3366
3366	2830
2830	3379
3379	2830
2830	3412
3412	2830
2830	3434
2831	2832
2831	2863
2831	2865
2865	2831
2831	2901
2831	2996
2996	2831
2831	3050
3050	2831
2831	3124
3124	2831
2831	3214
2831	3256
3256	2831
2831	3312
3312	2831
2831	3326
3326	2831
2831	3365
3365	2831
2831	3393
3393	2831
3027	2832
3050	2832
3124	2832
3171	2832
3256	2832
3276	2832
3312	2832
2914	2833
3154	2833
3253	2833
3176	2834
3019	2836
3140	2836
3002	2840
3118	2840
3081	2841
3171	2841
3255	2841
2843	2865
2865	2843
2843	2918
2918	2843
2843	2932
2932	2843
2843	2955
2955	2843
2843	3032
3032	2843
2843	3087
3087	2843
2843	3136
3136	2843
2843	3154
3154	2843
2843	3156
3156	2843
2843	3187
3187	2843
2843	3196
3196	2843
2843	3198
2843	3236
3236	2843
2843	3255
3255	2843
2843	3256
3256	2843
2843	3264
3264	2843
2843	3365
3365	2843
2843	3369
3369	2843
2843	3385
3385	2843
2843	3402
2844	2871
2871	2844
2844	2878
2878	2844
2844	2881
2844	2894
2844	2904
2844	2951
2951	2844
2844	3017
2844	3027
3027	2844
2844	3034
2844	3072
2844	3075
3075	2844
2844	3087
3087	2844
2844	3101
2844	3140
3140	2844
2844	3144
3144	2844
2844	3211
2844	3274
2844	3365
3365	2844
2844	3385
3385	2844
2844	3395
3395	2844
2845	2892
2892	2845
2845	2937
2845	2951
2951	2845
2845	3002
3002	2845
2845	3019
3019	2845
2845	3051
2845	3060
2845	3076
2845	3118
3118	2845
2845	3172
2845	3186
3186	2845
2845	3261
2845	3263
2845	3287
2845	3295
3295	2845
2845	3298
2845	3396
2845	3403
2914	2846
3144	2847
3162	2847
3255	2847
3307	2847
2996	2848
3203	2848
3405	2848
3027	2849
3415	2853
2996	2856
2921	2858
3075	2858
3404	2858
2984	2859
3002	2859
3027	2859
3075	2859
3107	2859
3140	2859
3365	2859
2860	3019
3019	2860
2860	3168
3168	2860
3050	2863
3124	2863
3151	2863
3154	2863
3171	2863
3187	2863
3256	2863
3365	2863
3380	2863
2865	2918
2918	2865
2865	2932
2932	2865
2865	2955
2955	2865
2865	2979
2865	3020
2865	3032
3032	2865
2865	3050
3050	2865
2865	3061
3061	2865
2865	3081
3081	2865
2865	3087
3087	2865
2865	3124
3124	2865
2865	3156
3156	2865
2865	3167
3167	2865
2865	3187
3187	2865
2865	3196
3196	2865
2865	3236
3236	2865
2865	3253
3253	2865
2865	3256
3256	2865
2865	3263
2865	3264
3264	2865
2865	3312
3312	2865
2865	3365
3365	2865
2865	3369
3369	2865
2865	3385
3385	2865
2865	3393
3393	2865
2865	3402
3002	2868
3077	2868
2950	2869
3199	2869
2870	2934
2934	2870
2870	2990
2990	2870
2870	3001
3001	2870
2870	3002
3002	2870
2870	3009
2870	3017
2870	3077
3077	2870
2870	3107
3107	2870
2870	3154
3154	2870
2870	3177
3177	2870
2870	3186
3186	2870
2870	3244
3244	2870
2870	3246
3246	2870
2870	3275
2870	3295
3295	2870
2870	3347
2870	3359
3359	2870
2870	3406
2871	2875
2871	2881
2871	2932
2932	2871
2871	2950
2950	2871
2871	2955
2955	2871
2871	3002
3002	2871
2871	3038
2871	3043
3043	2871
2871	3062
3062	2871
2871	3087
3087	2871
2871	3107
3107	2871
2871	3111
2871	3136
3136	2871
2871	3189
3189	2871
2871	3196
3196	2871
2871	3198
2871	3219
3219	2871
2871	3253
3253	2871
2871	3256
3256	2871
2871	3259
2871	3299
2871	3313
2871	3327
2871	3330
2871	3331
2871	3337
3337	2871
2871	3344
2871	3353
2871	3360
2871	3365
3365	2871
2871	3369
3369	2871
2871	3395
3395	2871
2871	3415
3415	2871
3043	2875
3144	2876
2878	2904
2878	3020
2878	3049
2878	3144
3144	2878
2878	3214
2878	3249
3249	2878
2878	3253
3253	2878
2878	3346
3346	2878
3007	2881
3019	2881
3124	2881
3199	2881
3233	2881
3273	2881
3365	2881
3366	2881
3395	2881
3027	2882
3124	2882
3043	2883
3223	2883
3385	2883
2892	2934
2934	2892
2892	2951
2951	2892
2892	2995
2995	2892
2892	3001
3001	2892
2892	3002
3002	2892
2892	3019
3019	2892
2892	3077
3077	2892
2892	3086
3086	2892
2892	3154
3154	2892
2892	3162
3162	2892
2892	3168
3168	2892
2892	3178
2892	3204
2892	3207
3207	2892
2892	3233
3233	2892
2892	3285
3285	2892
2892	3288
2892	3295
3295	2892
2892	3298
2892	3412
3412	2892
2892	3415
3415	2892
2892	3420
3420	2892
3124	2894
3253	2894
3027	2895
3358	2895
2900	3019
3019	2900
2900	3077
3077	2900
2900	3154
3154	2900
2900	3162
3162	2900
2900	3207
3207	2900
2900	3233
3233	2900
2900	3356
3356	2900
2900	3366
3366	2900
2900	3412
3412	2900
2932	2901
2996	2901
3027	2901
3140	2901
3154	2901
3167	2901
3256	2901
3380	2901
3418	2901
2914	2904
3027	2904
3144	2904
3154	2904
3253	2904
2914	2951
2951	2914
2914	3013
2914	3038
2914	3072
2914	3101
2914	3117
2914	3132
2914	3136
3136	2914
2914	3140
3140	2914
2914	3150
2914	3154
3154	2914
2914	3179
2914	3188
2914	3194
2914	3203
3203	2914
2914	3209
2914	3214
2914	3253
3253	2914
2914	3256
3256	2914
2914	3276
3276	2914
2914	3279
3279	2914
2914	3302
2914	3320
2914	3321
2914	3342
2914	3360
2914	3361
2914	3380
3380	2914
2914	3397
2914	3409
3409	2914
2914	3411
2918	2932
2932	2918
2918	2955
2955	2918
2918	3032
3032	2918
2918	3087
3087	2918
2918	3167
3167	2918
2918	3173
2918	3187
3187	2918
2918	3196
3196	2918
2918	3236
3236	2918
2918	3255
3255	2918
2918	3256
3256	2918
2918	3264
3264	2918
2918	3369
3369	2918
2918	3385
3385	2918
3124	2920
2921	2942
2921	2951
2951	2921
2921	2955
2955	2921
2921	2984
2984	2921
2921	2989
2921	3002
3002	2921
2921	3009
2921	3017
2921	3018
3018	2921
2921	3034
2921	3075
3075	2921
2921	3107
3107	2921
2921	3198
2921	3204
2921	3214
2921	3221
2921	3249
3249	2921
2921	3256
3256	2921
2921	3259
2921	3263
2921	3299
2921	3342
2921	3345
2921	3346
3346	2921
2921	3353
2921	3360
2921	3397
2921	3406
2921	3411
3285	2923
3256	2926
3365	2926
2932	2938
2932	2955
2955	2932
2932	3016
2932	3087
3087	2932
2932	3107
3107	2932
2932	3111
2932	3136
3136	2932
2932	3187
3187	2932
2932	3189
3189	2932
2932	3196
3196	2932
2932	3198
2932	3219
3219	2932
2932	3236
3236	2932
2932	3253
3253	2932
2932	3255
3255	2932
2932	3256
3256	2932
2932	3264
3264	2932
2932	3299
2932	3330
2932	3337
3337	2932
2932	3358
3358	2932
2932	3369
3369	2932
2932	3385
3385	2932
2932	3395
3395	2932
2932	3404
3404	2932
2934	2962
2962	2934
2934	3001
3001	2934
2934	3002
3002	2934
2934	3075
3075	2934
2934	3077
3077	2934
2934	3171
3171	2934
2934	3186
3186	2934
2934	3244
3244	2934
2934	3246
3246	2934
2934	3275
2934	3295
3295	2934
2934	3370
2934	3385
3385	2934
3027	2936
3154	2936
3160	2936
2995	2937
2955	2938
3062	2938
3087	2938
3118	2938
3253	2938
3369	2938
3027	2939
2955	2941
3068	2941
3136	2942
3233	2942
3404	2942
2957	2946
2996	2946
3124	2946
3380	2946
2947	2951
2951	2947
2947	2962
2962	2947
2947	3001
3001	2947
2947	3019
3019	2947
2947	3062
3062	2947
2947	3100
3100	2947
2947	3154
3154	2947
2947	3162
3162	2947
2947	3168
3168	2947
2947	3177
3177	2947
2947	3233
3233	2947
2947	3273
3273	2947
2947	3331
2950	2976
2950	3035
2950	3060
2950	3070
2950	3075
3075	2950
2950	3076
2950	3087
3087	2950
2950	3101
2950	3107
3107	2950
2950	3113
2950	3115
2950	3116
2950	3144
3144	2950
2950	3150
2950	3152
2950	3172
2950	3182
2950	3185
2950	3189
3189	2950
2950	3191
3191	2950
2950	3198
2950	3219
3219	2950
2950	3246
3246	2950
2950	3256
3256	2950
2950	3258
2950	3259
2950	3261
2950	3272
2950	3280
2950	3320
2950	3321
2950	3331
2950	3335
2950	3351
2950	3357
2950	3360
2950	3395
3395	2950
2950	3411
2951	2955
2955	2951
2951	2984
2984	2951
2951	2989
2951	2990
2990	2951
2951	3001
3001	2951
2951	3002
3002	2951
2951	3007
3007	2951
2951	3016
2951	3017
2951	3018
3018	2951
2951	3019
3019	2951
2951	3020
2951	3034
2951	3038
2951	3051
2951	3075
3075	2951
2951	3077
3077	2951
2951	3082
2951	3086
3086	2951
2951	3087
3087	2951
2951	3097
2951	3100
3100	2951
2951	3103
3103	2951
2951	3106
2951	3107
3107	2951
2951	3118
3118	2951
2951	3120
2951	3150
2951	3154
3154	2951
2951	3159
2951	3162
3162	2951
2951	3168
3168	2951
2951	3171
3171	2951
2951	3176
3176	2951
2951	3191
3191	2951
2951	3196
3196	2951
2951	3198
2951	3203
3203	2951
2951	3207
3207	2951
2951	3214
2951	3219
3219	2951
2951	3224
2951	3233
3233	2951
2951	3240
2951	3241
3241	2951
2951	3252
2951	3253
3253	2951
2951	3259
2951	3263
2951	3264
3264	2951
2951	3274
2951	3285
3285	2951
2951	3291
2951	3295
3295	2951
2951	3299
2951	3313
2951	3321
2951	3330
2951	3342
2951	3344
2951	3345
2951	3346
3346	2951
2951	3353
2951	3359
3359	2951
2951	3360
2951	3366
3366	2951
2951	3379
3379	2951
2951	3391
2951	3397
2951	3404
3404	2951
2951	3406
2951	3410
3410	2951
2951	3411
2951	3412
3412	2951
2951	3415
3415	2951
2951	3421
3279	2954
2955	2999
2955	3018
3018	2955
2955	3032
3032	2955
2955	3067
3067	2955
2955	3087
3087	2955
2955	3136
3136	2955
2955	3187
3187	2955
2955	3196
3196	2955
2955	3219
3219	2955
2955	3221
2955	3236
3236	2955
2955	3253
3253	2955
2955	3255
3255	2955
2955	3256
3256	2955
2955	3264
3264	2955
2955	3289
2955	3327
2955	3337
3337	2955
2955	3342
2955	3346
3346	2955
2955	3369
3369	2955
2955	3385
3385	2955
2955	3395
3395	2955
2955	3397
2955	3402
2955	3403
2955	3404
3404	2955
2955	3419
2957	2964
2957	3011
2957	3061
3061	2957
2957	3081
3081	2957
2957	3196
3196	2957
2957	3254
2957	3263
2957	3308
3308	2957
3001	2958
3019	2958
3048	2958
3100	2958
3124	2958
3160	2958
3276	2958
3279	2958
3295	2958
2962	3001
3001	2962
2962	3077
3077	2962
2962	3091
2962	3244
3244	2962
2962	3273
3273	2962
2962	3295
3295	2962
2962	3302
2962	3373
3001	2964
3062	2964
3326	2964
3107	2965
3162	2965
3077	2968
3154	2973
3160	2973
3223	2973
3118	2976
3160	2976
3081	2979
3409	2979
2984	2992
2984	3027
3027	2984
2984	3107
3107	2984
2984	3118
3118	2984
2984	3191
3191	2984
2984	3192
2984	3206
2984	3223
3223	2984
2984	3263
2984	3274
2984	3291
2984	3316
2984	3353
2984	3377
3075	2989
3087	2989
3154	2989
3160	2989
3249	2989
2990	3007
3007	2990
2990	3154
3154	2990
2990	3191
3191	2990
2990	3207
3207	2990
2990	3241
3241	2990
2990	3412
3412	2990
3027	2992
3107	2992
3191	2992
3199	2992
2995	3051
2995	3061
3061	2995
2995	3062
3062	2995
2995	3168
3168	2995
2995	3170
2995	3233
3233	2995
2995	3272
2995	3273
3273	2995
2995	3397
2996	3027
3027	2996
2996	3038
2996	3097
2996	3117
2996	3136
3136	2996
2996	3140
3140	2996
2996	3190
2996	3196
3196	2996
2996	3201
2996	3214
2996	3224
2996	3275
2996	3277
2996	3279
3279	2996
2996	3291
2996	3302
2996	3307
3307	2996
2996	3321
2996	3330
2996	3341
2996	3342
2996	3345
2996	3346
3346	2996
2996	3351
2996	3385
3385	2996
2996	3406
2996	3431
3081	2997
3136	2999
3253	2999
3001	3019
3019	3001
3001	3062
3062	3001
3001	3154
3154	3001
3001	3159
3001	3162
3162	3001
3001	3168
3168	3001
3001	3178
3001	3207
3207	3001
3001	3223
3223	3001
3001	3233
3233	3001
3001	3244
3244	3001
3001	3245
3001	3246
3246	3001
3001	3273
3273	3001
3001	3295
3295	3001
3001	3331
3001	3356
3356	3001
3001	3373
3002	3007
3007	3002
3002	3019
3019	3002
3002	3027
3027	3002
3002	3034
3002	3051
3002	3072
3002	3076
3002	3077
3077	3002
3002	3082
3002	3086
3086	3002
3002	3087
3087	3002
3002	3089
3002	3100
3100	3002
3002	3113
3002	3118
3118	3002
3002	3150
3002	3154
3154	3002
3002	3162
3162	3002
3002	3168
3168	3002
3002	3176
3176	3002
3002	3177
3177	3002
3002	3186
3186	3002
3002	3191
3191	3002
3002	3207
3207	3002
3002	3214
3002	3221
3002	3224
3002	3233
3233	3002
3002	3249
3249	3002
3002	3263
3002	3273
3273	3002
3002	3287
3002	3291
3002	3295
3295	3002
3002	3323
3323	3002
3002	3329
3002	3341
3002	3346
3346	3002
3002	3353
3002	3356
3356	3002
3002	3359
3359	3002
3002	3366
3366	3002
3002	3379
3379	3002
3002	3385
3385	3002
3002	3395
3395	3002
3002	3397
3002	3403
3002	3412
3412	3002
3002	3420
3420	3002
3027	3005
3118	3005
3136	3005
3151	3005
3366	3005
3007	3101
3007	3154
3154	3007
3007	3188
3007	3191
3191	3007
3007	3241
3241	3007
3007	3247
3007	3252
3007	3344
3007	3371
3371	3007
3007	3412
3412	3007
3007	3420
3420	3007
3007	3434
3027	3009
3279	3009
3019	3011
3061	3011
3081	3011
3160	3011
3196	3011
3398	3011
3107	3015
3075	3016
3144	3016
3154	3016
3171	3016
3027	3017
3093	3017
3118	3017
3276	3017
3385	3017
3018	3019
3019	3018
3018	3035
3018	3086
3086	3018
3018	3100
3100	3018
3018	3103
3103	3018
3018	3136
3136	3018
3018	3154
3154	3018
3018	3162
3162	3018
3018	3168
3168	3018
3018	3233
3233	3018
3018	3248
3018	3259
3018	3277
3018	3295
3295	3018
3018	3307
3307	3018
3018	3337
3337	3018
3018	3346
3346	3018
3018	3366
3366	3018
3018	3412
3412	3018
3018	3419
3019	3024
3019	3051
3019	3062
3062	3019
3019	3068
3068	3019
3019	3076
3019	3077
3077	3019
3019	3079
3019	3086
3086	3019
3019	3100
3100	3019
3019	3113
3019	3118
3118	3019
3019	3133
3019	3154
3154	3019
3019	3160
3160	3019
3019	3162
3162	3019
3019	3168
3168	3019
3019	3176
3176	3019
3019	3177
3177	3019
3019	3186
3186	3019
3019	3203
3203	3019
3019	3207
3207	3019
3019	3210
3210	3019
3019	3233
3233	3019
3019	3273
3273	3019
3019	3285
3285	3019
3019	3295
3295	3019
3019	3306
3019	3331
3019	3346
3346	3019
3019	3350
3019	3356
3356	3019
3019	3359
3359	3019
3019	3366
3366	3019
3019	3377
3019	3379
3379	3019
3019	3380
3380	3019
3019	3386
3019	3412
3412	3019
3019	3415
3415	3019
3136	3020
3196	3020
3412	3020
3107	3024
3160	3024
3233	3024
3366	3024
3027	3038
3027	3051
3027	3072
3027	3097
3027	3101
3027	3107
3107	3027
3027	3113
3027	3116
3027	3117
3027	3136
3136	3027
3027	3140
3140	3027
3027	3150
3027	3152
3027	3192
3027	3198
3027	3214
3027	3217
3027	3253
3253	3027
3027	3274
3027	3291
3027	3292
3027	3296
3027	3302
3027	3313
3027	3326
3326	3027
3027	3341
3027	3347
3027	3353
3027	3366
3366	3027
3027	3380
3380	3027
3027	3395
3395	3027
3027	3403
3032	3140
3140	3032
3032	3167
3167	3032
3032	3187
3187	3032
3032	3196
3196	3032
3032	3236
3236	3032
3032	3253
3253	3032
3032	3255
3255	3032
3032	3256
3256	3032
3032	3259
3032	3264
3264	3032
3032	3365
3365	3032
3032	3385
3385	3032
3032	3397
3043	3034
3067	3034
3118	3034
3312	3034
3365	3034
3366	3034
3385	3034
3307	3035
3075	3038
3081	3038
3093	3038
3140	3038
3154	3038
3177	3038
3203	3038
3380	3038
3395	3038
3199	3039
3140	3041
3326	3041
3043	3093
3093	3043
3043	3097
3043	3110
3043	3248
3043	3313
3043	3357
3043	3360
3043	3369
3369	3043
3140	3046
3393	3046
3048	3138
3048	3178
3048	3185
3048	3208
3048	3276
3276	3048
3048	3342
3048	3374
3048	3431
3050	3171
3171	3050
3050	3214
3050	3256
3256	3050
3050	3296
3050	3312
3312	3050
3050	3335
3075	3051
3140	3051
3154	3051
3160	3051
3162	3051
3168	3051
3186	3051
3061	3057
3140	3060
3199	3060
3061	3081
3081	3061
3061	3263
3061	3266
3266	3061
3061	3308
3308	3061
3061	3398
3398	3061
3061	3405
3405	3061
3062	3069
3069	3062
3062	3100
3100	3062
3062	3154
3154	3062
3062	3162
3162	3062
3062	3168
3168	3062
3062	3177
3177	3062
3062	3219
3219	3062
3062	3233
3233	3062
3062	3289
3062	3295
3295	3062
3062	3306
3062	3331
3062	3343
3062	3366
3366	3062
3062	3373
3062	3395
3395	3062
3067	3079
3067	3089
3067	3157
3067	3164
3067	3189
3189	3067
3067	3261
3067	3327
3068	3086
3086	3068
3068	3154
3154	3068
3068	3162
3162	3068
3068	3168
3168	3068
3068	3176
3176	3068
3068	3366
3366	3068
3068	3412
3412	3068
3068	3415
3415	3068
3069	3088
3069	3140
3140	3069
3069	3154
3154	3069
3069	3162
3162	3069
3069	3168
3168	3069
3069	3191
3191	3069
3069	3334
3334	3069
3069	3366
3366	3069
3069	3397
3140	3070
3154	3070
3086	3072
3118	3072
3253	3072
3385	3072
3075	3097
3075	3198
3075	3313
3075	3323
3323	3075
3075	3357
3075	3397
3136	3076
3199	3076
3279	3076
3077	3086
3086	3077
3077	3091
3077	3103
3103	3077
3077	3118
3118	3077
3077	3125
3077	3154
3154	3077
3077	3162
3162	3077
3077	3168
3168	3077
3077	3176
3176	3077
3077	3177
3177	3077
3077	3203
3203	3077
3077	3207
3207	3077
3077	3223
3223	3077
3077	3233
3233	3077
3077	3241
3241	3077
3077	3244
3244	3077
3077	3253
3253	3077
3077	3263
3077	3273
3273	3077
3077	3285
3285	3077
3077	3295
3295	3077
3077	3342
3077	3356
3356	3077
3077	3361
3077	3366
3366	3077
3077	3371
3371	3077
3077	3373
3077	3410
3410	3077
3077	3412
3412	3077
3077	3415
3415	3077
3077	3420
3420	3077
3160	3079
3081	3138
3081	3196
3196	3081
3081	3208
3081	3259
3081	3263
3081	3266
3266	3081
3081	3308
3308	3081
3081	3341
3081	3365
3365	3081
3081	3398
3398	3081
3081	3405
3405	3081
3140	3082
3191	3082
3203	3082
3409	3082
3086	3103
3103	3086
3086	3136
3136	3086
3086	3154
3154	3086
3086	3162
3162	3086
3086	3168
3168	3086
3086	3176
3176	3086
3086	3177
3177	3086
3086	3207
3207	3086
3086	3233
3233	3086
3086	3241
3241	3086
3086	3263
3086	3285
3285	3086
3086	3295
3295	3086
3086	3346
3346	3086
3086	3356
3356	3086
3086	3366
3366	3086
3086	3371
3371	3086
3086	3379
3379	3086
3086	3410
3410	3086
3086	3412
3412	3086
3086	3420
3420	3086
3087	3107
3107	3087
3087	3136
3136	3087
3087	3187
3187	3087
3087	3196
3196	3087
3087	3219
3219	3087
3087	3236
3236	3087
3087	3249
3249	3087
3087	3253
3253	3087
3087	3255
3255	3087
3087	3256
3256	3087
3087	3264
3264	3087
3087	3289
3087	3296
3087	3299
3087	3313
3087	3321
3087	3327
3087	3337
3337	3087
3087	3338
3087	3358
3358	3087
3087	3365
3365	3087
3087	3369
3369	3087
3087	3385
3385	3087
3087	3395
3395	3087
3087	3404
3404	3087
3087	3406
3087	3427
3118	3089
3160	3089
3393	3089
3326	3090
3093	3154
3154	3093
3093	3171
3171	3093
3093	3177
3177	3093
3093	3204
3093	3274
3093	3291
3093	3342
3093	3357
3093	3380
3380	3093
3107	3097
3124	3097
3136	3097
3177	3097
3236	3097
3279	3097
3369	3099
3100	3111
3100	3118
3118	3100
3100	3145
3100	3154
3154	3100
3100	3162
3162	3100
3100	3168
3168	3100
3100	3179
3100	3182
3100	3233
3233	3100
3100	3295
3295	3100
3100	3320
3100	3337
3337	3100
3100	3346
3346	3100
3100	3350
3100	3366
3366	3100
3140	3101
3253	3101
3366	3101
3385	3101
3103	3136
3136	3103
3103	3150
3103	3176
3176	3103
3103	3207
3207	3103
3103	3241
3241	3103
3103	3285
3285	3103
3103	3359
3359	3103
3103	3371
3371	3103
3103	3410
3410	3103
3103	3412
3412	3103
3103	3420
3420	3103
3154	3106
3160	3106
3191	3106
3203	3106
3107	3117
3107	3154
3154	3107
3107	3186
3186	3107
3107	3187
3187	3107
3107	3198
3107	3215
3107	3219
3219	3107
3107	3242
3107	3246
3246	3107
3107	3263
3107	3275
3107	3288
3107	3291
3107	3313
3107	3323
3323	3107
3107	3330
3107	3337
3337	3107
3107	3340
3107	3341
3107	3342
3107	3343
3107	3379
3379	3107
3107	3395
3395	3107
3107	3403
3107	3421
3415	3109
3369	3110
3118	3111
3136	3111
3189	3111
3219	3111
3253	3111
3279	3111
3395	3111
3415	3111
3162	3113
3323	3113
3366	3113
3124	3115
3418	3116
3124	3117
3118	3145
3118	3160
3160	3118
3118	3162
3162	3118
3118	3168
3168	3118
3118	3172
3118	3233
3233	3118
3118	3263
3118	3287
3118	3295
3295	3118
3118	3320
3118	3332
3118	3353
3118	3366
3366	3118
3118	3377
3118	3379
3379	3118
3118	3386
3118	3396
3118	3403
3118	3412
3412	3118
3154	3120
3191	3120
3207	3120
3124	3173
3124	3185
3124	3196
3196	3124
3124	3205
3124	3215
3124	3256
3256	3124
3124	3312
3312	3124
3124	3335
3124	3365
3365	3124
3124	3380
3380	3124
3124	3393
3393	3124
3124	3418
3418	3124
3124	3419
3154	3132
3253	3132
3233	3133
3273	3133
3366	3133
3136	3171
3171	3136
3136	3187
3187	3136
3136	3189
3189	3136
3136	3196
3196	3136
3136	3198
3136	3214
3136	3219
3219	3136
3136	3233
3233	3136
3136	3253
3253	3136
3136	3256
3256	3136
3136	3259
3136	3264
3264	3136
3136	3279
3279	3136
3136	3282
3136	3327
3136	3330
3136	3331
3136	3335
3136	3337
3337	3136
3136	3340
3136	3341
3136	3365
3365	3136
3136	3369
3369	3136
3136	3379
3379	3136
3136	3385
3385	3136
3136	3395
3395	3136
3136	3409
3409	3136
3136	3419
3279	3138
3307	3138
3140	3145
3140	3154
3154	3140
3140	3161
3140	3177
3177	3140
3140	3179
3140	3182
3140	3194
3140	3203
3203	3140
3140	3214
3140	3219
3219	3140
3140	3225
3140	3240
3140	3255
3255	3140
3140	3275
3140	3277
3140	3291
3140	3302
3140	3313
3140	3320
3140	3321
3140	3331
3140	3335
3140	3341
3140	3342
3140	3345
3140	3353
3140	3360
3140	3378
3140	3379
3379	3140
3140	3380
3380	3140
3140	3386
3140	3393
3393	3140
3140	3397
3140	3406
3144	3162
3162	3144
3144	3214
3144	3235
3144	3255
3255	3144
3144	3328
3144	3346
3346	3144
3144	3360
3144	3431
3199	3145
3255	3145
3385	3145
3151	3150
3154	3150
3223	3150
3253	3150
3409	3150
3151	3214
3151	3312
3312	3151
3151	3326
3326	3151
3151	3327
3151	3406
3151	3409
3409	3151
3151	3431
3154	3160
3160	3154
3154	3162
3162	3154
3154	3168
3168	3154
3154	3177
3177	3154
3154	3179
3154	3188
3154	3191
3191	3154
3154	3207
3207	3154
3154	3223
3223	3154
3154	3233
3233	3154
3154	3240
3154	3252
3154	3253
3253	3154
3154	3256
3256	3154
3154	3277
3154	3288
3154	3291
3154	3295
3295	3154
3154	3321
3154	3334
3334	3154
3154	3344
3154	3346
3346	3154
3154	3355
3154	3366
3366	3154
3154	3370
3154	3371
3371	3154
3154	3379
3379	3154
3154	3380
3380	3154
3154	3386
3154	3391
3154	3397
3154	3411
3154	3412
3412	3154
3154	3415
3415	3154
3154	3434
3156	3187
3187	3156
3156	3255
3255	3156
3156	3256
3256	3156
3156	3264
3264	3156
3156	3365
3365	3156
3156	3369
3369	3156
3156	3385
3385	3156
3168	3159
3295	3159
3405	3159
3160	3186
3186	3160
3160	3240
3160	3298
3160	3344
3160	3350
3160	3355
3160	3360
3160	3386
3160	3397
3176	3161
3162	3168
3168	3162
3162	3176
3176	3162
3162	3177
3177	3162
3162	3191
3191	3162
3162	3203
3203	3162
3162	3207
3207	3162
3162	3233
3233	3162
3162	3255
3255	3162
3162	3273
3273	3162
3162	3285
3285	3162
3162	3295
3295	3162
3162	3302
3162	3306
3162	3331
3162	3334
3334	3162
3162	3346
3346	3162
3162	3356
3356	3162
3162	3359
3359	3162
3162	3366
3366	3162
3162	3379
3379	3162
3162	3412
3412	3162
3162	3415
3415	3162
3167	3177
3177	3167
3167	3210
3210	3167
3167	3236
3236	3167
3167	3255
3255	3167
3167	3256
3256	3167
3167	3365
3365	3167
3167	3369
3369	3167
3167	3385
3385	3167
3168	3176
3176	3168
3168	3177
3177	3168
3168	3179
3168	3191
3191	3168
3168	3207
3207	3168
3168	3233
3233	3168
3168	3273
3273	3168
3168	3295
3295	3168
3168	3331
3168	3346
3346	3168
3168	3366
3366	3168
3168	3379
3379	3168
3168	3405
3405	3168
3168	3412
3412	3168
3168	3415
3415	3168
3385	3169
3171	3208
3171	3214
3171	3312
3312	3171
3171	3404
3404	3171
3171	3431
3199	3172
3210	3173
3418	3173
3176	3207
3207	3176
3176	3223
3223	3176
3176	3225
3176	3233
3233	3176
3176	3241
3241	3176
3176	3285
3285	3176
3176	3295
3295	3176
3176	3356
3356	3176
3176	3366
3366	3176
3176	3412
3412	3176
3176	3420
3420	3176
3177	3186
3186	3177
3177	3203
3203	3177
3177	3204
3177	3207
3207	3177
3177	3233
3233	3177
3177	3241
3241	3177
3177	3273
3273	3177
3177	3285
3285	3177
3177	3291
3177	3295
3295	3177
3177	3366
3366	3177
3177	3380
3380	3177
3177	3412
3412	3177
3177	3415
3415	3177
3177	3420
3420	3177
3295	3178
3307	3178
3415	3178
3253	3179
3385	3185
3409	3185
3186	3191
3191	3186
3186	3233
3233	3186
3186	3246
3246	3186
3186	3295
3295	3186
3186	3320
3186	3350
3186	3386
3187	3196
3196	3187
3187	3240
3187	3249
3249	3187
3187	3253
3253	3187
3187	3255
3255	3187
3187	3256
3256	3187
3187	3264
3264	3187
3187	3337
3337	3187
3187	3365
3365	3187
3187	3369
3369	3187
3187	3385
3385	3187
3187	3402
3187	3404
3404	3187
3187	3408
3187	3425
3253	3188
3189	3198
3189	3219
3219	3189
3189	3259
3189	3331
3189	3369
3369	3189
3189	3395
3395	3189
3189	3406
3189	3415
3415	3189
3191	3203
3203	3191
3191	3223
3223	3191
3191	3233
3233	3191
3191	3240
3191	3258
3191	3291
3191	3313
3191	3320
3191	3344
3191	3355
3191	3359
3359	3191
3191	3366
3366	3191
3191	3379
3379	3191
3191	3393
3393	3191
3191	3412
3412	3191
3191	3434
3385	3192
3196	3221
3196	3236
3236	3196
3196	3253
3253	3196
3196	3255
3255	3196
3196	3256
3256	3196
3196	3264
3264	3196
3196	3289
3196	3327
3196	3330
3196	3365
3365	3196
3196	3369
3369	3196
3196	3385
3385	3196
3196	3402
3196	3403
3196	3418
3418	3196
3199	3198
3219	3198
3253	3198
3255	3198
3337	3198
3379	3198
3385	3198
3393	3198
3395	3198
3199	3259
3199	3280
3199	3320
3199	3330
3199	3331
3199	3337
3337	3199
3199	3358
3358	3199
3199	3378
3199	3434
3203	3208
3203	3210
3210	3203
3203	3224
3203	3233
3233	3203
3203	3240
3203	3275
3203	3291
3203	3299
3203	3313
3203	3321
3203	3342
3203	3345
3203	3366
3366	3203
3203	3395
3395	3203
3203	3406
3203	3421
3276	3205
3369	3205
3207	3223
3223	3207
3207	3233
3233	3207
3207	3241
3241	3207
3207	3252
3207	3273
3273	3207
3207	3285
3285	3207
3207	3295
3295	3207
3207	3350
3207	3356
3356	3207
3207	3359
3359	3207
3207	3366
3366	3207
3207	3371
3371	3207
3207	3410
3410	3207
3207	3412
3412	3207
3207	3420
3420	3207
3210	3233
3233	3210
3210	3302
3210	3313
3210	3346
3346	3210
3210	3366
3366	3210
3210	3411
3210	3415
3415	3210
3346	3211
3219	3214
3249	3214
3253	3214
3276	3214
3279	3214
3312	3214
3326	3214
3337	3214
3365	3214
3379	3214
3307	3215
3219	3255
3255	3219
3219	3256
3256	3219
3219	3259
3219	3330
3219	3331
3219	3337
3337	3219
3219	3340
3219	3341
3219	3342
3219	3365
3365	3219
3219	3369
3369	3219
3219	3379
3379	3219
3219	3385
3385	3219
3219	3395
3395	3219
3219	3404
3404	3219
3219	3409
3409	3219
3219	3415
3415	3219
3249	3221
3346	3221
3223	3241
3241	3223
3223	3244
3244	3223
3223	3285
3285	3223
3223	3342
3223	3366
3366	3223
3223	3371
3371	3223
3223	3406
3223	3410
3410	3223
3223	3412
3412	3223
3223	3420
3420	3223
3233	3240
3233	3244
3244	3233
3233	3273
3273	3233
3233	3285
3285	3233
3233	3295
3295	3233
3233	3302
3233	3335
3233	3346
3346	3233
3233	3356
3356	3233
3233	3359
3359	3233
3233	3366
3366	3233
3233	3370
3233	3379
3379	3233
3233	3412
3412	3233
3233	3415
3415	3233
3236	3253
3253	3236
3236	3256
3256	3236
3236	3264
3264	3236
3236	3359
3359	3236
3236	3369
3369	3236
3236	3385
3385	3236
3276	3240
3241	3285
3285	3241
3241	3371
3371	3241
3241	3410
3410	3241
3241	3412
3412	3241
3241	3420
3420	3241
3244	3246
3246	3244
3246	3275
3246	3295
3295	3246
3246	3321
3395	3248
3249	3346
3346	3249
3249	3421
3385	3252
3253	3255
3255	3253
3253	3256
3256	3253
3253	3264
3264	3253
3253	3289
3253	3327
3253	3345
3253	3369
3369	3253
3253	3385
3385	3253
3253	3404
3404	3253
3253	3411
3253	3431
3409	3254
3255	3256
3256	3255
3255	3264
3264	3255
3255	3369
3369	3255
3255	3385
3385	3255
3256	3263
3256	3264
3264	3256
3256	3274
3256	3312
3312	3256
3256	3338
3256	3358
3358	3256
3256	3365
3365	3256
3256	3369
3369	3256
3256	3376
3256	3385
3385	3256
3256	3393
3393	3256
3256	3397
3256	3401
3256	3402
3256	3418
3418	3256
3256	3425
3256	3427
3256	3429
3276	3259
3337	3259
3365	3259
3369	3259
3380	3259
3395	3259
3404	3259
3266	3263
3279	3263
3308	3263
3398	3263
3405	3263
3264	3337
3337	3264
3264	3358
3358	3264
3264	3365
3365	3264
3264	3369
3369	3264
3264	3385
3385	3264
3264	3402
3264	3404
3404	3264
3266	3308
3308	3266
3266	3398
3398	3266
3266	3405
3405	3266
3365	3267
3273	3295
3295	3273
3273	3346
3346	3273
3273	3366
3366	3273
3273	3373
3273	3412
3412	3273
3359	3275
3385	3275
3276	3299
3276	3340
3276	3343
3276	3353
3279	3305
3279	3326
3326	3279
3279	3353
3279	3374
3279	3395
3395	3279
3279	3432
3285	3356
3356	3285
3285	3366
3366	3285
3285	3371
3371	3285
3285	3410
3410	3285
3285	3420
3420	3285
3393	3288
3337	3291
3380	3291
3295	3331
3295	3334
3334	3295
3295	3346
3346	3295
3295	3356
3356	3295
3295	3366
3366	3295
3295	3412
3412	3295
3295	3415
3415	3295
3337	3296
3415	3296
3356	3302
3404	3304
3307	3341
3307	3374
3307	3406
3308	3398
3398	3308
3308	3405
3405	3308
3312	3365
3365	3312
3312	3393
3393	3312
3393	3319
3365	3321
3380	3321
3323	3397
3326	3327
3326	3342
3326	3393
3393	3326
3326	3395
3395	3326
3366	3327
3369	3327
3369	3328
3409	3329
3337	3330
3358	3330
3369	3330
3404	3330
3358	3331
3366	3331
3395	3331
3405	3331
3334	3366
3366	3334
3385	3335
3337	3369
3369	3337
3365	3340
3359	3341
3369	3341
3393	3344
3346	3361
3346	3366
3366	3346
3346	3379
3379	3346
3346	3415
3415	3346
3346	3421
3366	3347
3385	3353
3356	3366
3366	3356
3356	3412
3412	3356
3358	3369
3369	3358
3358	3385
3385	3358
3359	3366
3366	3359
3359	3412
3412	3359
3415	3360
3365	3369
3369	3365
3365	3385
3385	3365
3365	3393
3393	3365
3365	3395
3395	3365
3365	3397
3365	3429
3366	3370
3366	3379
3379	3366
3366	3403
3366	3412
3412	3366
3366	3415
3415	3366
3369	3385
3385	3369
3369	3395
3395	3369
3371	3410
3410	3371
3371	3412
3412	3371
3371	3420
3420	3371
3379	3412
3412	3379
3395	3403
3395	3406
3395	3415
3415	3395
3398	3405
3405	3398
3409	3406
3410	3412
3412	3410
3410	3420
3420	3410
3412	3420
3420	3412
3494	3437
3534	3437
3539	3437
3551	3437
3554	3437
3555	3437
3564	3437
3566	3437
3567	3437
3568	3437
3617	3437
3645	3437
3680	3437
3690	3437
3719	3437
3721	3437
3763	3437
3766	3437
3770	3437
3771	3437
3777	3437
3782	3437
3791	3437
3819	3437
3823	3437
3825	3437
3834	3437
3895	3437
3912	3437
3945	3437
3791	3442
3554	3443
3645	3443
3819	3445
3721	3449
3719	3458
3534	3459
3564	3459
3645	3459
3763	3459
3770	3459
3782	3459
3825	3459
3945	3459
3568	3460
3782	3460
3945	3460
3555	3463
3680	3463
3554	3464
3617	3464
3680	3464
3777	3464
3823	3464
3895	3464
3945	3464
3554	3466
3680	3466
3945	3466
3534	3468
3568	3468
3645	3468
3680	3468
3777	3468
3782	3468
3823	3468
3945	3468
3554	3469
3825	3469
3945	3469
3567	3473
3819	3473
3912	3473
3554	3474
3823	3474
3945	3474
3766	3478
3791	3478
3617	3483
3690	3483
3782	3483
3895	3483
3568	3484
3680	3486
3551	3487
3566	3487
3825	3489
3771	3490
3680	3493
3719	3493
3494	3583
3494	3690
3690	3494
3494	3705
3721	3495
3551	3496
3534	3499
3564	3499
3617	3499
3680	3499
3690	3499
3719	3499
3825	3499
3834	3499
3766	3500
3791	3500
3721	3501
3551	3504
3534	3506
3555	3506
3568	3506
3680	3506
3690	3506
3895	3506
3554	3507
3555	3507
3690	3507
3823	3507
3791	3508
3554	3510
3945	3510
3555	3511
3566	3511
3719	3511
3763	3511
3770	3511
3555	3515
3566	3515
3568	3524
3645	3524
3770	3524
3782	3524
3551	3525
3721	3525
3554	3529
3568	3529
3777	3529
3945	3529
3551	3530
3771	3531
3564	3532
3617	3532
3777	3532
3534	3535
3534	3564
3564	3534
3534	3568
3568	3534
3534	3593
3534	3612
3534	3614
3534	3617
3617	3534
3534	3705
3534	3758
3534	3761
3534	3770
3770	3534
3534	3793
3534	3810
3534	3825
3825	3534
3534	3829
3534	3881
3534	3906
3534	3937
3645	3535
3782	3535
3823	3535
3825	3535
3567	3538
3819	3538
3912	3538
3539	3583
3539	3584
3539	3678
3539	3690
3690	3539
3539	3724
3539	3823
3823	3539
3539	3890
3539	3895
3895	3539
3539	3904
3912	3541
3566	3549
3551	3723
3551	3925
3551	3961
3554	3561
3554	3634
3554	3680
3680	3554
3554	3726
3554	3752
3554	3761
3554	3794
3554	3829
3554	3915
3554	3945
3945	3554
3554	3956
3554	3972
3555	3584
3555	3591
3555	3593
3555	3600
3555	3604
3555	3617
3617	3555
3555	3754
3555	3758
3555	3767
3555	3777
3777	3555
3555	3803
3555	3810
3555	3829
3555	3956
3568	3558
3719	3558
3782	3558
3945	3558
3825	3561
3945	3561
3564	3568
3568	3564
3564	3617
3617	3564
3564	3622
3564	3678
3564	3680
3680	3564
3564	3690
3690	3564
3564	3719
3719	3564
3564	3803
3564	3821
3564	3825
3825	3564
3564	3878
3564	3927
3566	3662
3566	3723
3566	3780
3566	3961
3567	3595
3567	3628
3567	3657
3567	3725
3567	3739
3567	3743
3567	3857
3567	3868
3567	3874
3567	3912
3912	3567
3567	3917
3568	3593
3568	3601
3568	3614
3568	3617
3617	3568
3568	3623
3568	3645
3645	3568
3568	3680
3680	3568
3568	3758
3568	3764
3568	3768
3568	3782
3782	3568
3568	3786
3568	3793
3568	3810
3568	3818
3568	3825
3825	3568
3568	3834
3834	3568
3568	3843
3568	3866
3568	3906
3568	3914
3568	3915
3568	3931
3568	3947
3568	3973
3680	3569
3721	3577
3825	3583
3617	3584
3690	3584
3719	3584
3763	3584
3782	3584
3766	3587
3791	3587
3680	3591
3680	3593
3719	3593
3782	3593
3912	3595
3721	3596
3825	3600
3645	3601
3782	3601
3823	3601
3825	3601
3770	3602
3945	3602
3617	3604
3645	3604
3721	3604
3770	3604
3721	3609
3825	3612
3895	3612
3945	3612
3825	3614
3945	3614
3617	3622
3617	3645
3645	3617
3617	3680
3680	3617
3617	3690
3690	3617
3617	3719
3719	3617
3617	3724
3617	3738
3617	3754
3617	3758
3617	3777
3777	3617
3617	3793
3617	3803
3617	3821
3617	3823
3823	3617
3617	3825
3825	3617
3617	3830
3617	3834
3834	3617
3617	3869
3617	3878
3617	3895
3895	3617
3617	3927
3617	3931
3721	3621
3690	3622
3719	3622
3645	3623
3782	3623
3721	3625
3819	3628
3912	3628
3945	3630
3791	3632
3721	3633
3945	3634
3680	3643
3719	3643
3895	3643
3645	3680
3680	3645
3645	3764
3645	3782
3782	3645
3645	3786
3645	3843
3645	3866
3645	3941
3719	3646
3763	3646
3719	3648
3763	3648
3825	3652
3791	3655
3819	3657
3825	3665
3945	3668
3770	3671
3825	3676
3791	3678
3680	3690
3690	3680
3680	3706
3680	3711
3680	3714
3680	3718
3680	3794
3680	3803
3680	3822
3680	3826
3680	3830
3680	3833
3680	3843
3680	3869
3680	3870
3680	3878
3680	3882
3680	3895
3895	3680
3680	3900
3680	3909
3680	3924
3680	3931
3680	3951
3680	3955
3680	3958
3680	3969
3721	3684
3721	3689
3690	3758
3690	3768
3690	3781
3690	3782
3782	3690
3690	3803
3690	3821
3690	3866
3690	3869
3690	3870
3690	3878
3690	3895
3895	3690
3690	3927
3690	3946
3690	3955
3721	3692
3791	3696
3721	3702
3763	3705
3719	3711
3823	3714
3719	3758
3719	3764
3719	3770
3770	3719
3719	3810
3719	3895
3895	3719
3719	3924
3719	3927
3719	3951
3721	3741
3721	3756
3721	3796
3721	3797
3721	3830
3721	3858
3721	3860
3721	3873
3721	3877
3721	3938
3721	3948
3721	3968
3819	3725
3912	3725
3945	3726
3771	3727
3782	3738
3945	3738
3819	3739
3912	3739
3819	3743
3912	3743
3766	3747
3791	3747
3945	3752
3777	3758
3782	3758
3825	3758
3945	3758
3945	3761
3763	3782
3782	3763
3763	3793
3763	3799
3763	3810
3763	3924
3825	3764
3834	3764
3895	3764
3766	3776
3766	3791
3791	3766
3766	3809
3766	3933
3766	3964
3782	3767
3770	3768
3782	3768
3945	3768
3771	3855
3771	3949
3771	3956
3895	3775
3791	3776
3777	3803
3777	3829
3823	3781
3782	3786
3782	3793
3782	3810
3782	3818
3782	3836
3782	3866
3782	3881
3782	3906
3782	3927
3782	3931
3782	3945
3945	3782
3782	3947
3791	3783
3945	3786
3791	3809
3791	3901
3791	3920
3791	3933
3791	3960
3791	3964
3791	3967
3825	3793
3819	3868
3819	3874
3819	3912
3912	3819
3819	3917
3825	3821
3834	3821
3823	3927
3823	3946
3823	3956
3825	3843
3825	3893
3825	3927
3825	3931
3945	3829
3834	3881
3912	3868
3912	3874
3912	3892
3945	3909
3912	3917
3945	3915
3945	3927
3945	3937
3945	3956
3945	3972
3981	3980
3988	3980
3989	3980
3991	3980
3994	3980
3996	3980
3997	3980
3998	3980
3999	3980
4002	3980
4005	3980
4008	3980
4009	3980
4011	3980
4012	3980
4018	3980
4019	3980
4020	3980
4021	3980
4023	3980
4026	3980
4027	3980
4028	3980
4030	3980
4031	3980
4032	3980
4034	3980
4036	3980
3981	3994
3994	3981
3981	3997
3997	3981
3981	3998
3998	3981
3981	4009
4009	3981
3981	4018
4018	3981
3981	4019
4019	3981
3981	4023
4023	3981
3988	3982
3994	3982
3997	3982
3998	3982
4009	3982
4021	3982
4023	3982
4026	3982
4030	3982
3988	3985
4021	3986
4026	3986
4030	3986
4012	3987
3988	3993
3988	3995
3988	4021
4021	3988
3988	4030
4030	3988
3989	3991
3991	3989
3989	4011
4011	3989
3989	4013
3989	4038
3991	4031
4031	3991
4030	3993
3994	3996
3996	3994
3994	3997
3997	3994
3994	3998
3998	3994
3994	4009
4009	3994
3994	4018
4018	3994
3994	4019
4019	3994
3994	4023
4023	3994
3994	4030
4030	3994
4023	3995
4026	3995
3996	4002
4002	3996
3996	4028
4028	3996
3997	3998
3998	3997
3997	4009
4009	3997
3997	4018
4018	3997
3997	4019
4019	3997
3997	4021
4021	3997
3997	4023
4023	3997
3997	4030
4030	3997
3998	3999
3999	3998
3998	4002
4002	3998
3998	4005
4005	3998
3998	4009
4009	3998
3998	4014
3998	4018
4018	3998
3998	4019
4019	3998
3998	4021
4021	3998
3998	4023
4023	3998
3999	4005
4005	3999
3999	4036
4036	3999
4021	4000
4026	4000
4030	4000
4002	4020
4020	4002
4002	4023
4023	4002
4002	4027
4027	4002
4002	4031
4031	4002
4009	4003
4023	4003
4030	4003
4020	4004
4023	4004
4030	4004
4031	4004
4027	4006
4009	4019
4019	4009
4009	4023
4023	4009
4009	4030
4030	4009
4011	4031
4031	4011
4023	4013
4031	4013
4021	4014
4023	4014
4030	4014
4021	4017
4026	4017
4030	4017
4018	4023
4023	4018
4018	4030
4030	4018
4019	4026
4026	4019
4019	4030
4030	4019
4020	4027
4027	4020
4020	4030
4030	4020
4020	4031
4031	4020
4020	4037
4020	4038
4021	4026
4026	4021
4021	4030
4030	4021
4023	4030
4030	4023
4023	4031
4031	4023
4023	4034
4034	4023
4023	4038
4026	4030
4030	4026
4027	4031
4031	4027
4027	4032
4032	4027
4027	4038
4031	4038
