12	0
99	0
116	0
140	0
144	0
147	0
150	0
155	0
270	0
278	0
327	0
116	2
147	6
116	14
144	14
116	17
140	17
144	17
99	23
116	23
144	23
155	23
270	25
116	28
140	28
144	28
116	41
140	41
144	41
278	46
2814	58
2838	58
2885	58
3003	58
3173	58
3290	58
150	64
99	68
270	76
278	86
147	89
327	89
147	95
327	95
99	102
99	131
99	143
99	175
99	177
99	225
99	227
99	263
99	278
278	99
99	296
150	100
580	107
950	107
1013	107
1031	107
1087	107
1144	107
1174	107
1251	107
1385	107
1410	107
1421	107
1465	107
1555	107
1577	107
1676	107
116	115
140	115
144	115
116	140
140	116
116	144
144	116
116	149
116	162
116	214
116	226
116	312
116	326
116	343
150	119
150	128
278	131
1945	136
1976	136
2032	136
2054	136
2102	136
2183	136
2203	136
2250	136
2268	136
2283	136
2319	136
2336	136
2384	136
2398	136
2458	136
2491	136
2598	136
2653	136
140	137
140	144
144	140
140	214
140	312
140	326
278	143
144	149
144	151
144	226
144	312
144	326
144	343
147	219
147	319
150	163
150	171
150	189
150	217
150	324
150	329
155	157
2704	171
2740	171
2838	171
2885	171
3003	171
3290	171
278	175
278	177
270	203
278	225
278	227
327	319
354	348
355	348
359	348
361	348
370	348
372	348
374	348
382	348
396	348
403	348
410	348
418	348
438	348
460	348
463	348
470	348
481	348
489	348
496	348
506	348
514	348
515	348
519	348
528	348
530	348
542	348
546	348
547	348
553	348
555	348
557	348
562	348
519	350
528	350
546	350
542	352
370	353
460	353
496	353
514	353
515	353
542	353
580	353
354	355
355	354
354	359
359	354
354	361
361	354
354	376
354	382
382	354
354	396
396	354
354	397
354	403
403	354
354	450
354	452
354	458
354	463
463	354
354	470
470	354
354	474
354	481
481	354
354	489
489	354
354	497
354	500
354	507
354	510
354	519
519	354
354	531
354	547
547	354
354	555
555	354
354	557
557	354
355	359
359	355
355	361
361	355
355	367
355	373
355	376
355	382
382	355
355	396
396	355
355	397
355	402
355	403
403	355
355	410
410	355
355	412
355	418
418	355
355	452
355	455
355	460
460	355
355	463
463	355
355	470
470	355
355	474
355	475
355	481
481	355
355	489
489	355
355	497
355	500
355	510
355	515
515	355
355	519
519	355
355	528
528	355
355	531
355	543
355	546
546	355
355	547
547	355
355	548
355	553
553	355
355	555
555	355
355	557
557	355
355	565
359	361
361	359
359	367
359	376
359	391
359	396
396	359
359	403
403	359
359	405
359	422
359	452
359	455
359	470
470	359
359	474
359	475
359	481
481	359
359	489
489	359
359	491
359	530
530	359
359	531
359	546
546	359
359	547
547	359
359	555
555	359
359	557
557	359
359	562
562	359
370	360
438	360
460	360
463	360
506	360
514	360
542	360
553	360
555	360
361	376
361	396
396	361
361	405
361	450
361	463
463	361
361	470
470	361
361	474
361	475
361	481
481	361
361	489
489	361
361	500
361	519
519	361
361	530
530	361
361	531
361	547
547	361
361	555
555	361
361	557
557	361
361	562
562	361
361	568
460	362
463	362
542	362
370	363
374	363
463	363
481	363
506	363
514	363
515	363
542	363
553	363
580	363
591	363
669	363
374	366
438	366
460	366
496	366
514	366
515	366
542	366
553	366
555	366
580	366
396	367
403	367
481	367
489	367
519	367
546	367
547	367
553	367
555	367
374	368
553	368
370	373
370	374
374	370
370	376
370	378
370	387
370	388
370	392
370	395
370	397
370	402
370	412
370	413
370	414
370	415
370	416
370	417
370	419
370	420
370	423
370	428
370	430
370	431
370	432
370	436
370	438
438	370
370	439
370	451
370	452
370	456
370	458
370	460
460	370
370	461
370	465
370	469
370	471
370	475
370	483
370	492
370	497
370	506
506	370
370	507
370	514
514	370
370	515
515	370
370	520
370	523
370	524
370	525
370	527
370	540
370	542
542	370
370	544
370	548
370	553
553	370
370	555
555	370
370	559
370	561
370	563
370	565
370	566
370	567
370	591
591	370
370	604
604	370
370	645
370	646
370	666
370	669
669	370
370	683
683	370
460	371
542	371
372	410
410	372
372	421
372	422
372	429
372	444
372	455
372	460
460	372
372	530
530	372
372	531
372	539
372	543
372	545
372	547
547	372
372	558
372	568
372	570
374	373
438	373
460	373
463	373
496	373
506	373
514	373
515	373
528	373
542	373
546	373
553	373
580	373
591	373
604	373
614	373
669	373
683	373
374	376
374	378
374	391
374	402
374	412
374	414
374	417
374	418
418	374
374	419
374	420
374	430
374	431
374	432
374	438
438	374
374	439
374	444
374	451
374	456
374	460
460	374
374	461
374	463
463	374
374	465
374	475
374	482
374	483
374	488
374	492
374	496
496	374
374	497
374	500
374	504
374	506
506	374
374	507
374	510
374	513
374	514
514	374
374	515
515	374
374	517
374	520
374	521
374	523
374	524
374	525
374	526
374	527
374	535
374	544
374	545
374	553
553	374
374	556
374	559
374	561
374	563
374	565
374	566
374	567
374	569
374	570
374	591
591	374
374	614
614	374
374	669
669	374
374	683
683	374
396	376
410	376
438	376
460	376
463	376
481	376
489	376
496	376
506	376
514	376
515	376
519	376
542	376
546	376
547	376
553	376
555	376
557	376
580	376
591	376
604	376
614	376
669	376
676	376
683	376
496	378
506	378
514	378
515	378
542	378
553	378
580	378
591	378
604	378
614	378
669	378
676	378
382	403
403	382
382	410
410	382
382	452
382	470
470	382
382	474
382	500
382	531
382	547
547	382
382	555
555	382
438	387
506	387
514	387
438	388
463	388
496	388
557	388
1013	389
1385	389
438	391
460	391
506	391
514	391
515	391
553	391
580	391
591	391
614	391
669	391
460	392
506	392
514	392
515	392
542	392
553	392
438	394
515	394
542	394
614	394
676	394
683	394
438	395
460	395
463	395
506	395
514	395
515	395
542	395
553	395
591	395
604	395
614	395
669	395
683	395
396	403
403	396
396	410
410	396
396	422
396	450
396	470
470	396
396	474
396	475
396	481
481	396
396	489
489	396
396	500
396	510
396	519
519	396
396	531
396	546
546	396
396	547
547	396
396	548
396	555
555	396
396	557
557	396
396	568
396	570
418	397
481	397
506	397
514	397
546	397
557	397
438	400
506	400
514	400
515	400
542	400
553	400
580	400
591	400
614	400
669	400
676	400
683	400
438	402
460	402
463	402
506	402
514	402
515	402
542	402
553	402
403	452
403	458
403	470
470	403
403	475
403	489
489	403
403	497
403	510
403	515
515	403
403	519
519	403
403	546
546	403
403	547
547	403
403	553
553	403
403	555
555	403
496	404
506	404
515	404
542	404
418	405
528	407
438	408
514	408
460	409
515	409
542	409
410	463
463	410
410	474
410	475
410	500
410	547
547	410
410	548
410	555
555	410
410	557
557	410
410	568
418	412
438	412
460	412
481	412
496	412
506	412
515	412
528	412
542	412
547	412
555	412
580	412
591	412
604	412
614	412
669	412
676	412
683	412
460	413
463	413
542	413
438	414
496	414
506	414
514	414
515	414
542	414
553	414
580	414
591	414
604	414
607	414
614	414
668	414
669	414
676	414
683	414
460	415
463	415
542	415
557	416
438	417
460	417
506	417
514	417
515	417
542	417
553	417
418	432
418	463
463	418
418	465
418	475
418	481
481	418
418	497
418	504
418	506
506	418
418	510
418	514
514	418
418	523
418	544
418	547
547	418
418	553
553	418
418	555
555	418
418	557
557	418
418	568
506	420
514	420
553	420
438	422
460	422
481	422
489	422
546	422
547	422
553	422
555	422
604	422
614	422
506	423
553	423
591	423
604	423
614	423
669	423
683	423
460	425
553	425
546	426
496	427
438	428
460	428
463	428
506	428
514	428
515	428
542	428
553	428
591	428
604	428
614	428
669	428
676	428
683	428
1013	428
481	429
514	430
553	430
438	431
506	431
514	431
515	431
614	431
669	431
683	431
438	432
460	432
506	432
514	432
546	432
553	432
555	432
557	432
528	433
496	434
506	434
515	434
580	434
591	434
604	434
555	435
438	436
496	436
506	436
542	436
553	436
580	436
591	436
604	436
669	436
683	436
463	437
438	444
438	446
438	452
438	456
438	460
460	438
438	461
438	465
438	473
438	475
438	483
438	488
438	492
438	493
438	495
438	496
496	438
438	497
438	500
438	503
438	506
506	438
438	507
438	511
438	513
438	514
514	438
438	517
438	520
438	521
438	523
438	524
438	525
438	546
546	438
438	548
438	553
553	438
438	556
438	559
438	561
438	563
438	566
438	591
591	438
438	596
438	604
604	438
438	606
438	614
614	438
438	634
438	645
438	651
438	669
669	438
438	676
676	438
438	683
683	438
506	439
514	439
542	439
553	439
496	440
460	442
460	444
506	444
460	445
463	445
542	445
515	446
460	448
463	450
481	450
489	450
519	450
547	450
557	450
506	451
514	451
553	451
460	452
463	452
470	452
489	452
506	452
519	452
546	452
547	452
553	452
555	452
557	452
506	455
528	455
546	455
553	455
557	455
460	456
496	456
506	456
553	456
470	458
489	458
496	458
514	458
515	458
553	458
555	458
460	461
460	463
463	460
460	465
460	473
460	475
460	479
460	482
460	492
460	495
460	497
460	506
506	460
460	507
460	508
460	514
514	460
460	515
515	460
460	517
460	520
460	521
460	523
460	524
460	535
460	542
542	460
460	543
460	544
460	545
460	547
547	460
460	553
553	460
460	558
460	559
460	560
460	563
460	566
460	567
460	570
463	461
506	461
542	461
553	461
591	461
669	461
683	461
463	473
463	475
463	481
481	463
463	483
463	489
489	463
463	500
463	504
463	507
463	517
463	519
519	463
463	524
463	531
463	535
463	542
542	463
463	547
547	463
463	555
555	463
463	557
557	463
463	560
463	570
506	465
515	465
542	465
557	465
580	465
591	465
604	465
614	465
669	465
676	465
683	465
481	466
553	469
470	507
470	519
519	470
470	531
470	547
547	470
470	555
555	470
470	562
562	470
514	471
515	471
553	471
515	473
542	473
481	474
489	474
546	474
547	474
557	474
481	475
489	475
496	475
506	475
514	475
515	475
519	475
542	475
546	475
547	475
553	475
555	475
557	475
580	475
591	475
604	475
676	475
496	478
515	479
542	479
481	489
489	481
481	504
481	519
519	481
481	522
481	531
481	539
481	547
547	481
481	555
555	481
496	482
506	482
515	482
553	482
496	483
506	483
514	483
515	483
542	483
553	483
557	483
580	483
591	483
604	483
614	483
669	483
506	484
514	484
515	484
580	484
496	488
553	488
489	519
519	489
489	531
489	535
489	546
546	489
489	547
547	489
489	555
555	489
489	557
557	489
506	492
514	492
515	492
542	492
553	492
580	492
591	492
604	492
614	492
669	492
676	492
514	493
557	493
514	495
542	495
496	497
496	506
506	496
496	507
496	508
496	513
496	514
514	496
496	515
515	496
496	517
496	523
496	553
553	496
496	565
496	566
496	580
580	496
496	591
591	496
496	637
496	641
496	669
669	496
506	497
515	497
542	497
546	497
555	497
557	497
506	500
514	500
519	500
542	500
546	500
547	500
553	500
555	500
557	500
580	500
591	500
604	500
614	500
683	500
514	503
542	503
553	503
557	503
506	504
514	504
528	504
546	504
547	504
553	504
555	504
562	504
506	507
506	508
506	513
506	514
514	506
506	517
506	519
519	506
506	520
506	521
506	523
506	524
506	525
506	527
506	537
506	544
506	545
506	553
553	506
506	557
557	506
506	559
506	561
506	563
506	566
506	591
591	506
506	604
604	506
506	606
506	610
506	645
514	507
515	507
553	507
557	507
542	508
528	510
553	510
555	510
515	512
514	513
515	513
542	513
553	513
557	513
580	513
591	513
604	513
614	513
669	513
683	513
514	517
514	520
514	524
514	525
514	527
514	537
514	538
514	541
514	544
514	548
514	559
514	561
514	566
514	569
514	570
514	580
580	514
514	614
614	514
514	669
669	514
514	683
683	514
515	517
515	519
519	515
515	524
515	525
515	527
515	545
515	548
515	553
553	515
515	555
555	515
515	557
557	515
515	559
515	566
515	580
580	515
515	591
591	515
515	614
614	515
515	620
515	637
515	641
515	654
553	517
580	517
519	531
519	546
546	519
519	547
547	519
519	548
519	555
555	519
519	557
557	519
542	520
553	520
546	522
553	523
542	524
553	524
591	524
614	524
683	524
542	525
553	526
542	527
553	527
528	543
528	553
553	528
528	563
546	531
547	531
555	531
557	531
542	538
580	538
542	553
553	542
542	556
542	559
542	560
542	561
542	567
542	580
580	542
542	591
591	542
542	606
542	683
683	542
546	543
553	544
557	544
580	544
604	544
669	544
676	544
683	544
553	545
546	547
547	546
546	555
555	546
546	557
557	546
546	563
547	548
547	555
555	547
547	557
557	547
555	548
553	555
555	553
553	556
553	558
553	559
553	560
553	561
553	565
553	566
553	567
553	569
553	570
553	591
591	553
553	609
553	614
614	553
553	620
553	634
553	644
553	645
553	666
553	669
669	553
553	683
683	553
555	557
557	555
614	556
676	556
683	556
557	570
604	558
580	559
591	559
604	559
614	559
669	559
676	559
683	559
580	561
591	561
604	561
669	561
683	561
604	563
1013	563
580	566
591	566
676	566
580	567
591	567
604	567
683	567
580	591
591	580
580	601
580	606
580	637
580	641
580	656
580	930
580	931
580	936
580	976
580	1025
580	1080
580	1095
580	1113
580	1122
580	1142
580	1155
580	1179
580	1210
580	1237
580	1294
580	1300
580	1313
580	1318
580	1320
580	1332
580	1349
580	1358
580	1374
580	1427
580	1446
580	1514
580	1543
580	1565
580	1574
580	1606
580	1616
580	1645
580	1673
580	1677
580	1679
580	1692
580	1694
580	1740
580	1743
580	1744
580	1790
580	1844
580	1853
580	1870
580	1878
580	1881
580	1882
591	587
591	590
591	604
604	591
591	606
591	634
591	637
591	641
591	645
591	646
591	651
591	669
669	591
591	683
683	591
604	596
604	606
604	637
604	645
604	651
604	669
669	604
604	671
604	676
676	604
614	606
669	606
614	637
614	645
614	669
669	614
614	676
676	614
614	683
683	614
669	637
669	645
683	645
683	651
683	654
669	671
676	683
683	676
687	686
693	686
697	686
701	686
703	686
706	686
708	686
713	686
718	686
730	686
739	686
740	686
747	686
750	686
752	686
754	686
758	686
766	686
770	686
773	686
774	686
776	686
778	686
779	686
790	686
792	686
793	686
797	686
803	686
807	686
809	686
815	686
817	686
820	686
824	686
830	686
834	686
836	686
838	686
840	686
844	686
687	688
687	697
697	687
687	703
703	687
687	718
718	687
687	728
687	730
730	687
687	739
739	687
687	747
747	687
687	759
687	764
687	765
687	774
774	687
687	777
687	779
779	687
687	780
687	783
687	797
797	687
687	805
687	807
807	687
687	817
817	687
687	819
687	820
820	687
687	823
687	828
687	830
830	687
687	838
838	687
687	856
697	688
701	688
713	688
739	688
740	688
747	688
752	688
754	688
766	688
770	688
774	688
792	688
815	688
824	688
830	688
834	688
840	688
713	690
773	690
820	690
693	695
693	697
697	693
693	705
693	713
713	693
693	726
693	734
693	778
778	693
693	823
693	824
824	693
693	828
693	834
834	693
693	837
693	844
844	693
697	694
703	694
706	694
713	694
752	694
754	694
766	694
773	694
774	694
815	694
820	694
824	694
830	694
834	694
697	695
701	695
706	695
713	695
718	695
752	695
754	695
766	695
778	695
815	695
824	695
830	695
834	695
840	695
844	695
697	696
713	696
739	696
747	696
773	696
774	696
778	696
824	696
830	696
834	696
840	696
697	698
697	701
701	697
697	705
697	708
708	697
697	709
697	713
713	697
697	719
697	721
697	724
697	726
697	727
697	731
697	745
697	747
747	697
697	748
697	753
697	754
754	697
697	760
697	765
697	766
766	697
697	769
697	772
697	777
697	780
697	781
697	800
697	805
697	815
815	697
697	818
697	819
697	820
820	697
697	823
697	824
824	697
697	827
697	828
697	830
830	697
697	834
834	697
697	835
697	840
840	697
697	842
697	844
844	697
697	848
697	849
697	856
697	890
703	698
708	698
713	698
747	698
774	698
776	698
803	698
830	698
840	698
857	698
862	698
815	700
701	713
713	701
701	724
701	726
701	747
747	701
701	754
754	701
701	760
701	774
774	701
701	777
701	778
778	701
701	780
701	781
701	794
701	821
701	830
830	701
701	834
834	701
701	842
701	845
703	705
703	709
703	718
718	703
703	719
703	728
703	730
730	703
703	739
739	703
703	741
703	747
747	703
703	748
703	754
754	703
703	758
758	703
703	759
703	764
703	765
703	779
779	703
703	781
703	787
703	792
792	703
703	793
793	703
703	797
797	703
703	805
703	807
807	703
703	809
809	703
703	815
815	703
703	817
817	703
703	819
703	820
820	703
703	823
703	824
824	703
703	827
703	828
703	831
703	835
703	838
838	703
703	843
703	845
703	856
703	880
770	704
706	705
713	705
718	705
739	705
747	705
752	705
754	705
758	705
770	705
773	705
778	705
803	705
807	705
809	705
820	705
824	705
830	705
834	705
836	705
844	705
706	713
713	706
706	719
706	731
706	745
706	752
752	706
706	773
773	706
706	784
706	805
706	810
706	815
815	706
706	828
706	834
834	706
706	847
706	853
708	713
713	708
708	719
708	724
708	730
730	708
708	747
747	708
708	753
708	755
708	760
708	769
708	774
774	708
708	781
708	797
797	708
708	800
708	811
708	814
708	819
708	823
708	824
824	708
708	827
708	828
708	830
830	708
708	840
840	708
708	849
708	856
708	869
708	890
739	709
754	709
824	709
830	709
838	709
840	709
803	710
752	711
766	711
713	719
713	721
713	722
713	724
713	726
713	731
713	734
713	736
713	738
713	742
713	745
713	746
713	747
747	713
713	748
713	751
713	752
752	713
713	760
713	762
713	766
766	713
713	772
713	773
773	713
713	774
774	713
713	777
713	778
778	713
713	780
713	781
713	782
713	784
713	787
713	794
713	800
713	805
713	810
713	813
713	814
713	815
815	713
713	816
713	817
817	713
713	818
713	819
713	823
713	824
824	713
713	827
713	828
713	829
713	830
830	713
713	831
713	833
713	834
834	713
713	840
840	713
713	842
713	844
844	713
713	845
713	847
713	848
713	850
713	851
713	853
834	715
718	716
747	716
770	716
797	716
820	716
718	719
718	720
718	730
730	718
718	745
718	747
747	718
718	748
718	758
758	718
718	762
718	764
718	770
770	718
718	781
718	787
718	793
793	718
718	797
797	718
718	803
803	718
718	805
718	809
809	718
718	814
718	815
815	718
718	817
817	718
718	823
718	827
718	828
718	834
834	718
747	719
752	719
766	719
773	719
774	719
815	719
817	719
820	719
824	719
830	719
834	719
840	719
730	720
739	720
774	720
790	720
793	720
803	720
809	720
820	722
766	723
770	723
824	723
830	723
752	724
754	724
766	724
773	724
778	724
820	724
824	724
830	724
834	724
752	726
754	726
766	726
773	726
778	726
815	726
820	726
824	726
830	726
834	726
844	726
752	727
766	727
770	727
824	727
830	727
730	728
739	728
747	728
754	728
773	728
774	728
779	728
792	728
797	728
803	728
807	728
809	728
817	728
820	728
824	728
838	728
730	747
747	730
730	763
730	764
730	783
730	787
730	797
797	730
730	803
803	730
730	849
752	731
766	731
773	731
774	731
815	731
830	731
834	731
766	734
770	734
778	734
803	734
773	737
815	737
820	737
824	737
830	737
752	738
774	738
739	740
740	739
739	747
747	739
739	754
754	739
739	757
739	758
758	739
739	764
739	774
774	739
739	777
739	780
739	787
739	792
792	739
739	793
793	739
739	797
797	739
739	805
739	807
807	739
739	819
739	823
739	824
824	739
739	828
739	840
840	739
740	748
740	770
770	740
740	817
817	740
740	831
740	841
747	741
770	741
807	741
820	741
836	741
747	745
752	745
758	745
773	745
774	745
790	745
815	745
817	745
820	745
824	745
830	745
834	745
747	748
747	752
752	747
747	753
747	754
754	747
747	758
758	747
747	763
747	764
747	765
747	769
747	770
770	747
747	773
773	747
747	774
774	747
747	780
747	783
747	792
792	747
747	793
793	747
747	797
797	747
747	800
747	803
803	747
747	804
747	805
747	807
807	747
747	809
809	747
747	810
747	815
815	747
747	819
747	820
820	747
747	823
747	828
747	830
830	747
747	831
747	837
747	838
838	747
747	840
840	747
747	848
747	849
747	856
747	880
758	748
770	748
779	748
793	748
797	748
817	748
830	748
750	770
770	750
830	751
752	759
752	766
766	752
752	773
773	752
752	774
774	752
752	781
752	784
752	800
752	805
752	810
752	815
815	752
752	820
820	752
752	823
752	824
824	752
752	827
752	828
752	829
752	830
830	752
752	831
752	834
834	752
752	842
752	847
752	853
754	773
773	754
754	777
754	779
779	754
754	780
754	792
792	754
754	805
754	815
815	754
754	821
754	823
754	824
824	754
754	828
754	830
830	754
754	835
754	838
838	754
754	840
840	754
754	848
758	755
793	755
797	755
809	755
836	755
758	781
758	783
758	787
758	793
793	758
758	808
758	809
809	758
758	814
758	817
817	758
758	827
758	836
836	758
758	849
766	759
766	760
820	760
824	760
830	760
834	760
770	763
797	763
803	763
820	763
836	763
779	764
793	764
797	764
807	764
809	764
817	764
824	764
838	764
779	765
792	765
807	765
766	771
766	780
766	784
766	800
766	805
766	810
766	815
815	766
766	820
820	766
766	823
766	824
824	766
766	826
766	827
766	828
766	830
830	766
766	834
834	766
766	847
766	849
766	853
774	769
770	772
770	777
770	781
770	783
770	797
797	770
770	799
770	803
803	770
770	820
820	770
770	824
824	770
770	828
770	845
770	849
773	774
774	773
773	780
773	781
773	784
773	810
773	815
815	773
773	820
820	773
773	821
773	823
773	824
824	773
773	827
773	828
773	829
773	831
773	834
834	773
773	836
836	773
773	842
773	847
773	853
774	784
774	800
774	805
774	807
807	774
774	810
774	811
774	819
774	820
820	774
774	823
774	824
824	774
774	828
774	830
830	774
774	840
840	774
774	843
774	853
774	856
774	869
776	867
776	872
776	873
776	874
776	877
776	885
776	887
779	777
824	777
830	777
778	812
778	819
778	828
778	830
830	778
778	834
834	778
778	844
844	778
779	780
779	792
792	779
779	807
807	779
779	823
779	824
824	779
779	828
779	835
779	838
838	779
779	840
840	779
792	780
803	780
815	780
824	780
830	780
834	780
838	780
840	780
793	781
809	781
815	781
817	781
824	781
830	781
834	781
836	781
793	783
797	783
809	783
817	783
820	783
824	784
834	784
793	787
797	787
803	787
809	787
817	787
836	787
790	832
792	803
803	792
792	805
792	807
807	792
792	815
815	792
792	819
792	823
792	824
824	792
792	828
792	830
830	792
792	835
792	837
792	838
838	792
792	850
793	797
797	793
793	808
793	809
809	793
793	817
817	793
793	836
836	793
793	849
793	850
820	795
797	808
797	809
809	797
797	817
817	797
797	820
820	797
797	827
797	828
797	831
797	849
830	800
834	800
803	820
820	803
803	832
803	837
803	840
840	803
803	880
807	805
815	805
817	805
824	805
830	805
834	805
838	805
840	805
844	805
807	819
807	823
807	828
807	838
838	807
807	843
807	856
809	808
809	817
817	809
809	827
815	810
834	810
815	812
824	812
834	814
815	819
815	823
815	824
824	815
815	828
815	830
830	815
815	834
834	815
815	835
815	837
815	838
838	815
815	845
815	847
815	853
815	856
817	819
817	827
817	828
817	830
830	817
817	850
824	819
830	819
834	819
838	819
840	819
820	823
820	824
824	820
820	828
820	830
830	820
820	831
820	834
834	820
820	845
820	848
820	849
820	853
836	821
824	823
830	823
834	823
838	823
840	823
824	826
824	827
824	828
824	829
824	830
830	824
824	834
834	824
824	835
824	837
824	838
838	824
824	840
840	824
824	842
824	843
824	844
844	824
824	847
824	848
824	849
824	853
830	826
830	827
834	827
830	828
834	828
838	828
840	828
844	828
834	829
830	834
834	830
830	838
838	830
830	840
840	830
830	844
844	830
830	845
830	846
830	847
830	849
830	853
830	856
834	842
834	844
844	834
834	847
834	853
838	835
836	853
840	837
838	840
840	838
838	856
840	848
840	856
844	848
857	862
862	857
857	865
857	868
857	871
857	3437
857	3456
3456	857
857	3495
857	3586
857	3621
857	3626
857	3797
862	865
862	868
862	1085
862	3437
862	3456
3456	862
862	3495
862	3501
862	3517
862	3550
862	3577
862	3586
862	3592
862	3609
862	3621
862	3633
862	3677
3677	862
862	3684
862	3721
862	3779
3779	862
862	3797
862	3872
862	3948
950	908
1144	908
1421	908
1465	908
1555	908
1144	928
1174	928
1676	928
950	1136
950	1337
950	1410
1410	950
950	1445
950	1494
950	1537
950	1555
1555	950
950	1687
1087	961
1555	970
3248	990
3328	990
1087	996
1013	1035
1013	1109
1013	1385
1385	1013
1013	1465
1465	1013
1013	1549
1013	1574
1013	1713
1013	1777
1577	1029
1031	1098
1031	1165
1031	1666
1144	1061
1174	1061
1676	1061
1465	1074
1577	1074
1465	1077
1577	1077
1410	1085
1421	1085
1555	1085
3456	1085
3651	1085
3677	1085
3962	1085
1087	1283
1087	1317
1087	1505
1087	1838
1421	1088
1251	1098
1144	1136
1174	1136
1251	1136
1410	1136
1421	1136
1555	1136
1676	1136
1144	1174
1174	1144
1144	1251
1251	1144
1144	1307
1144	1328
1144	1360
1144	1410
1410	1144
1144	1421
1421	1144
1144	1494
1144	1511
1144	1555
1555	1144
1144	1588
1144	1593
1144	1676
1676	1144
1144	1687
1144	1705
1144	1825
1421	1165
1465	1171
3290	1171
1577	1173
1174	1251
1251	1174
1174	1328
1174	1410
1410	1174
1174	1421
1421	1174
1174	1433
1174	1494
1174	1511
1174	1676
1676	1174
1174	1687
1174	1705
1174	1719
1174	1803
1174	1825
1410	1187
1555	1203
1385	1223
1251	1307
1251	1410
1410	1251
1251	1421
1421	1251
1251	1555
1555	1251
1251	1687
1251	1705
1251	1825
1421	1283
1577	1289
1385	1296
1421	1307
1555	1307
1555	1325
1410	1328
1421	1328
1676	1328
1410	1360
1555	1360
1465	1361
1577	1361
1385	1496
1385	1529
1385	1531
1385	1545
1385	1574
1385	1688
1385	1770
1385	1778
1385	1831
1385	1910
3304	1405
1410	1421
1421	1410
1410	1433
1410	1494
1410	1555
1555	1410
1410	1593
1410	1676
1676	1410
1410	1687
1410	1705
1410	1803
1410	1825
1410	1866
1421	1433
1421	1494
1421	1555
1555	1421
1421	1567
1421	1615
1421	1687
1421	1705
1421	1719
1421	1803
1421	1825
1421	1866
1465	1483
1465	1577
1577	1465
1465	1702
1465	1718
1465	1883
1465	1912
1465	1920
1465	1941
1941	1465
1465	1945
1945	1465
1465	1948
1465	1959
1465	2007
1465	2028
1465	2032
2032	1465
1465	2042
1465	2047
1465	2053
1465	2054
2054	1465
1465	2065
1465	2068
1465	2081
1465	2087
1465	2102
2102	1465
1465	2111
1465	2117
1465	2125
1465	2128
1465	2132
1465	2134
1465	2135
1465	2138
1465	2148
1465	2149
2149	1465
1465	2153
1465	2169
1465	2180
1465	2183
2183	1465
1465	2187
1465	2191
1465	2194
1465	2196
1465	2198
1465	2199
1465	2203
2203	1465
1465	2223
1465	2239
1465	2247
1465	2250
2250	1465
1465	2264
1465	2266
2266	1465
1465	2267
1465	2268
2268	1465
1465	2279
1465	2282
1465	2283
2283	1465
1465	2285
1465	2289
1465	2292
1465	2293
1465	2302
1465	2315
1465	2319
2319	1465
1465	2327
1465	2328
1465	2332
2332	1465
1465	2333
1465	2336
2336	1465
1465	2338
1465	2347
1465	2351
1465	2368
1465	2372
2372	1465
1465	2384
2384	1465
1465	2385
1465	2398
2398	1465
1465	2399
2399	1465
1465	2420
1465	2458
2458	1465
1465	2491
2491	1465
1465	2496
1465	2501
2501	1465
1465	2508
1465	2509
1465	2510
1465	2512
1465	2516
1465	2530
1465	2533
1465	2542
2542	1465
1465	2543
1465	2547
1465	2555
1465	2567
1465	2592
1465	2597
1465	2598
2598	1465
1465	2608
1465	2629
1465	2642
2642	1465
1465	2643
1465	2649
1555	1494
1676	1494
1555	1511
1676	1511
1577	1534
2979	1534
3248	1534
1555	1553
1555	1561
1555	1567
1555	1579
1555	1588
1555	1593
1555	1615
1555	1656
1555	1676
1676	1555
1555	1678
1555	1687
1555	1705
1555	1719
1555	1726
1555	1803
1555	1806
1555	1825
1555	1847
1555	1866
1577	1618
1577	1666
1577	1718
1577	1912
1577	1913
1577	1916
1577	1920
1577	1932
1577	1940
1577	1941
1941	1577
1577	1945
1945	1577
1577	1947
1577	1948
1577	1954
1577	1959
1577	1994
1577	2002
1577	2007
1577	2010
1577	2026
1577	2028
1577	2032
2032	1577
1577	2038
1577	2039
1577	2042
1577	2047
1577	2052
2052	1577
1577	2053
1577	2054
2054	1577
1577	2062
2062	1577
1577	2068
1577	2071
1577	2072
1577	2081
1577	2087
1577	2101
1577	2102
2102	1577
1577	2111
1577	2117
1577	2125
1577	2127
1577	2128
1577	2132
1577	2133
1577	2134
1577	2135
1577	2137
1577	2138
1577	2143
1577	2144
2144	1577
1577	2148
1577	2149
2149	1577
1577	2151
2151	1577
1577	2153
1577	2163
1577	2169
1577	2174
1577	2176
1577	2180
1577	2183
2183	1577
1577	2187
1577	2189
1577	2191
1577	2194
1577	2196
1577	2198
1577	2199
1577	2203
2203	1577
1577	2215
1577	2223
1577	2224
1577	2239
1577	2241
1577	2246
1577	2247
1577	2250
2250	1577
1577	2264
1577	2267
1577	2268
2268	1577
1577	2273
2273	1577
1577	2279
1577	2282
1577	2283
2283	1577
1577	2285
1577	2289
1577	2292
1577	2293
1577	2294
1577	2295
1577	2298
2298	1577
1577	2302
1577	2315
1577	2319
2319	1577
1577	2327
1577	2328
1577	2332
2332	1577
1577	2333
1577	2336
2336	1577
1577	2338
1577	2343
1577	2344
1577	2347
1577	2351
1577	2355
1577	2368
1577	2372
2372	1577
1577	2377
1577	2384
2384	1577
1577	2385
1577	2389
1577	2394
1577	2398
2398	1577
1577	2413
1577	2417
1577	2419
1577	2420
1577	2436
1577	2445
1577	2451
1577	2458
2458	1577
1577	2461
1577	2463
1577	2465
2465	1577
1577	2468
1577	2471
1577	2472
1577	2475
1577	2491
2491	1577
1577	2498
1577	2502
1577	2508
1577	2509
1577	2510
1577	2511
1577	2512
1577	2516
1577	2519
1577	2529
1577	2533
1577	2543
1577	2544
1577	2547
1577	2555
1577	2567
1577	2582
1577	2588
1577	2589
1577	2592
1577	2594
1577	2597
1577	2598
2598	1577
1577	2605
1577	2608
1577	2609
2609	1577
1577	2616
2616	1577
1577	2617
1577	2629
1577	2642
2642	1577
1577	2643
1577	2649
1577	2653
2653	1577
1676	1588
1676	1687
1676	1705
1676	1713
1676	1825
2663	1684
2664	1684
2666	1684
2669	1684
2670	1684
2673	1684
2676	1684
2679	1684
2680	1684
2681	1684
2683	1684
2689	1684
2695	1684
2698	1684
2699	1684
2703	1684
2704	1684
2705	1684
2706	1684
2710	1684
2717	1684
2726	1684
2729	1684
2731	1684
2736	1684
2738	1684
2740	1684
2741	1684
2743	1684
2745	1684
2746	1684
2749	1684
2750	1684
2754	1684
2755	1684
2756	1684
2757	1684
2759	1684
2761	1684
2762	1684
2763	1684
2766	1684
2769	1684
2771	1684
2773	1684
2777	1684
2781	1684
2782	1684
2786	1684
2789	1684
2794	1684
2798	1684
2800	1684
2804	1684
2806	1684
2807	1684
2809	1684
2810	1684
2814	1684
2815	1684
2821	1684
2827	1684
2832	1684
2834	1684
2835	1684
2836	1684
2837	1684
2838	1684
2839	1684
2841	1684
2850	1684
2851	1684
2852	1684
2853	1684
2854	1684
2858	1684
2862	1684
2864	1684
2866	1684
2867	1684
2872	1684
2873	1684
2874	1684
2877	1684
2879	1684
2880	1684
2884	1684
2885	1684
2887	1684
2888	1684
2889	1684
2890	1684
2891	1684
2893	1684
2896	1684
2897	1684
2898	1684
2899	1684
2905	1684
2906	1684
2907	1684
2908	1684
2909	1684
2910	1684
2911	1684
2912	1684
2913	1684
2915	1684
2916	1684
2917	1684
2919	1684
2920	1684
2924	1684
2925	1684
2927	1684
2928	1684
2929	1684
2931	1684
2940	1684
2943	1684
2944	1684
2945	1684
2946	1684
2948	1684
2952	1684
2953	1684
2954	1684
2956	1684
2959	1684
2960	1684
2961	1684
2963	1684
2966	1684
2967	1684
2969	1684
2972	1684
2974	1684
2978	1684
2979	1684
2981	1684
2982	1684
2985	1684
2986	1684
2987	1684
2988	1684
2993	1684
2994	1684
3000	1684
3003	1684
3004	1684
3008	1684
3010	1684
3014	1684
3022	1684
3023	1684
3025	1684
3026	1684
3029	1684
3030	1684
3033	1684
3036	1684
3040	1684
3042	1684
3044	1684
3045	1684
3047	1684
3052	1684
3054	1684
3055	1684
3056	1684
3059	1684
3064	1684
3065	1684
3071	1684
3073	1684
3078	1684
3080	1684
3084	1684
3085	1684
3090	1684
3092	1684
3095	1684
3096	1684
3098	1684
3104	1684
3108	1684
3114	1684
3117	1684
3119	1684
3123	1684
3129	1684
3130	1684
3135	1684
3137	1684
3139	1684
3142	1684
3143	1684
3153	1684
3158	1684
3163	1684
3166	1684
3173	1684
3174	1684
3183	1684
3184	1684
3190	1684
3193	1684
3195	1684
3202	1684
3213	1684
3214	1684
3220	1684
3221	1684
3226	1684
3227	1684
3228	1684
3229	1684
3231	1684
3232	1684
3234	1684
3237	1684
3238	1684
3243	1684
3248	1684
3250	1684
3257	1684
3269	1684
3275	1684
3283	1684
3284	1684
3286	1684
3290	1684
3293	1684
3294	1684
3300	1684
3301	1684
3303	1684
3304	1684
3309	1684
3311	1684
3314	1684
3315	1684
3317	1684
3318	1684
3324	1684
3325	1684
3327	1684
3328	1684
3333	1684
3339	1684
3348	1684
3362	1684
3363	1684
3364	1684
3382	1684
3383	1684
3384	1684
3387	1684
3388	1684
3389	1684
3390	1684
3392	1684
3394	1684
3399	1684
3400	1684
3413	1684
3414	1684
3417	1684
3423	1684
3424	1684
3426	1684
3428	1684
3430	1684
3433	1684
3435	1684
3436	1684
1945	1718
2031	1718
2032	1718
2052	1718
2054	1718
2102	1718
2144	1718
2149	1718
2151	1718
2203	1718
2250	1718
2268	1718
2283	1718
2319	1718
2325	1718
2336	1718
2399	1718
2491	1718
2598	1718
2616	1718
2642	1718
2653	1718
2979	1758
1922	1912
1941	1912
1945	1912
1949	1912
1961	1912
1964	1912
1976	1912
1988	1912
1992	1912
1996	1912
1999	1912
2017	1912
2023	1912
2031	1912
2032	1912
2041	1912
2052	1912
2054	1912
2062	1912
2076	1912
2094	1912
2096	1912
2102	1912
2114	1912
2120	1912
2126	1912
2142	1912
2144	1912
2149	1912
2151	1912
2156	1912
2167	1912
2168	1912
2170	1912
2183	1912
2186	1912
2203	1912
2211	1912
2221	1912
2231	1912
2232	1912
2243	1912
2245	1912
2250	1912
2255	1912
2259	1912
2266	1912
2268	1912
2273	1912
2283	1912
2296	1912
2298	1912
2301	1912
2310	1912
2316	1912
2318	1912
2319	1912
2320	1912
2325	1912
2332	1912
2336	1912
2372	1912
2376	1912
2384	1912
2398	1912
2399	1912
2401	1912
2424	1912
2444	1912
2456	1912
2458	1912
2465	1912
2466	1912
2470	1912
2481	1912
2486	1912
2487	1912
2491	1912
2501	1912
2515	1912
2523	1912
2525	1912
2531	1912
2535	1912
2540	1912
2542	1912
2557	1912
2565	1912
2570	1912
2577	1912
2581	1912
2587	1912
2598	1912
2599	1912
2609	1912
2616	1912
2622	1912
2641	1912
2642	1912
2650	1912
2653	1912
2203	1913
2250	1913
2319	1913
2384	1913
2531	1913
2616	1913
1922	1915
2114	1915
2156	1915
2587	1915
1945	1916
2032	1916
2052	1916
2054	1916
2102	1916
2149	1916
2151	1916
2183	1916
2203	1916
2221	1916
2250	1916
2273	1916
2283	1916
2298	1916
2318	1916
2332	1916
2384	1916
2399	1916
2598	1916
2616	1916
2642	1916
2142	1917
2266	1917
2376	1917
2542	1917
1941	1918
2142	1918
2266	1918
2376	1918
2542	1918
1999	1919
1941	1920
1945	1920
2032	1920
2052	1920
2054	1920
2062	1920
2102	1920
2144	1920
2149	1920
2151	1920
2183	1920
2250	1920
2259	1920
2283	1920
2319	1920
2332	1920
2336	1920
2372	1920
2384	1920
2398	1920
2399	1920
2458	1920
2465	1920
2598	1920
2609	1920
2616	1920
2653	1920
1922	1990
1922	2107
1922	2120
2120	1922
1922	2126
2126	1922
1922	2129
1922	2156
2156	1922
1922	2160
1922	2317
1922	2341
1922	2412
1922	2424
2424	1922
1922	2455
1922	2587
2587	1922
1945	1923
1964	1923
2031	1923
2032	1923
2211	1923
2273	1923
2310	1923
2318	1923
2325	1923
2491	1923
2525	1923
2557	1923
2581	1923
2641	1923
2642	1923
1988	1924
2259	1924
2401	1924
2622	1924
2142	1925
2266	1925
2376	1925
2542	1925
1941	1926
1945	1926
1964	1926
2031	1926
2032	1926
2054	1926
2102	1926
2149	1926
2183	1926
2186	1926
2211	1926
2232	1926
2259	1926
2268	1926
2273	1926
2283	1926
2296	1926
2318	1926
2319	1926
2325	1926
2336	1926
2384	1926
2398	1926
2458	1926
2491	1926
2598	1926
2642	1926
1999	1927
1976	1928
2268	1928
2142	1929
2266	1929
2376	1929
2542	1929
1976	1931
1941	1932
1945	1932
2032	1932
2052	1932
2144	1932
2149	1932
2151	1932
2183	1932
2283	1932
2332	1932
2336	1932
2372	1932
2384	1932
2398	1932
2465	1932
2598	1932
2609	1932
2653	1932
2120	1933
2126	1933
2577	1933
2587	1933
2523	1934
2540	1934
1999	1935
2023	1936
1941	1938
2142	1938
2266	1938
2376	1938
2542	1938
1945	1939
2032	1939
2052	1939
2054	1939
2062	1939
2096	1939
2183	1939
2243	1939
2273	1939
2283	1939
2319	1939
2332	1939
2384	1939
2399	1939
2458	1939
2501	1939
2598	1939
2642	1939
1945	1940
2032	1940
2052	1940
2054	1940
2102	1940
2149	1940
2151	1940
2203	1940
2250	1940
2319	1940
2336	1940
2384	1940
2491	1940
2598	1940
2616	1940
1941	1945
1945	1941
1941	1946
1941	1947
1941	1948
1941	1955
1941	1959
1941	1964
1964	1941
1941	1971
1941	1979
1941	1985
1941	1993
1941	1994
1941	2002
1941	2005
1941	2007
1941	2021
1941	2026
1941	2028
1941	2030
1941	2032
2032	1941
1941	2033
1941	2039
1941	2040
1941	2042
1941	2043
1941	2046
1941	2047
1941	2052
2052	1941
1941	2053
1941	2054
2054	1941
1941	2057
1941	2058
1941	2059
1941	2063
1941	2064
1941	2065
1941	2068
1941	2071
1941	2072
1941	2078
1941	2081
1941	2087
1941	2088
1941	2090
1941	2093
1941	2095
1941	2099
1941	2101
1941	2102
2102	1941
1941	2103
1941	2104
1941	2108
1941	2111
1941	2117
1941	2121
1941	2123
1941	2125
1941	2127
1941	2128
1941	2131
1941	2137
1941	2138
1941	2142
2142	1941
1941	2144
2144	1941
1941	2148
1941	2150
1941	2153
1941	2165
1941	2169
1941	2180
1941	2183
2183	1941
1941	2184
1941	2187
1941	2188
1941	2191
1941	2194
1941	2196
1941	2199
1941	2206
1941	2208
1941	2215
1941	2223
1941	2224
1941	2229
1941	2233
1941	2239
1941	2240
1941	2244
1941	2246
1941	2247
1941	2253
1941	2257
1941	2264
1941	2266
2266	1941
1941	2271
1941	2275
1941	2276
1941	2279
1941	2280
1941	2282
1941	2283
2283	1941
1941	2285
1941	2292
1941	2293
1941	2300
1941	2302
1941	2306
1941	2308
1941	2309
1941	2315
1941	2319
2319	1941
1941	2323
1941	2324
1941	2327
1941	2328
1941	2332
2332	1941
1941	2333
1941	2334
1941	2336
2336	1941
1941	2338
1941	2340
1941	2347
1941	2348
1941	2351
1941	2354
1941	2355
1941	2363
1941	2367
1941	2369
1941	2370
1941	2379
1941	2381
1941	2384
2384	1941
1941	2385
1941	2395
1941	2398
2398	1941
1941	2408
1941	2410
1941	2420
1941	2423
1941	2428
1941	2429
1941	2430
1941	2436
1941	2451
1941	2458
2458	1941
1941	2460
1941	2461
1941	2462
1941	2464
1941	2465
2465	1941
1941	2468
1941	2472
1941	2475
1941	2478
1941	2482
1941	2489
1941	2491
2491	1941
1941	2492
1941	2495
1941	2507
1941	2508
1941	2509
1941	2510
1941	2511
1941	2516
1941	2518
1941	2521
1941	2526
1941	2530
1941	2533
1941	2539
1941	2542
2542	1941
1941	2543
1941	2547
1941	2550
1941	2551
1941	2555
1941	2556
1941	2559
1941	2560
1941	2561
1941	2563
1941	2564
1941	2567
1941	2571
1941	2573
1941	2575
1941	2578
1941	2586
1941	2590
1941	2592
1941	2593
1941	2594
1941	2597
1941	2598
2598	1941
1941	2600
1941	2601
1941	2602
1941	2604
1941	2607
1941	2608
1941	2609
2609	1941
1941	2611
1941	2615
1941	2616
2616	1941
1941	2617
1941	2619
1941	2623
1941	2625
1941	2629
1941	2630
1941	2642
2642	1941
1941	2643
1941	2649
2142	1942
2266	1942
2142	1943
2266	1943
2376	1943
2542	1943
1964	1944
2031	1944
2211	1944
2298	1944
2318	1944
2325	1944
2525	1944
2540	1944
2642	1944
1945	1947
1945	1948
1945	1954
1945	1955
1945	1959
1945	1994
1945	2002
1945	2007
1945	2010
1945	2028
1945	2032
2032	1945
1945	2038
1945	2039
1945	2047
1945	2052
2052	1945
1945	2054
2054	1945
1945	2068
1945	2071
1945	2072
1945	2081
1945	2087
1945	2101
1945	2102
2102	1945
1945	2111
1945	2117
1945	2125
1945	2127
1945	2133
1945	2135
1945	2138
1945	2143
1945	2144
2144	1945
1945	2148
1945	2149
2149	1945
1945	2151
2151	1945
1945	2153
1945	2161
1945	2169
1945	2174
1945	2176
1945	2183
2183	1945
1945	2187
1945	2189
1945	2191
1945	2194
1945	2196
1945	2199
1945	2203
2203	1945
1945	2223
1945	2224
1945	2232
2232	1945
1945	2241
1945	2246
1945	2247
1945	2250
2250	1945
1945	2254
1945	2259
2259	1945
1945	2268
2268	1945
1945	2273
2273	1945
1945	2280
1945	2282
1945	2283
2283	1945
1945	2289
1945	2292
1945	2294
1945	2302
1945	2304
1945	2315
1945	2319
2319	1945
1945	2327
1945	2328
1945	2330
1945	2332
2332	1945
1945	2333
1945	2336
2336	1945
1945	2338
1945	2343
1945	2344
1945	2345
1945	2347
1945	2351
1945	2367
1945	2377
1945	2379
1945	2384
2384	1945
1945	2394
1945	2398
2398	1945
1945	2399
2399	1945
1945	2417
1945	2419
1945	2420
1945	2434
1945	2436
1945	2445
1945	2451
1945	2458
2458	1945
1945	2461
1945	2463
1945	2465
2465	1945
1945	2471
1945	2472
1945	2473
1945	2475
1945	2491
2491	1945
1945	2498
1945	2508
1945	2509
1945	2510
1945	2511
1945	2512
1945	2516
1945	2518
1945	2533
1945	2537
1945	2543
1945	2555
1945	2567
1945	2571
1945	2582
1945	2588
1945	2589
1945	2592
1945	2594
1945	2597
1945	2598
2598	1945
1945	2608
1945	2616
2616	1945
1945	2617
1945	2629
1945	2635
1945	2642
2642	1945
1945	2643
1945	2649
2142	1946
2266	1946
2376	1946
2542	1946
2032	1947
2052	1947
2054	1947
2062	1947
2102	1947
2149	1947
2151	1947
2183	1947
2221	1947
2243	1947
2273	1947
2283	1947
2319	1947
2336	1947
2384	1947
2399	1947
2458	1947
2491	1947
2501	1947
2598	1947
2616	1947
2642	1947
2032	1948
2052	1948
2054	1948
2102	1948
2144	1948
2151	1948
2183	1948
2250	1948
2273	1948
2283	1948
2319	1948
2332	1948
2336	1948
2372	1948
2384	1948
2465	1948
2491	1948
2598	1948
2609	1948
1949	2126
2126	1949
1949	2146
1949	2152
1949	2173
1949	2181
1949	2236
1949	2277
1976	1951
1999	1951
2062	1952
2221	1952
2296	1952
2384	1952
2458	1952
2266	1953
1999	1954
2032	1954
2052	1954
2054	1954
2102	1954
2149	1954
2151	1954
2203	1954
2250	1954
2268	1954
2273	1954
2336	1954
2491	1954
2598	1954
2032	1955
2144	1955
2183	1955
2203	1955
2250	1955
2268	1955
2283	1955
2319	1955
2336	1955
2384	1955
2398	1955
2458	1955
2491	1955
2598	1955
2616	1955
2653	1955
2245	1956
2301	1956
2481	1956
2487	1956
2570	1956
2032	1959
2054	1959
2062	1959
2102	1959
2149	1959
2183	1959
2203	1959
2221	1959
2232	1959
2243	1959
2250	1959
2268	1959
2283	1959
2319	1959
2325	1959
2336	1959
2372	1959
2384	1959
2465	1959
2501	1959
2598	1959
2599	1959
1964	1960
2023	1960
2120	1960
2126	1960
2231	1960
2523	1960
2540	1960
2570	1960
2577	1960
1961	2128
1961	2281
1961	2301
2301	1961
1961	2317
1961	2487
2487	1961
1961	2535
2535	1961
2142	1962
2266	1962
2376	1962
2542	1962
2142	1963
2542	1963
1964	1965
1964	1974
1964	1977
1964	2007
1964	2023
2023	1964
1964	2031
2031	1964
1964	2035
1964	2036
1964	2038
1964	2042
1964	2047
1964	2066
1964	2081
1964	2085
1964	2091
1964	2117
1964	2126
2126	1964
1964	2127
1964	2133
1964	2138
1964	2141
1964	2145
1964	2149
2149	1964
1964	2162
1964	2174
1964	2176
1964	2185
1964	2186
2186	1964
1964	2189
1964	2197
1964	2209
1964	2211
2211	1964
1964	2214
1964	2219
1964	2226
1964	2228
1964	2232
2232	1964
1964	2236
1964	2242
1964	2256
1964	2265
1964	2268
2268	1964
1964	2279
1964	2282
1964	2288
1964	2289
1964	2291
1964	2292
1964	2296
2296	1964
1964	2302
1964	2310
2310	1964
1964	2313
1964	2317
1964	2318
2318	1964
1964	2322
1964	2325
2325	1964
1964	2335
1964	2342
1964	2345
1964	2361
1964	2362
1964	2366
1964	2367
1964	2371
1964	2384
2384	1964
1964	2398
2398	1964
1964	2406
1964	2416
1964	2419
1964	2425
1964	2440
1964	2448
1964	2453
1964	2488
1964	2498
1964	2505
1964	2514
1964	2517
1964	2525
2525	1964
1964	2540
2540	1964
1964	2557
2557	1964
1964	2566
1964	2589
1964	2608
1964	2610
1964	2612
1964	2618
1964	2637
1964	2642
2642	1964
1964	2651
2114	1965
2126	1965
2231	1965
2325	1965
2557	1965
2062	1966
2142	1966
2266	1966
2376	1966
2542	1966
2581	1966
1976	1968
1999	1968
2054	1970
2062	1970
2151	1970
2183	1970
2221	1970
2243	1970
2283	1970
2318	1970
2325	1970
2384	1970
2399	1970
2501	1970
2525	1970
2531	1970
2598	1970
2142	1971
2266	1971
2376	1971
2542	1971
1976	1972
2268	1972
2531	1972
1976	1973
1999	1973
2268	1973
2319	1973
2384	1973
2616	1973
2114	1975
2126	1975
2156	1975
1976	1991
1976	1998
1976	1999
1999	1976
1976	2000
1976	2001
1976	2004
1976	2006
1976	2009
1976	2012
1976	2013
1976	2018
1976	2022
1976	2024
1976	2099
1976	2157
1976	2159
1976	2171
1976	2192
1976	2268
2268	1976
1976	2284
1976	2337
1976	2364
1976	2365
1976	2384
2384	1976
1976	2447
1976	2459
1976	2472
1976	2583
1976	2620
1976	2639
1976	2659
2211	1977
2142	1979
2266	1979
2376	1979
2542	1979
1999	1980
2054	1981
2062	1981
2221	1981
2243	1981
2336	1981
2384	1981
2399	1981
2458	1981
2501	1981
1988	1982
2142	1982
2142	1983
2266	1983
2376	1983
2542	1983
2142	1984
2266	1984
2376	1984
2542	1984
2062	1985
2142	1985
2266	1985
2319	1985
2336	1985
2376	1985
2384	1985
2542	1985
2142	1986
2266	1986
2376	1986
2542	1986
2232	1987
2268	1987
2273	1987
2332	1987
2372	1987
2581	1987
1988	1992
1992	1988
1988	2076
2076	1988
1988	2170
2170	1988
1988	2207
1988	2259
2259	1988
1988	2320
2320	1988
1988	2349
1988	2398
2398	1988
1988	2399
2399	1988
1988	2401
2401	1988
1988	2426
1988	2443
1988	2444
2444	1988
1988	2466
2466	1988
1988	2486
2486	1988
1988	2490
1988	2513
1988	2515
2515	1988
1988	2594
1988	2622
2622	1988
1988	2650
2650	1988
2142	1989
2266	1989
2376	1989
2501	1989
2542	1989
1992	2170
2170	1992
1992	2207
1992	2255
2255	1992
1992	2320
2320	1992
1992	2349
1992	2401
2401	1992
1992	2426
1992	2444
2444	1992
1992	2466
2466	1992
1992	2486
2486	1992
1992	2513
1992	2622
2622	1992
1992	2650
2650	1992
2142	1993
2266	1993
2376	1993
2542	1993
2622	1993
2062	1994
2102	1994
2183	1994
2283	1994
2319	1994
2332	1994
2372	1994
2384	1994
2598	1994
2609	1994
1999	1995
2268	1995
1996	2017
2017	1996
1996	2565
2565	1996
1996	2581
2581	1996
2266	1997
2542	1997
1999	2004
1999	2006
1999	2009
1999	2012
1999	2018
1999	2027
1999	2116
1999	2143
1999	2171
1999	2284
1999	2297
1999	2337
1999	2365
1999	2378
1999	2459
1999	2538
1999	2583
1999	2620
1999	2627
1999	2633
1999	2640
1999	2645
1999	2647
2052	2002
2054	2002
2062	2002
2142	2002
2149	2002
2151	2002
2183	2002
2203	2002
2250	2002
2268	2002
2273	2002
2283	2002
2319	2002
2332	2002
2336	2002
2399	2002
2598	2002
2642	2002
2054	2003
2062	2003
2221	2003
2243	2003
2384	2003
2491	2003
2501	2003
2642	2003
2268	2004
2142	2005
2266	2005
2376	2005
2031	2007
2032	2007
2052	2007
2054	2007
2102	2007
2144	2007
2149	2007
2151	2007
2183	2007
2203	2007
2211	2007
2232	2007
2259	2007
2266	2007
2268	2007
2283	2007
2319	2007
2325	2007
2332	2007
2372	2007
2384	2007
2398	2007
2399	2007
2458	2007
2491	2007
2598	2007
2616	2007
2642	2007
2653	2007
2114	2008
2126	2008
2232	2008
2268	2009
2032	2010
2052	2010
2054	2010
2102	2010
2149	2010
2151	2010
2183	2010
2203	2010
2250	2010
2273	2010
2283	2010
2325	2010
2336	2010
2384	2010
2399	2010
2598	2010
2616	2010
2642	2010
2156	2015
2017	2041
2041	2017
2017	2296
2296	2017
2017	2321
2017	2421
2017	2565
2565	2017
2268	2018
2142	2020
2266	2020
2376	2020
2542	2020
2268	2022
2023	2035
2023	2047
2023	2089
2023	2091
2023	2129
2023	2193
2023	2197
2023	2231
2231	2023
2023	2236
2023	2316
2316	2023
2023	2317
2023	2341
2023	2361
2023	2366
2023	2371
2023	2412
2023	2440
2023	2474
2023	2488
2023	2577
2577	2023
2023	2628
2268	2024
2054	2026
2102	2026
2183	2026
2250	2026
2268	2026
2283	2026
2319	2026
2336	2026
2384	2026
2398	2026
2458	2026
2531	2026
2598	2026
2268	2027
2032	2028
2052	2028
2054	2028
2102	2028
2149	2028
2183	2028
2250	2028
2273	2028
2283	2028
2298	2028
2332	2028
2336	2028
2372	2028
2384	2028
2465	2028
2598	2028
2609	2028
2616	2028
2642	2028
2653	2028
2062	2029
2298	2029
2318	2029
2325	2029
2501	2029
2540	2029
2581	2029
2642	2029
2142	2030
2266	2030
2376	2030
2542	2030
2031	2036
2031	2038
2031	2047
2031	2066
2031	2117
2031	2127
2031	2133
2031	2138
2031	2141
2031	2145
2031	2149
2149	2031
2031	2174
2031	2176
2031	2185
2031	2205
2031	2209
2031	2211
2211	2031
2031	2214
2031	2232
2232	2031
2031	2242
2031	2254
2031	2270
2031	2272
2031	2283
2283	2031
2031	2289
2031	2291
2031	2318
2318	2031
2031	2322
2031	2325
2325	2031
2031	2327
2031	2362
2031	2366
2031	2406
2031	2416
2031	2419
2031	2425
2031	2473
2031	2480
2031	2514
2031	2517
2031	2525
2525	2031
2031	2557
2557	2031
2031	2588
2031	2610
2031	2612
2031	2642
2642	2031
2032	2038
2032	2039
2032	2042
2032	2047
2032	2054
2054	2032
2032	2068
2032	2071
2032	2072
2032	2081
2032	2087
2032	2096
2096	2032
2032	2102
2102	2032
2032	2111
2032	2125
2032	2127
2032	2133
2032	2134
2032	2138
2032	2143
2032	2144
2144	2032
2032	2148
2032	2149
2149	2032
2032	2151
2151	2032
2032	2153
2032	2161
2032	2169
2032	2174
2032	2176
2032	2180
2032	2183
2183	2032
2032	2187
2032	2189
2032	2191
2032	2194
2032	2196
2032	2199
2032	2203
2203	2032
2032	2223
2032	2224
2032	2232
2232	2032
2032	2241
2032	2246
2032	2247
2032	2254
2032	2259
2259	2032
2032	2264
2032	2268
2268	2032
2032	2273
2273	2032
2032	2279
2032	2280
2032	2282
2032	2283
2283	2032
2032	2285
2032	2289
2032	2292
2032	2294
2032	2302
2032	2304
2032	2315
2032	2319
2319	2032
2032	2327
2032	2328
2032	2332
2332	2032
2032	2333
2032	2336
2336	2032
2032	2338
2032	2343
2032	2344
2032	2347
2032	2351
2032	2367
2032	2368
2032	2377
2032	2384
2384	2032
2032	2394
2032	2398
2398	2032
2032	2399
2399	2032
2032	2416
2032	2417
2032	2419
2032	2420
2032	2434
2032	2436
2032	2445
2032	2451
2032	2458
2458	2032
2032	2461
2032	2463
2032	2465
2465	2032
2032	2471
2032	2472
2032	2473
2032	2475
2032	2491
2491	2032
2032	2498
2032	2508
2032	2509
2032	2510
2032	2511
2032	2512
2032	2516
2032	2518
2032	2519
2032	2533
2032	2537
2032	2543
2032	2555
2032	2567
2032	2571
2032	2582
2032	2588
2032	2589
2032	2592
2032	2594
2032	2597
2032	2598
2598	2032
2032	2599
2599	2032
2032	2608
2032	2616
2616	2032
2032	2617
2032	2629
2032	2635
2032	2642
2642	2032
2032	2643
2032	2649
2142	2033
2266	2033
2041	2034
2120	2034
2156	2034
2126	2035
2231	2035
2211	2036
2318	2036
2142	2037
2266	2037
2542	2037
2052	2038
2054	2038
2102	2038
2144	2038
2149	2038
2183	2038
2186	2038
2203	2038
2211	2038
2232	2038
2250	2038
2259	2038
2268	2038
2283	2038
2296	2038
2318	2038
2319	2038
2325	2038
2336	2038
2372	2038
2384	2038
2398	2038
2458	2038
2491	2038
2525	2038
2598	2038
2616	2038
2642	2038
2653	2038
2052	2039
2054	2039
2102	2039
2144	2039
2149	2039
2151	2039
2183	2039
2203	2039
2232	2039
2250	2039
2268	2039
2273	2039
2283	2039
2319	2039
2332	2039
2336	2039
2372	2039
2384	2039
2465	2039
2598	2039
2609	2039
2616	2039
2642	2039
2653	2039
2142	2040
2266	2040
2376	2040
2501	2040
2041	2313
2041	2321
2041	2342
2041	2456
2456	2041
2041	2634
2052	2042
2054	2042
2102	2042
2149	2042
2151	2042
2183	2042
2203	2042
2250	2042
2268	2042
2283	2042
2332	2042
2336	2042
2372	2042
2384	2042
2458	2042
2491	2042
2598	2042
2642	2042
2653	2042
2142	2043
2266	2043
2376	2043
2542	2043
2142	2044
2266	2044
2142	2045
2266	2045
2376	2045
2542	2045
2142	2046
2266	2046
2376	2046
2542	2046
2052	2047
2102	2047
2126	2047
2144	2047
2149	2047
2183	2047
2186	2047
2203	2047
2211	2047
2231	2047
2232	2047
2250	2047
2259	2047
2268	2047
2273	2047
2283	2047
2296	2047
2310	2047
2318	2047
2319	2047
2325	2047
2332	2047
2336	2047
2372	2047
2384	2047
2398	2047
2458	2047
2465	2047
2491	2047
2525	2047
2557	2047
2581	2047
2598	2047
2609	2047
2616	2047
2641	2047
2642	2047
2653	2047
2211	2048
2296	2048
2581	2048
2231	2049
2523	2049
2570	2049
2126	2051
2052	2053
2052	2054
2054	2052
2052	2068
2052	2071
2052	2072
2052	2081
2052	2087
2052	2099
2052	2102
2102	2052
2052	2111
2052	2117
2052	2125
2052	2128
2052	2132
2052	2133
2052	2138
2052	2143
2052	2148
2052	2149
2149	2052
2052	2151
2151	2052
2052	2153
2052	2169
2052	2174
2052	2176
2052	2183
2183	2052
2052	2187
2052	2194
2052	2196
2052	2199
2052	2203
2203	2052
2052	2224
2052	2241
2052	2246
2052	2247
2052	2250
2250	2052
2052	2273
2273	2052
2052	2279
2052	2282
2052	2283
2283	2052
2052	2289
2052	2292
2052	2294
2052	2302
2052	2304
2052	2319
2319	2052
2052	2328
2052	2332
2332	2052
2052	2333
2052	2336
2336	2052
2052	2338
2052	2343
2052	2344
2052	2347
2052	2351
2052	2368
2052	2372
2372	2052
2052	2377
2052	2384
2384	2052
2052	2399
2399	2052
2052	2420
2052	2458
2458	2052
2052	2461
2052	2463
2052	2471
2052	2475
2052	2491
2491	2052
2052	2498
2052	2509
2052	2510
2052	2511
2052	2516
2052	2537
2052	2543
2052	2555
2052	2582
2052	2588
2052	2592
2052	2594
2052	2598
2598	2052
2052	2603
2052	2616
2616	2052
2052	2629
2052	2642
2642	2052
2052	2643
2052	2649
2054	2053
2183	2053
2203	2053
2243	2053
2273	2053
2283	2053
2332	2053
2336	2053
2372	2053
2384	2053
2398	2053
2399	2053
2458	2053
2491	2053
2501	2053
2598	2053
2609	2053
2054	2062
2062	2054
2054	2068
2054	2071
2054	2072
2054	2075
2054	2081
2054	2087
2054	2096
2096	2054
2054	2101
2054	2102
2102	2054
2054	2110
2054	2111
2054	2117
2054	2125
2054	2127
2054	2128
2054	2132
2054	2133
2054	2134
2054	2135
2054	2138
2054	2143
2054	2144
2144	2054
2054	2148
2054	2149
2149	2054
2054	2151
2151	2054
2054	2153
2054	2161
2054	2163
2054	2169
2054	2174
2054	2176
2054	2180
2054	2183
2183	2054
2054	2187
2054	2189
2054	2191
2054	2194
2054	2196
2054	2199
2054	2203
2203	2054
2054	2221
2221	2054
2054	2222
2054	2223
2054	2224
2054	2235
2054	2241
2054	2243
2243	2054
2054	2246
2054	2247
2054	2249
2054	2250
2250	2054
2054	2267
2054	2273
2273	2054
2054	2274
2054	2279
2054	2280
2054	2282
2054	2283
2283	2054
2054	2289
2054	2292
2054	2293
2054	2294
2054	2302
2054	2315
2054	2319
2319	2054
2054	2325
2325	2054
2054	2327
2054	2328
2054	2332
2332	2054
2054	2333
2054	2336
2336	2054
2054	2338
2054	2343
2054	2344
2054	2347
2054	2351
2054	2368
2054	2372
2372	2054
2054	2377
2054	2384
2384	2054
2054	2390
2054	2394
2054	2396
2054	2398
2398	2054
2054	2399
2399	2054
2054	2415
2054	2419
2054	2420
2054	2434
2054	2438
2054	2445
2054	2451
2054	2458
2458	2054
2054	2461
2054	2463
2054	2465
2465	2054
2054	2475
2054	2479
2054	2491
2491	2054
2054	2498
2054	2501
2501	2054
2054	2508
2054	2509
2054	2510
2054	2511
2054	2512
2054	2516
2054	2518
2054	2519
2054	2537
2054	2543
2054	2555
2054	2567
2054	2568
2054	2582
2054	2588
2054	2589
2054	2592
2054	2594
2054	2597
2054	2598
2598	2054
2054	2603
2054	2608
2054	2609
2609	2054
2054	2616
2616	2054
2054	2617
2054	2629
2054	2642
2642	2054
2054	2643
2054	2649
2054	2652
2054	2653
2653	2054
2142	2055
2266	2055
2376	2055
2542	2055
2142	2056
2266	2056
2376	2056
2102	2057
2149	2057
2268	2057
2332	2057
2336	2057
2372	2057
2384	2057
2491	2057
2142	2058
2266	2058
2142	2059
2266	2059
2542	2059
2142	2060
2266	2060
2376	2060
2501	2060
2542	2060
2062	2069
2062	2072
2062	2075
2062	2081
2062	2096
2096	2062
2062	2101
2062	2110
2062	2111
2062	2121
2062	2125
2062	2132
2062	2137
2062	2161
2062	2183
2183	2062
2062	2221
2221	2062
2062	2222
2062	2224
2062	2229
2062	2235
2062	2242
2062	2243
2243	2062
2062	2274
2062	2279
2062	2280
2062	2282
2062	2283
2283	2062
2062	2315
2062	2319
2319	2062
2062	2327
2062	2328
2062	2333
2062	2338
2062	2344
2062	2347
2062	2351
2062	2384
2384	2062
2062	2390
2062	2394
2062	2396
2062	2398
2398	2062
2062	2415
2062	2420
2062	2434
2062	2438
2062	2451
2062	2458
2458	2062
2062	2479
2062	2501
2501	2062
2062	2509
2062	2511
2062	2537
2062	2542
2542	2062
2062	2543
2062	2592
2062	2597
2062	2598
2598	2062
2062	2603
2062	2617
2062	2629
2062	2652
2142	2063
2266	2063
2376	2063
2142	2064
2266	2064
2376	2064
2542	2064
2183	2065
2384	2065
2211	2066
2642	2066
2102	2068
2144	2068
2149	2068
2151	2068
2183	2068
2203	2068
2232	2068
2259	2068
2268	2068
2283	2068
2319	2068
2332	2068
2372	2068
2384	2068
2398	2068
2458	2068
2491	2068
2598	2068
2616	2068
2653	2068
2142	2069
2266	2069
2376	2069
2501	2069
2542	2069
2126	2070
2156	2070
2570	2070
2102	2071
2144	2071
2149	2071
2151	2071
2183	2071
2250	2071
2268	2071
2273	2071
2283	2071
2319	2071
2332	2071
2336	2071
2372	2071
2384	2071
2398	2071
2458	2071
2465	2071
2491	2071
2598	2071
2599	2071
2609	2071
2642	2071
2653	2071
2096	2072
2144	2072
2183	2072
2203	2072
2232	2072
2243	2072
2268	2072
2283	2072
2319	2072
2336	2072
2384	2072
2398	2072
2399	2072
2458	2072
2491	2072
2501	2072
2598	2072
2653	2072
2142	2073
2266	2073
2376	2073
2542	2073
2142	2074
2266	2074
2376	2074
2542	2074
2221	2075
2243	2075
2384	2075
2501	2075
2076	2170
2170	2076
2076	2207
2076	2255
2255	2076
2076	2320
2320	2076
2076	2349
2076	2401
2401	2076
2076	2425
2076	2426
2076	2444
2444	2076
2076	2466
2466	2076
2076	2486
2486	2076
2076	2513
2076	2515
2515	2076
2076	2622
2622	2076
2076	2650
2650	2076
2142	2077
2266	2077
2376	2077
2142	2078
2266	2078
2376	2078
2542	2078
2102	2081
2144	2081
2149	2081
2183	2081
2243	2081
2250	2081
2273	2081
2283	2081
2319	2081
2332	2081
2336	2081
2372	2081
2384	2081
2398	2081
2399	2081
2458	2081
2465	2081
2491	2081
2501	2081
2598	2081
2609	2081
2642	2081
2653	2081
2120	2082
2540	2082
2570	2082
2142	2083
2266	2083
2542	2083
2142	2084
2266	2084
2376	2084
2186	2085
2211	2085
2232	2085
2296	2085
2523	2085
2581	2085
2142	2086
2266	2086
2376	2086
2542	2086
2102	2087
2144	2087
2149	2087
2151	2087
2183	2087
2203	2087
2250	2087
2259	2087
2268	2087
2273	2087
2283	2087
2319	2087
2325	2087
2332	2087
2336	2087
2372	2087
2384	2087
2398	2087
2465	2087
2491	2087
2598	2087
2609	2087
2616	2087
2642	2087
2653	2087
2142	2088
2266	2088
2376	2088
2542	2088
2126	2089
2231	2089
2570	2089
2142	2090
2266	2090
2376	2090
2542	2090
2126	2091
2156	2091
2231	2091
2540	2091
2142	2093
2266	2093
2376	2093
2401	2093
2542	2093
2094	2167
2167	2094
2094	2245
2245	2094
2094	2281
2094	2301
2301	2094
2094	2487
2487	2094
2094	2535
2535	2094
2142	2095
2266	2095
2376	2095
2542	2095
2616	2095
2096	2132
2096	2222
2096	2243
2243	2096
2096	2328
2096	2333
2096	2390
2096	2432
2096	2434
2096	2438
2096	2480
2096	2501
2501	2096
2096	2509
2096	2518
2096	2568
2096	2603
2142	2098
2266	2098
2376	2098
2542	2098
2126	2099
2283	2099
2183	2101
2221	2101
2243	2101
2283	2101
2384	2101
2458	2101
2501	2101
2598	2101
2102	2111
2102	2116
2102	2117
2102	2125
2102	2127
2102	2132
2102	2133
2102	2134
2102	2138
2102	2143
2102	2148
2102	2149
2149	2102
2102	2151
2151	2102
2102	2153
2102	2169
2102	2174
2102	2176
2102	2180
2102	2183
2183	2102
2102	2187
2102	2189
2102	2194
2102	2196
2102	2198
2102	2199
2102	2203
2203	2102
2102	2215
2102	2223
2102	2224
2102	2239
2102	2241
2102	2246
2102	2250
2250	2102
2102	2254
2102	2259
2259	2102
2102	2264
2102	2267
2102	2268
2268	2102
2102	2273
2273	2102
2102	2279
2102	2280
2102	2282
2102	2283
2283	2102
2102	2285
2102	2289
2102	2292
2102	2294
2102	2302
2102	2305
2102	2325
2325	2102
2102	2327
2102	2328
2102	2332
2332	2102
2102	2336
2336	2102
2102	2338
2102	2343
2102	2344
2102	2347
2102	2351
2102	2368
2102	2372
2372	2102
2102	2384
2384	2102
2102	2385
2102	2400
2102	2413
2102	2417
2102	2419
2102	2436
2102	2451
2102	2459
2102	2461
2102	2463
2102	2471
2102	2475
2102	2491
2491	2102
2102	2498
2102	2508
2102	2509
2102	2510
2102	2511
2102	2519
2102	2529
2102	2531
2531	2102
2102	2533
2102	2543
2102	2547
2102	2555
2102	2567
2102	2582
2102	2588
2102	2589
2102	2598
2598	2102
2102	2610
2102	2612
2102	2616
2616	2102
2102	2617
2102	2629
2102	2642
2642	2102
2102	2643
2102	2649
2142	2103
2266	2103
2376	2103
2542	2103
2142	2104
2266	2104
2376	2104
2542	2104
2120	2105
2126	2105
2570	2105
2168	2106
2120	2107
2126	2107
2325	2107
2424	2107
2570	2107
2587	2107
2142	2108
2266	2108
2376	2108
2542	2108
2142	2109
2266	2109
2376	2109
2542	2109
2142	2110
2221	2110
2384	2110
2501	2110
2144	2111
2149	2111
2151	2111
2183	2111
2203	2111
2221	2111
2232	2111
2243	2111
2250	2111
2259	2111
2268	2111
2273	2111
2283	2111
2319	2111
2325	2111
2332	2111
2336	2111
2372	2111
2384	2111
2398	2111
2399	2111
2458	2111
2465	2111
2491	2111
2501	2111
2598	2111
2609	2111
2616	2111
2642	2111
2653	2111
2142	2112
2266	2112
2376	2112
2542	2112
2114	2119
2114	2156
2156	2114
2114	2160
2114	2176
2114	2228
2114	2231
2231	2114
2114	2260
2114	2322
2114	2361
2114	2412
2142	2115
2266	2115
2376	2115
2542	2115
2203	2116
2268	2116
2531	2116
2616	2116
2642	2116
2126	2117
2144	2117
2149	2117
2183	2117
2203	2117
2211	2117
2232	2117
2250	2117
2268	2117
2273	2117
2283	2117
2310	2117
2319	2117
2325	2117
2336	2117
2372	2117
2384	2117
2458	2117
2465	2117
2491	2117
2525	2117
2557	2117
2598	2117
2609	2117
2641	2117
2653	2117
2142	2118
2266	2118
2376	2118
2542	2118
2570	2119
2120	2126
2126	2120
2120	2129
2120	2156
2156	2120
2120	2160
2120	2181
2120	2260
2120	2313
2120	2317
2120	2405
2120	2412
2120	2448
2120	2523
2523	2120
2120	2577
2577	2120
2120	2587
2587	2120
2120	2628
2142	2121
2266	2121
2376	2121
2542	2121
2142	2122
2266	2122
2376	2122
2542	2122
2142	2123
2266	2123
2376	2123
2542	2123
2142	2124
2266	2124
2376	2124
2542	2124
2149	2125
2151	2125
2183	2125
2203	2125
2232	2125
2243	2125
2250	2125
2273	2125
2283	2125
2298	2125
2319	2125
2332	2125
2336	2125
2372	2125
2384	2125
2398	2125
2399	2125
2458	2125
2501	2125
2598	2125
2616	2125
2642	2125
2126	2129
2126	2146
2126	2152
2126	2160
2126	2162
2126	2173
2126	2181
2126	2197
2126	2231
2231	2126
2126	2236
2126	2283
2283	2126
2126	2301
2301	2126
2126	2313
2126	2317
2126	2335
2126	2341
2126	2360
2126	2361
2126	2366
2126	2371
2126	2405
2126	2412
2126	2424
2424	2126
2126	2440
2126	2448
2126	2455
2126	2488
2126	2535
2535	2126
2126	2540
2540	2126
2126	2570
2570	2126
2126	2577
2577	2126
2126	2587
2587	2126
2126	2628
2126	2659
2144	2127
2149	2127
2151	2127
2183	2127
2203	2127
2250	2127
2268	2127
2283	2127
2319	2127
2332	2127
2336	2127
2372	2127
2384	2127
2398	2127
2458	2127
2491	2127
2598	2127
2616	2127
2151	2128
2183	2128
2203	2128
2250	2128
2268	2128
2283	2128
2310	2128
2332	2128
2372	2128
2384	2128
2399	2128
2491	2128
2598	2128
2616	2128
2642	2128
2231	2129
2540	2129
2570	2129
2577	2129
2587	2129
2156	2130
2142	2131
2266	2131
2376	2131
2542	2131
2149	2132
2183	2132
2221	2132
2243	2132
2273	2132
2319	2132
2336	2132
2384	2132
2399	2132
2458	2132
2491	2132
2501	2132
2598	2132
2642	2132
2144	2133
2149	2133
2151	2133
2203	2133
2211	2133
2231	2133
2232	2133
2250	2133
2268	2133
2273	2133
2283	2133
2296	2133
2310	2133
2318	2133
2319	2133
2325	2133
2336	2133
2372	2133
2384	2133
2398	2133
2399	2133
2491	2133
2525	2133
2557	2133
2598	2133
2616	2133
2642	2133
2653	2133
2149	2134
2268	2134
2273	2134
2283	2134
2319	2134
2332	2134
2336	2134
2372	2134
2384	2134
2398	2134
2399	2134
2465	2134
2598	2134
2616	2134
2642	2134
2183	2135
2203	2135
2268	2135
2283	2135
2319	2135
2332	2135
2336	2135
2372	2135
2384	2135
2598	2135
2642	2135
2653	2135
2376	2136
2183	2137
2283	2137
2319	2137
2384	2137
2398	2137
2491	2137
2144	2138
2149	2138
2151	2138
2183	2138
2203	2138
2232	2138
2250	2138
2259	2138
2273	2138
2283	2138
2319	2138
2325	2138
2332	2138
2336	2138
2372	2138
2384	2138
2398	2138
2458	2138
2465	2138
2491	2138
2598	2138
2609	2138
2642	2138
2653	2138
2142	2139
2266	2139
2542	2139
2142	2140
2266	2140
2376	2140
2542	2140
2211	2141
2318	2141
2642	2141
2142	2150
2142	2154
2142	2164
2142	2165
2142	2172
2142	2179
2142	2184
2142	2188
2142	2189
2142	2190
2142	2201
2142	2206
2142	2212
2142	2213
2142	2216
2142	2218
2142	2220
2142	2226
2142	2229
2142	2233
2142	2240
2142	2244
2142	2253
2142	2257
2142	2258
2142	2261
2142	2266
2266	2142
2142	2271
2142	2275
2142	2276
2142	2278
2142	2287
2142	2290
2142	2299
2142	2300
2142	2303
2142	2306
2142	2307
2142	2308
2142	2309
2142	2311
2142	2323
2142	2324
2142	2326
2142	2328
2142	2329
2142	2331
2142	2334
2142	2336
2336	2142
2142	2339
2142	2340
2142	2347
2142	2348
2142	2352
2142	2354
2142	2356
2142	2359
2142	2363
2142	2369
2142	2370
2142	2374
2142	2376
2376	2142
2142	2381
2142	2386
2142	2387
2142	2392
2142	2393
2142	2395
2142	2398
2398	2142
2142	2404
2142	2407
2142	2408
2142	2409
2142	2410
2142	2414
2142	2423
2142	2427
2142	2428
2142	2429
2142	2430
2142	2433
2142	2443
2142	2446
2142	2449
2142	2454
2142	2460
2142	2462
2142	2464
2142	2467
2142	2468
2142	2469
2142	2476
2142	2478
2142	2482
2142	2484
2142	2485
2142	2492
2142	2495
2142	2499
2142	2500
2142	2501
2501	2142
2142	2504
2142	2506
2142	2507
2142	2512
2142	2518
2142	2520
2142	2521
2142	2526
2142	2532
2142	2536
2142	2539
2142	2542
2542	2142
2142	2543
2142	2546
2142	2549
2142	2550
2142	2551
2142	2552
2142	2553
2142	2554
2142	2556
2142	2559
2142	2560
2142	2561
2142	2564
2142	2573
2142	2574
2142	2575
2142	2578
2142	2579
2142	2586
2142	2590
2142	2591
2142	2593
2142	2600
2142	2601
2142	2602
2142	2604
2142	2606
2142	2607
2142	2611
2142	2615
2142	2619
2142	2623
2142	2624
2142	2625
2142	2630
2142	2631
2142	2638
2142	2646
2142	2654
2142	2655
2149	2143
2151	2143
2203	2143
2250	2143
2273	2143
2283	2143
2319	2143
2336	2143
2384	2143
2491	2143
2598	2143
2616	2143
2144	2148
2144	2153
2144	2174
2144	2183
2183	2144
2144	2187
2144	2189
2144	2191
2144	2194
2144	2196
2144	2199
2144	2223
2144	2224
2144	2241
2144	2254
2144	2268
2268	2144
2144	2282
2144	2283
2283	2144
2144	2289
2144	2292
2144	2315
2144	2319
2319	2144
2144	2330
2144	2332
2332	2144
2144	2333
2144	2336
2336	2144
2144	2351
2144	2384
2384	2144
2144	2398
2398	2144
2144	2401
2401	2144
2144	2436
2144	2445
2144	2451
2144	2463
2144	2465
2465	2144
2144	2471
2144	2472
2144	2491
2491	2144
2144	2510
2144	2511
2144	2543
2144	2555
2144	2589
2144	2592
2144	2594
2144	2598
2598	2144
2144	2599
2599	2144
2144	2609
2609	2144
2144	2616
2616	2144
2144	2617
2144	2642
2642	2144
2144	2643
2144	2649
2144	2653
2653	2144
2186	2145
2211	2145
2232	2145
2296	2145
2325	2145
2525	2145
2642	2145
2424	2146
2266	2147
2376	2147
2183	2148
2283	2148
2332	2148
2336	2148
2372	2148
2384	2148
2398	2148
2458	2148
2465	2148
2598	2148
2599	2148
2609	2148
2149	2151
2151	2149
2149	2153
2149	2155
2149	2169
2149	2174
2149	2176
2149	2183
2183	2149
2149	2185
2149	2187
2149	2189
2149	2194
2149	2196
2149	2198
2149	2199
2149	2203
2203	2149
2149	2215
2149	2223
2149	2224
2149	2226
2149	2241
2149	2246
2149	2247
2149	2250
2250	2149
2149	2254
2149	2268
2268	2149
2149	2273
2273	2149
2149	2279
2149	2282
2149	2283
2283	2149
2149	2289
2149	2292
2149	2293
2149	2294
2149	2302
2149	2319
2319	2149
2149	2325
2325	2149
2149	2328
2149	2330
2149	2332
2332	2149
2149	2333
2149	2336
2336	2149
2149	2338
2149	2343
2149	2344
2149	2347
2149	2351
2149	2368
2149	2372
2372	2149
2149	2384
2384	2149
2149	2385
2149	2398
2398	2149
2149	2399
2399	2149
2149	2419
2149	2434
2149	2436
2149	2445
2149	2461
2149	2463
2149	2471
2149	2475
2149	2491
2491	2149
2149	2498
2149	2508
2149	2509
2149	2510
2149	2512
2149	2516
2149	2519
2149	2525
2525	2149
2149	2529
2149	2533
2149	2543
2149	2547
2149	2555
2149	2572
2149	2582
2149	2588
2149	2592
2149	2598
2598	2149
2149	2603
2149	2608
2149	2616
2616	2149
2149	2617
2149	2629
2149	2642
2642	2149
2149	2643
2149	2649
2266	2150
2376	2150
2542	2150
2151	2153
2151	2169
2151	2174
2151	2176
2151	2180
2151	2187
2151	2189
2151	2199
2151	2203
2203	2151
2151	2223
2151	2224
2151	2241
2151	2246
2151	2247
2151	2250
2250	2151
2151	2267
2151	2273
2273	2151
2151	2289
2151	2292
2151	2294
2151	2319
2319	2151
2151	2328
2151	2336
2336	2151
2151	2338
2151	2343
2151	2344
2151	2347
2151	2351
2151	2368
2151	2377
2151	2384
2384	2151
2151	2399
2399	2151
2151	2419
2151	2436
2151	2461
2151	2463
2151	2468
2151	2471
2151	2475
2151	2498
2151	2509
2151	2510
2151	2512
2151	2522
2151	2543
2151	2567
2151	2582
2151	2588
2151	2589
2151	2598
2598	2151
2151	2616
2616	2151
2151	2629
2151	2642
2642	2151
2151	2649
2231	2152
2183	2153
2203	2153
2250	2153
2268	2153
2273	2153
2283	2153
2319	2153
2325	2153
2332	2153
2336	2153
2372	2153
2384	2153
2398	2153
2465	2153
2491	2153
2598	2153
2599	2153
2609	2153
2616	2153
2642	2153
2653	2153
2266	2154
2376	2154
2542	2154
2221	2155
2273	2155
2283	2155
2310	2155
2318	2155
2325	2155
2491	2155
2501	2155
2525	2155
2557	2155
2641	2155
2642	2155
2156	2160
2156	2162
2156	2173
2156	2197
2156	2231
2231	2156
2156	2251
2156	2322
2156	2341
2156	2360
2156	2388
2156	2412
2156	2424
2424	2156
2156	2455
2156	2577
2577	2156
2156	2587
2587	2156
2156	2659
2268	2157
2231	2158
2523	2158
2577	2160
2587	2160
2221	2161
2232	2161
2243	2161
2259	2161
2336	2161
2384	2161
2458	2161
2491	2161
2501	2161
2598	2161
2325	2162
2540	2162
2183	2163
2283	2163
2399	2163
2266	2164
2376	2164
2542	2164
2266	2165
2376	2165
2542	2165
2167	2281
2167	2487
2487	2167
2167	2535
2535	2167
2168	2421
2183	2169
2203	2169
2250	2169
2273	2169
2283	2169
2332	2169
2336	2169
2372	2169
2384	2169
2398	2169
2399	2169
2491	2169
2598	2169
2616	2169
2642	2169
2170	2207
2170	2255
2255	2170
2170	2320
2320	2170
2170	2349
2170	2399
2399	2170
2170	2401
2401	2170
2170	2426
2170	2444
2444	2170
2170	2466
2466	2170
2170	2486
2486	2170
2170	2490
2170	2513
2170	2622
2622	2170
2170	2650
2650	2170
2268	2171
2266	2172
2376	2172
2542	2172
2540	2173
2183	2174
2203	2174
2211	2174
2250	2174
2268	2174
2283	2174
2296	2174
2319	2174
2325	2174
2336	2174
2372	2174
2384	2174
2398	2174
2458	2174
2491	2174
2581	2174
2598	2174
2616	2174
2653	2174
2642	2175
2203	2176
2211	2176
2250	2176
2273	2176
2310	2176
2318	2176
2325	2176
2336	2176
2372	2176
2384	2176
2525	2176
2557	2176
2598	2176
2616	2176
2642	2176
2325	2177
2316	2178
2266	2179
2376	2179
2183	2180
2203	2180
2250	2180
2268	2180
2283	2180
2332	2180
2336	2180
2372	2180
2384	2180
2398	2180
2458	2180
2465	2180
2491	2180
2598	2180
2642	2180
2653	2180
2587	2181
2642	2182
2183	2187
2183	2191
2183	2194
2183	2196
2183	2199
2183	2215
2183	2223
2183	2224
2183	2241
2183	2246
2183	2247
2183	2264
2183	2267
2183	2273
2273	2183
2183	2279
2183	2282
2183	2283
2283	2183
2183	2289
2183	2292
2183	2293
2183	2294
2183	2302
2183	2315
2183	2319
2319	2183
2183	2327
2183	2328
2183	2332
2332	2183
2183	2333
2183	2336
2336	2183
2183	2338
2183	2344
2183	2345
2183	2347
2183	2351
2183	2367
2183	2368
2183	2372
2372	2183
2183	2384
2384	2183
2183	2385
2183	2394
2183	2398
2398	2183
2183	2420
2183	2434
2183	2436
2183	2451
2183	2458
2458	2183
2183	2461
2183	2465
2465	2183
2183	2468
2183	2471
2183	2472
2183	2475
2183	2491
2491	2183
2183	2508
2183	2509
2183	2510
2183	2511
2183	2516
2183	2518
2183	2529
2183	2533
2183	2537
2183	2543
2183	2555
2183	2567
2183	2582
2183	2589
2183	2592
2183	2594
2183	2597
2183	2598
2598	2183
2183	2608
2183	2609
2609	2183
2183	2617
2183	2629
2183	2643
2183	2649
2183	2653
2653	2183
2266	2184
2376	2184
2542	2184
2186	2211
2211	2186
2186	2232
2232	2186
2186	2277
2186	2296
2296	2186
2186	2366
2186	2367
2186	2379
2186	2406
2186	2425
2186	2473
2186	2566
2203	2187
2250	2187
2268	2187
2273	2187
2283	2187
2319	2187
2332	2187
2336	2187
2372	2187
2384	2187
2398	2187
2458	2187
2465	2187
2491	2187
2598	2187
2609	2187
2616	2187
2642	2187
2653	2187
2266	2188
2376	2188
2542	2188
2203	2189
2232	2189
2250	2189
2266	2189
2268	2189
2283	2189
2319	2189
2336	2189
2372	2189
2384	2189
2398	2189
2458	2189
2491	2189
2542	2189
2598	2189
2616	2189
2653	2189
2266	2190
2376	2190
2542	2190
2250	2191
2273	2191
2283	2191
2319	2191
2332	2191
2336	2191
2372	2191
2384	2191
2465	2191
2598	2191
2609	2191
2642	2191
2653	2191
2316	2193
2232	2194
2259	2194
2273	2194
2283	2194
2319	2194
2325	2194
2332	2194
2336	2194
2372	2194
2384	2194
2399	2194
2465	2194
2491	2194
2598	2194
2609	2194
2642	2194
2653	2194
2268	2196
2273	2196
2283	2196
2319	2196
2325	2196
2332	2196
2336	2196
2372	2196
2384	2196
2465	2196
2491	2196
2598	2196
2609	2196
2642	2196
2653	2196
2540	2197
2250	2198
2273	2198
2283	2198
2319	2198
2332	2198
2336	2198
2384	2198
2598	2198
2642	2198
2203	2199
2243	2199
2250	2199
2259	2199
2273	2199
2283	2199
2319	2199
2325	2199
2332	2199
2336	2199
2372	2199
2384	2199
2398	2199
2399	2199
2458	2199
2465	2199
2491	2199
2501	2199
2557	2199
2598	2199
2609	2199
2616	2199
2642	2199
2653	2199
2266	2200
2376	2200
2542	2200
2266	2201
2376	2201
2542	2201
2203	2223
2203	2224
2203	2239
2203	2241
2203	2246
2203	2250
2250	2203
2203	2264
2203	2267
2203	2268
2268	2203
2203	2273
2273	2203
2203	2289
2203	2292
2203	2294
2203	2302
2203	2312
2203	2319
2319	2203
2203	2328
2203	2336
2336	2203
2203	2338
2203	2343
2203	2355
2203	2368
2203	2384
2384	2203
2203	2389
2203	2399
2399	2203
2203	2400
2203	2413
2203	2445
2203	2461
2203	2463
2203	2471
2203	2475
2203	2491
2491	2203
2203	2498
2203	2508
2203	2509
2203	2510
2203	2512
2203	2516
2203	2529
2203	2531
2531	2203
2203	2533
2203	2544
2203	2547
2203	2582
2203	2588
2203	2589
2203	2597
2203	2598
2598	2203
2203	2616
2616	2203
2203	2629
2203	2643
2203	2649
2211	2205
2232	2205
2325	2205
2266	2206
2376	2206
2542	2206
2255	2207
2259	2207
2320	2207
2444	2207
2466	2207
2486	2207
2515	2207
2622	2207
2650	2207
2384	2208
2211	2209
2232	2209
2283	2209
2296	2209
2325	2209
2525	2209
2641	2209
2642	2209
2266	2210
2211	2214
2211	2232
2232	2211
2211	2254
2211	2272
2211	2289
2211	2291
2211	2296
2296	2211
2211	2313
2211	2318
2318	2211
2211	2322
2211	2325
2325	2211
2211	2327
2211	2345
2211	2362
2211	2366
2211	2367
2211	2396
2211	2406
2211	2416
2211	2419
2211	2425
2211	2473
2211	2525
2525	2211
2211	2566
2211	2594
2211	2608
2211	2610
2211	2612
2211	2637
2211	2642
2642	2211
2211	2656
2266	2212
2376	2212
2542	2212
2266	2213
2542	2213
2318	2214
2259	2215
2268	2215
2283	2215
2336	2215
2372	2215
2384	2215
2501	2215
2266	2216
2542	2216
2540	2217
2266	2218
2376	2218
2542	2218
2266	2220
2376	2220
2542	2220
2221	2222
2221	2226
2221	2235
2221	2243
2243	2221
2221	2328
2221	2333
2221	2344
2221	2350
2221	2384
2384	2221
2221	2390
2221	2394
2221	2396
2221	2415
2221	2432
2221	2434
2221	2438
2221	2479
2221	2501
2501	2221
2221	2511
2221	2537
2221	2568
2221	2603
2221	2641
2641	2221
2221	2652
2243	2222
2384	2222
2501	2222
2232	2223
2243	2223
2250	2223
2259	2223
2266	2223
2268	2223
2283	2223
2319	2223
2332	2223
2336	2223
2372	2223
2384	2223
2398	2223
2458	2223
2491	2223
2501	2223
2598	2223
2616	2223
2642	2223
2653	2223
2250	2224
2268	2224
2273	2224
2283	2224
2319	2224
2332	2224
2336	2224
2384	2224
2398	2224
2458	2224
2465	2224
2491	2224
2501	2224
2598	2224
2616	2224
2283	2226
2296	2226
2310	2226
2325	2226
2501	2226
2557	2226
2581	2226
2598	2226
2642	2226
2316	2228
2540	2228
2570	2228
2266	2229
2376	2229
2501	2229
2542	2229
2283	2230
2231	2236
2231	2277
2231	2313
2231	2316
2316	2231
2231	2317
2231	2322
2231	2341
2231	2361
2231	2371
2231	2397
2231	2405
2231	2411
2231	2440
2231	2448
2231	2474
2231	2488
2231	2497
2231	2523
2523	2231
2231	2577
2577	2231
2231	2628
2232	2241
2232	2259
2259	2232
2232	2267
2232	2268
2268	2232
2232	2280
2232	2289
2232	2292
2232	2296
2296	2232
2232	2313
2232	2325
2325	2232
2232	2327
2232	2333
2232	2336
2336	2232
2232	2345
2232	2366
2232	2367
2232	2379
2232	2384
2384	2232
2232	2394
2232	2417
2232	2445
2232	2455
2232	2471
2232	2473
2232	2491
2491	2232
2232	2508
2232	2537
2232	2543
2232	2547
2232	2566
2232	2571
2232	2589
2232	2594
2232	2598
2598	2232
2232	2608
2232	2612
2232	2614
2232	2635
2232	2642
2642	2232
2232	2643
2232	2649
2266	2233
2376	2233
2531	2233
2542	2233
2642	2233
2266	2234
2243	2235
2283	2235
2332	2235
2384	2235
2458	2235
2491	2235
2501	2235
2598	2235
2523	2236
2332	2239
2336	2239
2372	2239
2458	2239
2642	2239
2266	2240
2376	2240
2542	2240
2250	2241
2268	2241
2273	2241
2283	2241
2319	2241
2336	2241
2384	2241
2398	2241
2399	2241
2465	2241
2598	2241
2599	2241
2616	2241
2298	2242
2318	2242
2325	2242
2399	2242
2501	2242
2540	2242
2642	2242
2243	2264
2243	2266
2266	2243
2243	2267
2243	2274
2243	2280
2243	2282
2243	2294
2243	2327
2243	2328
2243	2333
2243	2336
2336	2243
2243	2344
2243	2384
2384	2243
2243	2387
2243	2390
2243	2394
2243	2396
2243	2398
2398	2243
2243	2415
2243	2434
2243	2438
2243	2451
2243	2458
2458	2243
2243	2479
2243	2501
2501	2243
2243	2509
2243	2511
2243	2518
2243	2537
2243	2547
2243	2594
2243	2598
2598	2243
2243	2603
2243	2617
2243	2652
2266	2244
2376	2244
2542	2244
2245	2281
2245	2301
2301	2245
2245	2487
2487	2245
2245	2535
2535	2245
2268	2246
2273	2246
2283	2246
2384	2246
2491	2246
2598	2246
2616	2246
2641	2246
2642	2246
2273	2247
2283	2247
2332	2247
2336	2247
2384	2247
2398	2247
2399	2247
2458	2247
2491	2247
2598	2247
2616	2247
2641	2247
2642	2247
2250	2249
2268	2249
2332	2249
2336	2249
2372	2249
2491	2249
2250	2268
2268	2250
2250	2273
2273	2250
2250	2279
2250	2289
2250	2294
2250	2302
2250	2312
2250	2319
2319	2250
2250	2328
2250	2332
2332	2250
2250	2333
2250	2343
2250	2344
2250	2347
2250	2355
2250	2368
2250	2372
2372	2250
2250	2384
2384	2250
2250	2389
2250	2398
2398	2250
2250	2399
2399	2250
2250	2400
2250	2413
2250	2419
2250	2436
2250	2445
2250	2461
2250	2463
2250	2471
2250	2473
2250	2475
2250	2491
2491	2250
2250	2498
2250	2502
2250	2508
2250	2509
2250	2511
2250	2512
2250	2516
2250	2519
2250	2529
2250	2531
2531	2250
2250	2533
2250	2543
2250	2555
2250	2567
2250	2582
2250	2588
2250	2597
2250	2598
2598	2250
2250	2616
2616	2250
2250	2617
2250	2629
2250	2642
2642	2250
2250	2643
2250	2649
2266	2253
2542	2253
2268	2254
2319	2254
2336	2254
2372	2254
2398	2254
2458	2254
2491	2254
2598	2254
2616	2254
2653	2254
2255	2320
2320	2255
2255	2453
2255	2466
2466	2255
2255	2486
2486	2255
2255	2650
2650	2255
2266	2257
2376	2257
2542	2257
2266	2258
2376	2258
2542	2258
2259	2268
2268	2259
2259	2280
2259	2327
2259	2333
2259	2336
2336	2259
2259	2345
2259	2347
2259	2372
2372	2259
2259	2379
2259	2384
2384	2259
2259	2394
2259	2398
2398	2259
2259	2401
2401	2259
2259	2417
2259	2420
2259	2443
2259	2445
2259	2451
2259	2468
2259	2471
2259	2473
2259	2475
2259	2490
2259	2491
2491	2259
2259	2508
2259	2537
2259	2543
2259	2592
2259	2594
2259	2598
2598	2259
2259	2608
2259	2635
2259	2649
2266	2261
2376	2261
2542	2261
2266	2262
2273	2264
2372	2264
2458	2264
2465	2264
2266	2271
2266	2275
2266	2276
2266	2278
2266	2287
2266	2288
2266	2290
2266	2292
2266	2299
2266	2300
2266	2303
2266	2306
2266	2307
2266	2308
2266	2309
2266	2311
2266	2323
2266	2324
2266	2326
2266	2329
2266	2331
2266	2334
2266	2336
2336	2266
2266	2339
2266	2340
2266	2347
2266	2348
2266	2350
2266	2352
2266	2353
2266	2354
2266	2356
2266	2359
2266	2363
2266	2369
2266	2370
2266	2374
2266	2376
2376	2266
2266	2381
2266	2386
2266	2387
2266	2391
2266	2392
2266	2393
2266	2395
2266	2404
2266	2407
2266	2408
2266	2409
2266	2410
2266	2414
2266	2418
2266	2423
2266	2427
2266	2428
2266	2429
2266	2430
2266	2433
2266	2443
2266	2446
2266	2449
2266	2454
2266	2460
2266	2462
2266	2464
2266	2467
2266	2468
2266	2469
2266	2476
2266	2477
2266	2478
2266	2482
2266	2484
2266	2485
2266	2489
2266	2492
2266	2499
2266	2500
2266	2501
2501	2266
2266	2504
2266	2506
2266	2507
2266	2512
2266	2518
2266	2520
2266	2521
2266	2526
2266	2532
2266	2536
2266	2539
2266	2542
2542	2266
2266	2543
2266	2546
2266	2549
2266	2550
2266	2551
2266	2552
2266	2553
2266	2554
2266	2556
2266	2559
2266	2560
2266	2561
2266	2563
2266	2564
2266	2573
2266	2574
2266	2575
2266	2576
2266	2578
2266	2579
2266	2586
2266	2590
2266	2591
2266	2593
2266	2600
2266	2601
2266	2602
2266	2604
2266	2606
2266	2607
2266	2611
2266	2615
2266	2619
2266	2623
2266	2624
2266	2625
2266	2630
2266	2631
2266	2638
2266	2646
2266	2654
2266	2655
2268	2267
2273	2267
2283	2267
2325	2267
2336	2267
2384	2267
2458	2267
2642	2267
2653	2267
2268	2279
2268	2283
2283	2268
2268	2285
2268	2289
2268	2292
2268	2302
2268	2319
2319	2268
2268	2327
2268	2330
2268	2336
2336	2268
2268	2364
2268	2372
2372	2268
2268	2378
2268	2384
2384	2268
2268	2385
2268	2394
2268	2398
2398	2268
2268	2406
2268	2417
2268	2419
2268	2436
2268	2445
2268	2447
2268	2451
2268	2458
2458	2268
2268	2459
2268	2463
2268	2471
2268	2491
2491	2268
2268	2498
2268	2502
2268	2508
2268	2510
2268	2511
2268	2512
2268	2516
2268	2530
2268	2533
2268	2538
2268	2543
2268	2544
2268	2547
2268	2555
2268	2567
2268	2571
2268	2582
2268	2583
2268	2588
2268	2589
2268	2592
2268	2594
2268	2597
2268	2598
2598	2268
2268	2608
2268	2616
2616	2268
2268	2617
2268	2629
2268	2635
2268	2640
2268	2642
2642	2268
2268	2645
2268	2649
2268	2660
2318	2270
2525	2270
2557	2270
2641	2270
2642	2270
2376	2271
2542	2271
2310	2272
2318	2272
2325	2272
2525	2272
2540	2272
2642	2272
2273	2282
2273	2283
2283	2273
2273	2285
2273	2289
2273	2292
2273	2294
2273	2302
2273	2327
2273	2328
2273	2333
2273	2343
2273	2344
2273	2347
2273	2351
2273	2377
2273	2384
2384	2273
2273	2399
2399	2273
2273	2419
2273	2461
2273	2463
2273	2471
2273	2475
2273	2498
2273	2509
2273	2512
2273	2516
2273	2518
2273	2519
2273	2555
2273	2567
2273	2582
2273	2588
2273	2598
2598	2273
2273	2608
2273	2616
2616	2273
2273	2629
2273	2643
2273	2649
2384	2274
2376	2275
2542	2275
2376	2276
2542	2276
2376	2278
2542	2278
2283	2279
2319	2279
2332	2279
2336	2279
2372	2279
2384	2279
2398	2279
2399	2279
2458	2279
2491	2279
2598	2279
2283	2280
2336	2280
2384	2280
2458	2280
2491	2280
2501	2280
2598	2280
2301	2281
2487	2281
2535	2281
2283	2282
2310	2282
2319	2282
2332	2282
2336	2282
2372	2282
2384	2282
2399	2282
2458	2282
2465	2282
2491	2282
2501	2282
2598	2282
2609	2282
2616	2282
2642	2282
2653	2282
2283	2289
2283	2292
2283	2293
2283	2294
2283	2302
2283	2304
2283	2315
2283	2319
2319	2283
2283	2327
2283	2328
2283	2332
2332	2283
2283	2333
2283	2336
2336	2283
2283	2338
2283	2342
2283	2343
2283	2344
2283	2347
2283	2351
2283	2355
2283	2358
2283	2368
2283	2372
2372	2283
2283	2384
2384	2283
2283	2385
2283	2394
2283	2396
2283	2398
2398	2283
2283	2399
2399	2283
2283	2420
2283	2436
2283	2438
2283	2445
2283	2451
2283	2458
2458	2283
2283	2461
2283	2463
2283	2465
2465	2283
2283	2468
2283	2471
2283	2472
2283	2491
2491	2283
2283	2501
2501	2283
2283	2502
2283	2508
2283	2509
2283	2510
2283	2511
2283	2516
2283	2518
2283	2519
2283	2529
2283	2533
2283	2537
2283	2543
2283	2555
2283	2567
2283	2582
2283	2588
2283	2589
2283	2592
2283	2594
2283	2597
2283	2598
2598	2283
2283	2603
2283	2608
2283	2609
2609	2283
2283	2616
2616	2283
2283	2617
2283	2618
2283	2629
2283	2642
2642	2283
2283	2643
2283	2649
2283	2653
2653	2283
2336	2285
2372	2285
2398	2285
2609	2285
2376	2287
2542	2287
2296	2289
2310	2289
2318	2289
2319	2289
2325	2289
2336	2289
2372	2289
2384	2289
2398	2289
2491	2289
2525	2289
2557	2289
2598	2289
2616	2289
2642	2289
2653	2289
2376	2290
2542	2290
2318	2291
2319	2292
2332	2292
2372	2292
2384	2292
2458	2292
2465	2292
2491	2292
2581	2292
2598	2292
2609	2292
2616	2292
2642	2292
2653	2292
2319	2293
2332	2293
2336	2293
2372	2293
2384	2293
2398	2293
2325	2294
2332	2294
2336	2294
2372	2294
2384	2294
2399	2294
2458	2294
2491	2294
2501	2294
2525	2294
2598	2294
2616	2294
2557	2295
2642	2295
2296	2322
2296	2325
2325	2296
2296	2345
2296	2366
2296	2367
2296	2379
2296	2406
2296	2416
2296	2425
2296	2473
2296	2498
2296	2566
2296	2581
2581	2296
2296	2610
2296	2612
2296	2642
2642	2296
2298	2325
2325	2298
2298	2425
2298	2480
2298	2502
2298	2516
2298	2543
2298	2582
2298	2605
2298	2637
2542	2299
2376	2300
2542	2300
2301	2487
2487	2301
2301	2535
2535	2301
2301	2570
2570	2301
2319	2302
2332	2302
2336	2302
2372	2302
2384	2302
2465	2302
2491	2302
2581	2302
2598	2302
2609	2302
2642	2302
2653	2302
2376	2303
2310	2304
2384	2304
2399	2304
2501	2304
2598	2304
2642	2304
2336	2305
2372	2305
2542	2306
2376	2307
2542	2307
2542	2308
2376	2309
2542	2309
2310	2318
2318	2310
2310	2325
2325	2310
2310	2416
2310	2419
2310	2461
2310	2525
2525	2310
2310	2540
2540	2310
2310	2557
2557	2310
2310	2603
2319	2312
2384	2312
2531	2312
2616	2312
2325	2313
2376	2313
2456	2313
2540	2313
2581	2313
2540	2314
2319	2315
2332	2315
2372	2315
2384	2315
2465	2315
2491	2315
2598	2315
2609	2315
2642	2315
2316	2360
2316	2402
2316	2577
2577	2316
2316	2597
2456	2317
2540	2317
2577	2317
2587	2317
2318	2325
2325	2318
2318	2362
2318	2406
2318	2415
2318	2416
2318	2419
2318	2425
2318	2480
2318	2525
2525	2318
2318	2557
2557	2318
2318	2637
2318	2642
2642	2318
2318	2651
2319	2328
2319	2330
2319	2333
2319	2336
2336	2319
2319	2338
2319	2343
2319	2344
2319	2347
2319	2351
2319	2355
2319	2372
2372	2319
2319	2384
2384	2319
2319	2394
2319	2398
2398	2319
2319	2400
2319	2419
2319	2420
2319	2436
2319	2445
2319	2451
2319	2458
2458	2319
2319	2461
2319	2463
2319	2471
2319	2475
2319	2491
2491	2319
2319	2496
2319	2498
2319	2508
2319	2510
2319	2511
2319	2512
2319	2516
2319	2529
2319	2533
2319	2543
2319	2567
2319	2589
2319	2592
2319	2594
2319	2597
2319	2598
2598	2319
2319	2616
2616	2319
2319	2617
2319	2629
2319	2643
2319	2649
2319	2653
2653	2319
2320	2349
2320	2401
2401	2320
2320	2426
2320	2444
2444	2320
2320	2486
2486	2320
2320	2490
2320	2515
2515	2320
2320	2622
2622	2320
2320	2650
2650	2320
2581	2321
2325	2322
2557	2322
2577	2322
2642	2322
2376	2323
2542	2323
2376	2324
2542	2324
2581	2324
2325	2328
2325	2343
2325	2351
2325	2362
2325	2366
2325	2367
2325	2379
2325	2406
2325	2416
2325	2419
2325	2425
2325	2452
2325	2463
2325	2473
2325	2475
2325	2480
2325	2498
2325	2502
2325	2509
2325	2525
2525	2325
2325	2544
2325	2555
2325	2557
2557	2325
2325	2588
2325	2589
2325	2603
2325	2612
2325	2637
2325	2642
2642	2325
2376	2326
2542	2326
2332	2327
2372	2327
2384	2327
2398	2327
2458	2327
2491	2327
2598	2327
2332	2328
2336	2328
2372	2328
2384	2328
2398	2328
2399	2328
2458	2328
2491	2328
2501	2328
2525	2328
2531	2328
2542	2328
2557	2328
2598	2328
2616	2328
2642	2328
2542	2329
2336	2330
2384	2330
2491	2330
2598	2330
2616	2330
2376	2331
2501	2331
2542	2331
2332	2333
2332	2336
2336	2332
2332	2338
2332	2347
2332	2351
2332	2368
2332	2372
2372	2332
2332	2384
2384	2332
2332	2385
2332	2399
2399	2332
2332	2434
2332	2438
2332	2458
2458	2332
2332	2463
2332	2465
2465	2332
2332	2473
2332	2475
2332	2508
2332	2509
2332	2510
2332	2511
2332	2512
2332	2533
2332	2543
2332	2555
2332	2567
2332	2572
2332	2582
2332	2592
2332	2597
2332	2598
2598	2332
2332	2608
2332	2609
2609	2332
2332	2629
2332	2642
2642	2332
2332	2643
2332	2649
2332	2653
2653	2332
2336	2333
2372	2333
2384	2333
2399	2333
2458	2333
2465	2333
2491	2333
2501	2333
2598	2333
2616	2333
2642	2333
2653	2333
2376	2334
2542	2334
2523	2335
2336	2338
2336	2343
2336	2344
2336	2347
2336	2351
2336	2366
2336	2368
2336	2372
2372	2336
2336	2379
2336	2384
2384	2336
2336	2385
2336	2394
2336	2398
2398	2336
2336	2417
2336	2419
2336	2420
2336	2434
2336	2436
2336	2445
2336	2451
2336	2458
2458	2336
2336	2461
2336	2463
2336	2471
2336	2472
2336	2491
2491	2336
2336	2498
2336	2501
2501	2336
2336	2502
2336	2508
2336	2509
2336	2510
2336	2511
2336	2516
2336	2519
2336	2533
2336	2537
2336	2543
2336	2547
2336	2555
2336	2567
2336	2572
2336	2582
2336	2588
2336	2589
2336	2592
2336	2597
2336	2598
2598	2336
2336	2616
2616	2336
2336	2617
2336	2629
2336	2642
2642	2336
2336	2643
2336	2649
2336	2653
2653	2336
2372	2338
2384	2338
2398	2338
2458	2338
2465	2338
2598	2338
2609	2338
2376	2339
2376	2340
2542	2340
2456	2341
2456	2342
2540	2342
2384	2343
2458	2343
2491	2343
2598	2343
2616	2343
2384	2344
2399	2344
2501	2344
2598	2344
2616	2344
2642	2344
2491	2345
2598	2345
2372	2347
2376	2347
2384	2347
2398	2347
2399	2347
2491	2347
2542	2347
2598	2347
2609	2347
2653	2347
2376	2348
2542	2348
2401	2349
2444	2349
2466	2349
2486	2349
2515	2349
2622	2349
2650	2349
2542	2350
2372	2351
2384	2351
2398	2351
2465	2351
2491	2351
2598	2351
2609	2351
2616	2351
2642	2351
2376	2352
2542	2352
2542	2353
2376	2354
2542	2354
2384	2355
2531	2355
2616	2355
2641	2355
2376	2356
2542	2356
2587	2357
2376	2359
2542	2359
2523	2361
2540	2361
2525	2362
2642	2362
2376	2363
2542	2363
2642	2366
2581	2367
2598	2367
2399	2368
2458	2368
2501	2368
2598	2368
2616	2368
2642	2368
2376	2369
2542	2369
2376	2370
2542	2370
2540	2371
2372	2384
2384	2372
2372	2385
2372	2398
2398	2372
2372	2417
2372	2434
2372	2445
2372	2461
2372	2463
2372	2471
2372	2491
2491	2372
2372	2508
2372	2509
2372	2510
2372	2511
2372	2537
2372	2543
2372	2547
2372	2555
2372	2567
2372	2572
2372	2582
2372	2589
2372	2594
2372	2597
2372	2598
2598	2372
2372	2608
2372	2616
2616	2372
2372	2629
2372	2643
2376	2374
2542	2374
2376	2381
2376	2391
2376	2392
2376	2395
2376	2404
2376	2408
2376	2409
2376	2410
2376	2414
2376	2418
2376	2423
2376	2428
2376	2430
2376	2433
2376	2446
2376	2460
2376	2462
2376	2464
2376	2468
2376	2469
2376	2477
2376	2482
2376	2484
2376	2485
2376	2492
2376	2500
2376	2504
2376	2506
2376	2507
2376	2520
2376	2521
2376	2526
2376	2532
2376	2536
2376	2539
2376	2542
2542	2376
2376	2546
2376	2549
2376	2550
2376	2551
2376	2552
2376	2553
2376	2556
2376	2559
2376	2560
2376	2561
2376	2563
2376	2564
2376	2573
2376	2575
2376	2576
2376	2578
2376	2579
2376	2586
2376	2590
2376	2591
2376	2593
2376	2600
2376	2601
2376	2602
2376	2604
2376	2606
2376	2607
2376	2611
2376	2619
2376	2624
2376	2625
2376	2630
2376	2646
2376	2655
2384	2377
2399	2377
2598	2377
2581	2379
2598	2379
2542	2381
2456	2382
2384	2385
2384	2389
2384	2390
2384	2394
2384	2396
2384	2398
2398	2384
2384	2399
2399	2384
2384	2400
2384	2413
2384	2415
2384	2417
2384	2420
2384	2434
2384	2436
2384	2438
2384	2445
2384	2451
2384	2458
2458	2384
2384	2461
2384	2463
2384	2465
2465	2384
2384	2471
2384	2472
2384	2473
2384	2479
2384	2491
2491	2384
2384	2498
2384	2501
2501	2384
2384	2502
2384	2508
2384	2509
2384	2510
2384	2511
2384	2512
2384	2516
2384	2529
2384	2530
2384	2531
2531	2384
2384	2533
2384	2537
2384	2543
2384	2544
2384	2551
2384	2555
2384	2567
2384	2582
2384	2588
2384	2589
2384	2592
2384	2597
2384	2598
2598	2384
2384	2603
2384	2608
2384	2609
2609	2384
2384	2616
2616	2384
2384	2617
2384	2629
2384	2642
2642	2384
2384	2643
2384	2649
2384	2652
2384	2653
2653	2384
2398	2385
2542	2386
2542	2387
2531	2389
2616	2389
2501	2390
2542	2391
2542	2392
2542	2393
2458	2394
2491	2394
2501	2394
2598	2394
2542	2395
2458	2396
2465	2396
2491	2396
2501	2396
2523	2397
2570	2397
2577	2397
2398	2399
2399	2398
2398	2401
2401	2398
2398	2419
2398	2420
2398	2436
2398	2445
2398	2451
2398	2458
2458	2398
2398	2461
2398	2463
2398	2468
2398	2471
2398	2490
2398	2491
2491	2398
2398	2496
2398	2501
2501	2398
2398	2508
2398	2510
2398	2511
2398	2512
2398	2518
2398	2533
2398	2542
2542	2398
2398	2543
2398	2547
2398	2555
2398	2567
2398	2582
2398	2589
2398	2592
2398	2594
2398	2597
2398	2598
2598	2398
2398	2608
2398	2616
2616	2398
2398	2617
2398	2629
2398	2642
2642	2398
2398	2649
2398	2653
2653	2398
2399	2419
2399	2434
2399	2438
2399	2458
2458	2399
2399	2461
2399	2463
2399	2466
2466	2399
2399	2471
2399	2475
2399	2509
2399	2511
2399	2512
2399	2516
2399	2519
2399	2544
2399	2555
2399	2582
2399	2598
2598	2399
2399	2603
2399	2608
2399	2616
2616	2399
2399	2617
2399	2637
2399	2649
2531	2400
2616	2400
2401	2426
2401	2444
2444	2401
2401	2466
2466	2401
2401	2486
2486	2401
2401	2513
2401	2515
2515	2401
2401	2594
2401	2622
2622	2401
2401	2650
2650	2401
2542	2404
2587	2405
2542	2407
2542	2408
2542	2409
2542	2410
2523	2411
2424	2412
2570	2412
2577	2412
2587	2412
2531	2413
2616	2413
2542	2414
2501	2415
2525	2416
2557	2416
2641	2416
2642	2416
2491	2417
2598	2417
2542	2418
2491	2419
2525	2419
2557	2419
2598	2419
2616	2419
2641	2419
2642	2419
2458	2420
2465	2420
2598	2420
2609	2420
2642	2420
2653	2420
2542	2423
2424	2455
2424	2587
2587	2424
2424	2644
2424	2659
2525	2425
2557	2425
2581	2425
2641	2425
2642	2425
2444	2426
2486	2426
2622	2426
2650	2426
2542	2428
2542	2430
2486	2432
2501	2432
2542	2433
2458	2434
2501	2434
2458	2436
2491	2436
2598	2436
2616	2436
2653	2436
2458	2438
2501	2438
2577	2440
2542	2443
2622	2443
2444	2486
2486	2444
2444	2490
2444	2513
2444	2515
2515	2444
2444	2622
2622	2444
2444	2650
2650	2444
2458	2445
2491	2445
2598	2445
2616	2445
2653	2445
2542	2446
2540	2448
2458	2451
2491	2451
2598	2451
2653	2451
2542	2454
2587	2455
2456	2541
2458	2491
2491	2458
2458	2501
2501	2458
2458	2508
2458	2509
2458	2510
2458	2511
2458	2516
2458	2518
2458	2537
2458	2543
2458	2547
2458	2555
2458	2589
2458	2592
2458	2594
2458	2598
2598	2458
2458	2608
2458	2617
2458	2649
2458	2652
2458	2653
2653	2458
2531	2459
2542	2460
2491	2461
2598	2461
2616	2461
2642	2461
2581	2462
2491	2463
2525	2463
2598	2463
2616	2463
2642	2463
2653	2463
2542	2464
2465	2471
2465	2472
2465	2510
2465	2533
2465	2543
2465	2555
2465	2567
2465	2588
2465	2592
2465	2598
2598	2465
2465	2599
2599	2465
2465	2609
2609	2465
2465	2629
2465	2643
2465	2653
2653	2465
2466	2650
2650	2466
2542	2468
2542	2469
2491	2471
2598	2471
2616	2471
2642	2471
2598	2472
2599	2472
2609	2472
2642	2472
2653	2472
2491	2473
2598	2473
2523	2474
2570	2474
2577	2474
2598	2475
2642	2475
2501	2478
2501	2479
2540	2480
2642	2480
2481	2535
2535	2481
2542	2482
2542	2484
2542	2485
2486	2490
2486	2513
2486	2515
2515	2486
2486	2622
2622	2486
2486	2650
2650	2486
2487	2535
2535	2487
2523	2488
2570	2488
2542	2489
2515	2490
2622	2490
2650	2490
2491	2508
2491	2509
2491	2510
2491	2511
2491	2536
2491	2537
2491	2543
2491	2555
2491	2588
2491	2589
2491	2592
2491	2594
2491	2597
2491	2598
2598	2491
2491	2608
2491	2616
2616	2491
2491	2617
2491	2629
2491	2635
2491	2643
2491	2649
2491	2653
2653	2491
2641	2493
2542	2495
2581	2498
2598	2498
2616	2498
2542	2500
2501	2509
2501	2511
2501	2524
2501	2537
2501	2542
2542	2501
2501	2543
2501	2560
2501	2568
2501	2598
2598	2501
2501	2603
2501	2617
2501	2649
2501	2652
2542	2506
2542	2507
2598	2508
2598	2509
2616	2509
2642	2509
2598	2510
2616	2510
2642	2510
2653	2510
2598	2511
2616	2511
2653	2511
2598	2512
2622	2513
2650	2513
2515	2545
2515	2622
2622	2515
2515	2650
2650	2515
2598	2516
2642	2516
2598	2518
2642	2518
2598	2519
2542	2520
2542	2521
2523	2566
2523	2612
2525	2540
2540	2525
2525	2557
2557	2525
2525	2603
2525	2637
2525	2641
2641	2525
2525	2642
2642	2525
2542	2526
2531	2529
2616	2529
2531	2557
2557	2531
2531	2571
2531	2610
2531	2616
2616	2531
2542	2532
2598	2533
2642	2533
2535	2570
2570	2535
2542	2536
2598	2537
2616	2537
2542	2539
2540	2557
2557	2540
2540	2634
2540	2637
2540	2642
2642	2540
2542	2543
2542	2546
2542	2549
2542	2550
2542	2551
2542	2552
2542	2553
2542	2556
2542	2559
2542	2560
2542	2561
2542	2563
2542	2564
2542	2573
2542	2574
2542	2575
2542	2578
2542	2579
2542	2586
2542	2590
2542	2593
2542	2600
2542	2601
2542	2602
2542	2604
2542	2607
2542	2611
2542	2615
2542	2619
2542	2623
2542	2624
2542	2625
2542	2630
2542	2631
2542	2646
2542	2654
2542	2655
2598	2543
2599	2543
2609	2543
2642	2543
2622	2550
2598	2555
2599	2555
2609	2555
2642	2555
2653	2555
2557	2603
2557	2610
2557	2637
2557	2641
2641	2557
2557	2642
2642	2557
2565	2581
2581	2565
2598	2567
2609	2567
2616	2567
2642	2567
2653	2567
2570	2577
2577	2570
2570	2587
2587	2570
2598	2571
2577	2587
2587	2577
2577	2628
2581	2610
2598	2582
2616	2582
2598	2588
2616	2588
2642	2588
2653	2588
2598	2589
2616	2589
2653	2589
2598	2592
2609	2592
2653	2592
2598	2594
2598	2597
2609	2597
2642	2597
2598	2608
2598	2609
2609	2598
2598	2616
2616	2598
2598	2617
2598	2629
2598	2635
2598	2642
2642	2598
2598	2643
2598	2649
2598	2653
2653	2598
2599	2629
2599	2653
2653	2599
2622	2604
2609	2629
2609	2653
2653	2609
2616	2610
2641	2610
2616	2617
2616	2629
2616	2649
2616	2653
2653	2616
2653	2617
2622	2650
2650	2622
2642	2629
2642	2637
2641	2642
2642	2641
2642	2643
2642	2649
2642	2653
2653	2642
2853	2661
2804	2662
2663	2710
2710	2663
2663	2726
2726	2663
2663	2731
2731	2663
2663	2738
2738	2663
2663	2786
2786	2663
2663	2789
2789	2663
2663	2851
2851	2663
2663	2873
2873	2663
2663	2888
2888	2663
2663	2890
2890	2663
2663	2899
2899	2663
2663	2978
2978	2663
2663	3084
3084	2663
2663	3090
3090	2663
2663	3104
3104	2663
2663	3114
3114	2663
2663	3130
3130	2663
2663	3137
3137	2663
2663	3139
3139	2663
2663	3229
3229	2663
2663	3231
3231	2663
2663	3300
3300	2663
2663	3426
3426	2663
2663	3428
3428	2663
2663	3430
3430	2663
2664	2669
2669	2664
2664	2673
2673	2664
2664	2676
2676	2664
2664	2694
2664	2698
2698	2664
2664	2717
2717	2664
2664	2738
2738	2664
2664	2745
2745	2664
2664	2746
2746	2664
2664	2749
2749	2664
2664	2750
2750	2664
2664	2754
2754	2664
2664	2755
2755	2664
2664	2757
2757	2664
2664	2773
2773	2664
2664	2777
2777	2664
2664	2782
2782	2664
2664	2786
2786	2664
2664	2800
2800	2664
2664	2806
2806	2664
2664	2815
2815	2664
2664	2835
2835	2664
2664	2839
2839	2664
2664	2862
2862	2664
2664	2864
2864	2664
2664	2866
2866	2664
2664	2872
2872	2664
2664	2877
2877	2664
2664	2890
2890	2664
2664	2897
2897	2664
2664	2905
2905	2664
2664	2906
2906	2664
2664	2908
2908	2664
2664	2909
2909	2664
2664	2910
2910	2664
2664	2912
2912	2664
2664	2915
2915	2664
2664	2916
2916	2664
2664	2919
2919	2664
2664	2920
2920	2664
2664	2925
2925	2664
2664	2929
2929	2664
2664	2931
2931	2664
2664	2940
2940	2664
2664	2960
2960	2664
2664	2966
2966	2664
2664	2967
2967	2664
2664	2969
2969	2664
2664	2974
2974	2664
2664	2986
2986	2664
2664	2988
2988	2664
2664	3004
3004	2664
2664	3022
3022	2664
2664	3029
3029	2664
2664	3033
3033	2664
2664	3040
3040	2664
2664	3054
3054	2664
2664	3064
3064	2664
2664	3078
3078	2664
2664	3090
3090	2664
2664	3096
3096	2664
2664	3098
3098	2664
2664	3104
3104	2664
2664	3108
3108	2664
2664	3142
3142	2664
2664	3149
2664	3174
3174	2664
2664	3184
3184	2664
2664	3195
3195	2664
2664	3226
3226	2664
2664	3232
3232	2664
2664	3250
3250	2664
2664	3284
3284	2664
2664	3304
3304	2664
2664	3324
3324	2664
2664	3339
3339	2664
2664	3348
3348	2664
2664	3362
3362	2664
2664	3363
3363	2664
2664	3384
3384	2664
2664	3387
3387	2664
2664	3426
3426	2664
2781	2665
3214	2665
3248	2665
3327	2665
3328	2665
2666	2669
2669	2666
2666	2676
2676	2666
2666	2689
2689	2666
2666	2698
2698	2666
2666	2717
2717	2666
2666	2749
2749	2666
2666	2750
2750	2666
2666	2755
2755	2666
2666	2773
2773	2666
2666	2782
2782	2666
2666	2786
2786	2666
2666	2815
2815	2666
2666	2827
2827	2666
2666	2839
2839	2666
2666	2851
2851	2666
2666	2866
2866	2666
2666	2872
2872	2666
2666	2877
2877	2666
2666	2897
2897	2666
2666	2905
2905	2666
2666	2906
2906	2666
2666	2909
2909	2666
2666	2912
2912	2666
2666	2913
2913	2666
2666	2915
2915	2666
2666	2916
2916	2666
2666	2917
2917	2666
2666	2956
2956	2666
2666	2966
2966	2666
2666	2985
2985	2666
2666	2988
2988	2666
2666	2993
2993	2666
2666	3004
3004	2666
2666	3014
3014	2666
2666	3022
3022	2666
2666	3026
3026	2666
2666	3033
3033	2666
2666	3040
3040	2666
2666	3047
3047	2666
2666	3064
3064	2666
2666	3078
3078	2666
2666	3084
3084	2666
2666	3090
3090	2666
2666	3096
3096	2666
2666	3098
3098	2666
2666	3108
3108	2666
2666	3142
3142	2666
2666	3149
2666	3174
3174	2666
2666	3226
3226	2666
2666	3232
3232	2666
2666	3250
3250	2666
2666	3284
3284	2666
2666	3339
3339	2666
2666	3348
3348	2666
2666	3363
3363	2666
2666	3364
3364	2666
2666	3384
3384	2666
2666	3387
3387	2666
2666	3426
3426	2666
2762	2667
2841	2667
3214	2667
2832	2668
2946	2668
3117	2668
2669	2676
2676	2669
2669	2679
2679	2669
2669	2680
2680	2669
2669	2683
2683	2669
2669	2689
2689	2669
2669	2694
2669	2698
2698	2669
2669	2705
2705	2669
2669	2738
2738	2669
2669	2745
2745	2669
2669	2750
2750	2669
2669	2754
2754	2669
2669	2755
2755	2669
2669	2757
2757	2669
2669	2761
2761	2669
2669	2777
2777	2669
2669	2782
2782	2669
2669	2786
2786	2669
2669	2800
2800	2669
2669	2827
2827	2669
2669	2839
2839	2669
2669	2850
2850	2669
2669	2864
2864	2669
2669	2866
2866	2669
2669	2867
2867	2669
2669	2872
2872	2669
2669	2874
2874	2669
2669	2877
2877	2669
2669	2880
2880	2669
2669	2896
2896	2669
2669	2897
2897	2669
2669	2905
2905	2669
2669	2906
2906	2669
2669	2908
2908	2669
2669	2909
2909	2669
2669	2910
2910	2669
2669	2911
2911	2669
2669	2912
2912	2669
2669	2913
2913	2669
2669	2916
2916	2669
2669	2919
2919	2669
2669	2920
2920	2669
2669	2925
2925	2669
2669	2927
2927	2669
2669	2940
2940	2669
2669	2943
2943	2669
2669	2944
2944	2669
2669	2956
2956	2669
2669	2960
2960	2669
2669	2966
2966	2669
2669	2969
2969	2669
2669	2974
2974	2669
2669	2985
2985	2669
2669	2986
2986	2669
2669	2994
2994	2669
2669	3000
3000	2669
2669	3004
3004	2669
2669	3022
3022	2669
2669	3026
3026	2669
2669	3033
3033	2669
2669	3040
3040	2669
2669	3047
3047	2669
2669	3054
3054	2669
2669	3056
3056	2669
2669	3064
3064	2669
2669	3065
3065	2669
2669	3078
3078	2669
2669	3084
3084	2669
2669	3085
3085	2669
2669	3096
3096	2669
2669	3098
3098	2669
2669	3104
3104	2669
2669	3108
3108	2669
2669	3129
3129	2669
2669	3142
3142	2669
2669	3149
2669	3174
3174	2669
2669	3184
3184	2669
2669	3226
3226	2669
2669	3228
3228	2669
2669	3232
3232	2669
2669	3237
3237	2669
2669	3274
2669	3284
3284	2669
2669	3301
3301	2669
2669	3324
3324	2669
2669	3339
3339	2669
2669	3348
3348	2669
2669	3362
3362	2669
2669	3363
3363	2669
2669	3384
3384	2669
2669	3387
3387	2669
2669	3390
3390	2669
2669	3426
3426	2669
2670	2699
2699	2670
2670	2703
2703	2670
2670	2767
2670	2834
2834	2670
2670	2879
2879	2670
2670	2889
2889	2670
2670	2959
2959	2670
2670	2972
2972	2670
2670	2982
2982	2670
2670	3008
3008	2670
2670	3283
3283	2670
2670	3309
3309	2670
2670	3311
3311	2670
2670	3314
3314	2670
2670	3318
3318	2670
2670	3325
3325	2670
2670	3382
3382	2670
2670	3423
3423	2670
2781	2672
2673	2694
2673	2706
2706	2673
2673	2754
2754	2673
2673	2761
2761	2673
2673	2763
2763	2673
2673	2777
2777	2673
2673	2806
2806	2673
2673	2839
2839	2673
2673	2864
2864	2673
2673	2877
2877	2673
2673	2890
2890	2673
2673	2909
2909	2673
2673	2912
2912	2673
2673	2919
2919	2673
2673	2943
2943	2673
2673	2944
2944	2673
2673	2948
2948	2673
2673	3004
3004	2673
2673	3023
3023	2673
2673	3052
3052	2673
2673	3184
3184	2673
2673	3193
3193	2673
2673	3324
3324	2673
2673	3363
3363	2673
2673	3414
3414	2673
2673	3426
3426	2673
2673	3436
3436	2673
2781	2674
2853	2674
2781	2675
3327	2675
2676	2683
2683	2676
2676	2689
2689	2676
2676	2694
2676	2698
2698	2676
2676	2705
2705	2676
2676	2717
2717	2676
2676	2745
2745	2676
2676	2754
2754	2676
2676	2755
2755	2676
2676	2757
2757	2676
2676	2777
2777	2676
2676	2782
2782	2676
2676	2800
2800	2676
2676	2815
2815	2676
2676	2827
2827	2676
2676	2839
2839	2676
2676	2864
2864	2676
2676	2866
2866	2676
2676	2867
2867	2676
2676	2872
2872	2676
2676	2873
2873	2676
2676	2877
2877	2676
2676	2896
2896	2676
2676	2897
2897	2676
2676	2905
2905	2676
2676	2906
2906	2676
2676	2909
2909	2676
2676	2911
2911	2676
2676	2912
2912	2676
2676	2913
2913	2676
2676	2916
2916	2676
2676	2917
2917	2676
2676	2919
2919	2676
2676	2920
2920	2676
2676	2925
2925	2676
2676	2927
2927	2676
2676	2943
2943	2676
2676	2944
2944	2676
2676	2946
2946	2676
2676	2960
2960	2676
2676	2966
2966	2676
2676	2969
2969	2676
2676	2985
2985	2676
2676	2986
2986	2676
2676	2994
2994	2676
2676	3010
3010	2676
2676	3022
3022	2676
2676	3033
3033	2676
2676	3036
3036	2676
2676	3040
3040	2676
2676	3047
3047	2676
2676	3056
3056	2676
2676	3064
3064	2676
2676	3065
3065	2676
2676	3078
3078	2676
2676	3080
3080	2676
2676	3085
3085	2676
2676	3096
3096	2676
2676	3098
3098	2676
2676	3108
3108	2676
2676	3142
3142	2676
2676	3149
2676	3174
3174	2676
2676	3184
3184	2676
2676	3193
3193	2676
2676	3195
3195	2676
2676	3226
3226	2676
2676	3232
3232	2676
2676	3250
3250	2676
2676	3284
3284	2676
2676	3301
3301	2676
2676	3304
3304	2676
2676	3339
3339	2676
2676	3348
3348	2676
2676	3363
3363	2676
2676	3364
3364	2676
2676	3387
3387	2676
2676	3390
3390	2676
2676	3426
3426	2676
2679	2681
2681	2679
2679	2683
2683	2679
2679	2689
2689	2679
2679	2729
2729	2679
2679	2738
2738	2679
2679	2741
2741	2679
2679	2750
2750	2679
2679	2754
2754	2679
2679	2755
2755	2679
2679	2756
2756	2679
2679	2757
2757	2679
2679	2763
2763	2679
2679	2773
2773	2679
2679	2777
2777	2679
2679	2786
2786	2679
2679	2800
2800	2679
2679	2810
2810	2679
2679	2835
2835	2679
2679	2839
2839	2679
2679	2862
2862	2679
2679	2864
2864	2679
2679	2873
2873	2679
2679	2880
2880	2679
2679	2887
2887	2679
2679	2890
2890	2679
2679	2896
2896	2679
2679	2905
2905	2679
2679	2906
2906	2679
2679	2907
2907	2679
2679	2910
2910	2679
2679	2911
2911	2679
2679	2915
2915	2679
2679	2916
2916	2679
2679	2920
2920	2679
2679	2924
2924	2679
2679	2927
2927	2679
2679	2928
2928	2679
2679	2929
2929	2679
2679	2931
2931	2679
2679	2940
2940	2679
2679	2944
2944	2679
2679	2946
2946	2679
2679	2953
2953	2679
2679	2956
2956	2679
2679	2960
2960	2679
2679	2966
2966	2679
2679	2969
2969	2679
2679	2977
2679	2985
2985	2679
2679	2986
2986	2679
2679	2987
2987	2679
2679	2988
2988	2679
2679	2993
2993	2679
2679	2994
2994	2679
2679	3000
3000	2679
2679	3004
3004	2679
2679	3014
3014	2679
2679	3025
3025	2679
2679	3026
3026	2679
2679	3029
3029	2679
2679	3046
2679	3054
3054	2679
2679	3056
3056	2679
2679	3073
3073	2679
2679	3078
3078	2679
2679	3084
3084	2679
2679	3090
3090	2679
2679	3104
3104	2679
2679	3108
3108	2679
2679	3119
3119	2679
2679	3135
3135	2679
2679	3142
3142	2679
2679	3158
3158	2679
2679	3174
3174	2679
2679	3184
3184	2679
2679	3195
3195	2679
2679	3220
3220	2679
2679	3238
3238	2679
2679	3243
3243	2679
2679	3257
3257	2679
2679	3293
3293	2679
2679	3324
3324	2679
2679	3339
3339	2679
2679	3362
3362	2679
2679	3363
3363	2679
2679	3364
3364	2679
2679	3384
3384	2679
2679	3417
3417	2679
2679	3426
3426	2679
2679	3433
3433	2679
2679	3435
3435	2679
2680	2689
2689	2680
2680	2694
2680	2705
2705	2680
2680	2706
2706	2680
2680	2743
2743	2680
2680	2749
2749	2680
2680	2750
2750	2680
2680	2755
2755	2680
2680	2757
2757	2680
2680	2763
2763	2680
2680	2800
2800	2680
2680	2815
2815	2680
2680	2835
2835	2680
2680	2839
2839	2680
2680	2877
2877	2680
2680	2891
2891	2680
2680	2905
2905	2680
2680	2911
2911	2680
2680	2916
2916	2680
2680	2917
2917	2680
2680	2925
2925	2680
2680	2927
2927	2680
2680	2943
2943	2680
2680	2944
2944	2680
2680	2960
2960	2680
2680	2966
2966	2680
2680	2974
2974	2680
2680	2986
2986	2680
2680	3022
3022	2680
2680	3029
3029	2680
2680	3033
3033	2680
2680	3054
3054	2680
2680	3056
3056	2680
2680	3064
3064	2680
2680	3078
3078	2680
2680	3085
3085	2680
2680	3096
3096	2680
2680	3129
3129	2680
2680	3149
2680	3174
3174	2680
2680	3193
3193	2680
2680	3195
3195	2680
2680	3228
3228	2680
2680	3232
3232	2680
2680	3284
3284	2680
2680	3304
3304	2680
2680	3339
3339	2680
2680	3348
3348	2680
2680	3363
3363	2680
2680	3387
3387	2680
2680	3426
3426	2680
2681	2683
2683	2681
2681	2689
2689	2681
2681	2738
2738	2681
2681	2741
2741	2681
2681	2743
2743	2681
2681	2754
2754	2681
2681	2756
2756	2681
2681	2757
2757	2681
2681	2763
2763	2681
2681	2773
2773	2681
2681	2782
2782	2681
2681	2786
2786	2681
2681	2800
2800	2681
2681	2835
2835	2681
2681	2839
2839	2681
2681	2862
2862	2681
2681	2864
2864	2681
2681	2916
2916	2681
2681	2924
2924	2681
2681	2925
2925	2681
2681	2929
2929	2681
2681	2931
2931	2681
2681	2944
2944	2681
2681	2945
2945	2681
2681	2956
2956	2681
2681	2969
2969	2681
2681	2994
2994	2681
2681	3014
3014	2681
2681	3029
3029	2681
2681	3054
3054	2681
2681	3056
3056	2681
2681	3085
3085	2681
2681	3090
3090	2681
2681	3129
3129	2681
2681	3184
3184	2681
2681	3228
3228	2681
2681	3257
3257	2681
2681	3293
3293	2681
2681	3301
3301	2681
2681	3324
3324	2681
2681	3363
3363	2681
2681	3387
3387	2681
2681	3433
3433	2681
2683	2689
2689	2683
2683	2729
2729	2683
2683	2731
2731	2683
2683	2738
2738	2683
2683	2741
2741	2683
2683	2743
2743	2683
2683	2754
2754	2683
2683	2756
2756	2683
2683	2761
2761	2683
2683	2773
2773	2683
2683	2786
2786	2683
2683	2794
2794	2683
2683	2807
2807	2683
2683	2809
2809	2683
2683	2810
2810	2683
2683	2837
2837	2683
2683	2839
2839	2683
2683	2854
2854	2683
2683	2862
2862	2683
2683	2867
2867	2683
2683	2873
2873	2683
2683	2874
2874	2683
2683	2887
2887	2683
2683	2890
2890	2683
2683	2906
2906	2683
2683	2915
2915	2683
2683	2927
2927	2683
2683	2931
2931	2683
2683	2943
2943	2683
2683	2944
2944	2683
2683	2945
2945	2683
2683	2953
2953	2683
2683	2956
2956	2683
2683	2966
2966	2683
2683	2977
2683	2993
2993	2683
2683	2994
2994	2683
2683	3000
3000	2683
2683	3010
3010	2683
2683	3025
3025	2683
2683	3026
3026	2683
2683	3029
3029	2683
2683	3036
3036	2683
2683	3080
3080	2683
2683	3084
3084	2683
2683	3090
3090	2683
2683	3096
3096	2683
2683	3104
3104	2683
2683	3119
3119	2683
2683	3123
3123	2683
2683	3129
3129	2683
2683	3137
3137	2683
2683	3158
3158	2683
2683	3220
3220	2683
2683	3232
3232	2683
2683	3237
3237	2683
2683	3238
3238	2683
2683	3257
3257	2683
2683	3286
3286	2683
2683	3293
3293	2683
2683	3301
3301	2683
2683	3324
3324	2683
2683	3362
3362	2683
2683	3363
3363	2683
2683	3364
3364	2683
2683	3387
3387	2683
2683	3390
3390	2683
2683	3394
3394	2683
2683	3400
3400	2683
2683	3417
3417	2683
2683	3426
3426	2683
2683	3433
3433	2683
2683	3435
3435	2683
3328	2688
2689	2694
2689	2705
2705	2689
2689	2706
2706	2689
2689	2717
2717	2689
2689	2729
2729	2689
2689	2743
2743	2689
2689	2750
2750	2689
2689	2754
2754	2689
2689	2757
2757	2689
2689	2763
2763	2689
2689	2777
2777	2689
2689	2782
2782	2689
2689	2800
2800	2689
2689	2810
2810	2689
2689	2815
2815	2689
2689	2827
2827	2689
2689	2835
2835	2689
2689	2839
2839	2689
2689	2867
2867	2689
2689	2896
2896	2689
2689	2907
2907	2689
2689	2910
2910	2689
2689	2916
2916	2689
2689	2917
2917	2689
2689	2920
2920	2689
2689	2925
2925	2689
2689	2927
2927	2689
2689	2943
2943	2689
2689	2944
2944	2689
2689	2945
2945	2689
2689	2966
2966	2689
2689	2969
2969	2689
2689	2974
2974	2689
2689	2986
2986	2689
2689	3000
3000	2689
2689	3022
3022	2689
2689	3056
3056	2689
2689	3064
3064	2689
2689	3065
3065	2689
2689	3073
3073	2689
2689	3078
3078	2689
2689	3085
3085	2689
2689	3096
3096	2689
2689	3108
3108	2689
2689	3117
3117	2689
2689	3135
3135	2689
2689	3142
3142	2689
2689	3158
3158	2689
2689	3220
3220	2689
2689	3232
3232	2689
2689	3284
3284	2689
2689	3301
3301	2689
2689	3324
3324	2689
2689	3348
3348	2689
2689	3363
3363	2689
2689	3387
3387	2689
2689	3417
3417	2689
2689	3426
3426	2689
2689	3433
3433	2689
2759	2690
2762	2690
2836	2690
3275	2690
3383	2690
2706	2694
2717	2694
2738	2694
2749	2694
2750	2694
2754	2694
2755	2694
2757	2694
2763	2694
2773	2694
2777	2694
2782	2694
2786	2694
2800	2694
2806	2694
2815	2694
2827	2694
2835	2694
2839	2694
2862	2694
2864	2694
2872	2694
2877	2694
2880	2694
2896	2694
2897	2694
2905	2694
2908	2694
2910	2694
2912	2694
2913	2694
2915	2694
2916	2694
2919	2694
2920	2694
2925	2694
2927	2694
2928	2694
2940	2694
2943	2694
2944	2694
2946	2694
2948	2694
2956	2694
2960	2694
2966	2694
2974	2694
2986	2694
2988	2694
3000	2694
3004	2694
3022	2694
3023	2694
3033	2694
3056	2694
3064	2694
3065	2694
3078	2694
3085	2694
3090	2694
3096	2694
3104	2694
3108	2694
3142	2694
3174	2694
3195	2694
3202	2694
3226	2694
3232	2694
3250	2694
3284	2694
3301	2694
3304	2694
3324	2694
3339	2694
3348	2694
3363	2694
3364	2694
3384	2694
3387	2694
3388	2694
3417	2694
3426	2694
2695	2706
2706	2695
2695	2806
2806	2695
2695	2839
2839	2695
2695	2867
2867	2695
2695	2920
2920	2695
2695	2943
2943	2695
2695	2967
2967	2695
2695	3023
3023	2695
2695	3213
3213	2695
2695	3303
3303	2695
3248	2696
3275	2696
3275	2697
2698	2729
2729	2698
2698	2749
2749	2698
2698	2750
2750	2698
2698	2754
2754	2698
2698	2757
2757	2698
2698	2782
2782	2698
2698	2786
2786	2698
2698	2800
2800	2698
2698	2815
2815	2698
2698	2827
2827	2698
2698	2839
2839	2698
2698	2866
2866	2698
2698	2867
2867	2698
2698	2872
2872	2698
2698	2873
2873	2698
2698	2877
2877	2698
2698	2890
2890	2698
2698	2905
2905	2698
2698	2906
2906	2698
2698	2909
2909	2698
2698	2910
2910	2698
2698	2911
2911	2698
2698	2912
2912	2698
2698	2913
2913	2698
2698	2915
2915	2698
2698	2927
2927	2698
2698	2940
2940	2698
2698	2946
2946	2698
2698	2956
2956	2698
2698	2960
2960	2698
2698	2966
2966	2698
2698	2969
2969	2698
2698	2974
2974	2698
2698	2985
2985	2698
2698	2986
2986	2698
2698	2988
2988	2698
2698	3022
3022	2698
2698	3026
3026	2698
2698	3033
3033	2698
2698	3047
3047	2698
2698	3052
3052	2698
2698	3064
3064	2698
2698	3078
3078	2698
2698	3090
3090	2698
2698	3096
3096	2698
2698	3098
3098	2698
2698	3104
3104	2698
2698	3117
3117	2698
2698	3119
3119	2698
2698	3142
3142	2698
2698	3149
2698	3195
3195	2698
2698	3226
3226	2698
2698	3232
3232	2698
2698	3234
3234	2698
2698	3284
3284	2698
2698	3324
3324	2698
2698	3339
3339	2698
2698	3348
3348	2698
2698	3387
3387	2698
2698	3400
3400	2698
2698	3417
3417	2698
2698	3426
3426	2698
2698	3430
3430	2698
2699	2703
2703	2699
2699	2959
2959	2699
2699	2972
2972	2699
2699	2982
2982	2699
2699	3008
3008	2699
2699	3283
3283	2699
2699	3309
3309	2699
2699	3311
3311	2699
2699	3318
3318	2699
2699	3325
3325	2699
2699	3382
3382	2699
3248	2700
3328	2700
2954	2702
3275	2702
2703	2834
2834	2703
2703	2879
2879	2703
2703	2889
2889	2703
2703	2959
2959	2703
2703	2972
2972	2703
2703	2982
2982	2703
2703	3008
3008	2703
2703	3283
3283	2703
2703	3309
3309	2703
2703	3311
3311	2703
2703	3314
3314	2703
2703	3318
3318	2703
2703	3325
3325	2703
2703	3382
3382	2703
2703	3423
3423	2703
2705	2754
2754	2705
2705	2815
2815	2705
2705	2839
2839	2705
2705	2867
2867	2705
2705	2874
2874	2705
2705	2896
2896	2705
2705	2916
2916	2705
2705	2924
2924	2705
2705	2925
2925	2705
2705	2943
2943	2705
2705	2969
2969	2705
2705	3033
3033	2705
2705	3054
3054	2705
2705	3056
3056	2705
2705	3085
3085	2705
2705	3129
3129	2705
2705	3193
3193	2705
2705	3301
3301	2705
2705	3304
3304	2705
2705	3363
3363	2705
2705	3387
3387	2705
2705	3426
3426	2705
2706	2743
2743	2706
2706	2749
2749	2706
2706	2750
2750	2706
2706	2754
2754	2706
2706	2761
2761	2706
2706	2763
2763	2706
2706	2777
2777	2706
2706	2782
2782	2706
2706	2786
2786	2706
2706	2800
2800	2706
2706	2806
2806	2706
2706	2810
2810	2706
2706	2827
2827	2706
2706	2839
2839	2706
2706	2864
2864	2706
2706	2867
2867	2706
2706	2877
2877	2706
2706	2880
2880	2706
2706	2891
2891	2706
2706	2896
2896	2706
2706	2905
2905	2706
2706	2910
2910	2706
2706	2911
2911	2706
2706	2920
2920	2706
2706	2927
2927	2706
2706	2928
2928	2706
2706	2931
2931	2706
2706	2940
2940	2706
2706	2943
2943	2706
2706	2944
2944	2706
2706	2945
2945	2706
2706	2946
2946	2706
2706	2948
2948	2706
2706	2960
2960	2706
2706	2966
2966	2706
2706	2967
2967	2706
2706	2969
2969	2706
2706	2974
2974	2706
2706	2986
2986	2706
2706	3000
3000	2706
2706	3004
3004	2706
2706	3023
3023	2706
2706	3052
3052	2706
2706	3056
3056	2706
2706	3096
3096	2706
2706	3184
3184	2706
2706	3193
3193	2706
2706	3213
3213	2706
2706	3220
3220	2706
2706	3234
3234	2706
2706	3237
3237	2706
2706	3286
3286	2706
2706	3293
3293	2706
2706	3294
3294	2706
2706	3303
3303	2706
2706	3324
3324	2706
2706	3362
3362	2706
2706	3363
3363	2706
2706	3414
3414	2706
2706	3417
3417	2706
2706	3426
3426	2706
2781	2707
2710	2749
2749	2710
2710	2769
2769	2710
2710	2807
2807	2710
2710	2809
2809	2710
2710	2851
2851	2710
2710	2978
2978	2710
2710	3090
3090	2710
2710	3095
3095	2710
2710	3130
3130	2710
2710	3300
3300	2710
2710	3426
3426	2710
2853	2712
2729	2713
2979	2714
2832	2715
3214	2715
2853	2716
2717	2754
2754	2717
2717	2755
2755	2717
2717	2757
2757	2717
2717	2777
2777	2717
2717	2782
2782	2717
2717	2815
2815	2717
2717	2827
2827	2717
2717	2839
2839	2717
2717	2864
2864	2717
2717	2866
2866	2717
2717	2867
2867	2717
2717	2872
2872	2717
2717	2877
2877	2717
2717	2897
2897	2717
2717	2905
2905	2717
2717	2910
2910	2717
2717	2911
2911	2717
2717	2912
2912	2717
2717	2913
2913	2717
2717	2916
2916	2717
2717	2920
2920	2717
2717	2925
2925	2717
2717	2940
2940	2717
2717	2956
2956	2717
2717	2966
2966	2717
2717	2985
2985	2717
2717	2986
2986	2717
2717	3022
3022	2717
2717	3033
3033	2717
2717	3047
3047	2717
2717	3056
3056	2717
2717	3064
3064	2717
2717	3065
3065	2717
2717	3078
3078	2717
2717	3085
3085	2717
2717	3096
3096	2717
2717	3098
3098	2717
2717	3108
3108	2717
2717	3142
3142	2717
2717	3174
3174	2717
2717	3195
3195	2717
2717	3226
3226	2717
2717	3250
3250	2717
2717	3339
3339	2717
2717	3348
3348	2717
2717	3363
3363	2717
2717	3387
3387	2717
2717	3426
3426	2717
2832	2718
3173	2718
2853	2719
2836	2723
3383	2723
3221	2724
2726	2738
2738	2726
2726	2837
2837	2726
2726	2851
2851	2726
2726	2890
2890	2726
2726	2899
2899	2726
2726	2978
2978	2726
2726	3045
3045	2726
2726	3090
3090	2726
2726	3104
3104	2726
2726	3114
3114	2726
2726	3137
3137	2726
2726	3139
3139	2726
2726	3229
3229	2726
2726	3231
3231	2726
2726	3392
3392	2726
2729	2731
2731	2729
2729	2738
2738	2729
2729	2743
2743	2729
2729	2755
2755	2729
2729	2766
2766	2729
2729	2773
2773	2729
2729	2786
2786	2729
2729	2794
2794	2729
2729	2810
2810	2729
2729	2821
2821	2729
2729	2862
2862	2729
2729	2873
2873	2729
2729	2874
2874	2729
2729	2877
2877	2729
2729	2887
2887	2729
2729	2890
2890	2729
2729	2907
2907	2729
2729	2915
2915	2729
2729	2928
2928	2729
2729	2929
2929	2729
2729	2944
2944	2729
2729	2956
2956	2729
2729	2977
2729	2981
2981	2729
2729	2988
2988	2729
2729	2993
2993	2729
2729	2994
2994	2729
2729	3000
3000	2729
2729	3010
3010	2729
2729	3025
3025	2729
2729	3026
3026	2729
2729	3036
3036	2729
2729	3073
3073	2729
2729	3080
3080	2729
2729	3084
3084	2729
2729	3089
2729	3090
3090	2729
2729	3104
3104	2729
2729	3114
3114	2729
2729	3119
3119	2729
2729	3123
3123	2729
2729	3135
3135	2729
2729	3137
3137	2729
2729	3158
3158	2729
2729	3166
3166	2729
2729	3257
3257	2729
2729	3279
2729	3293
3293	2729
2729	3362
3362	2729
2729	3363
3363	2729
2729	3364
3364	2729
2729	3384
3384	2729
2729	3394
3394	2729
2729	3400
3400	2729
2729	3417
3417	2729
2729	3433
3433	2729
2729	3435
3435	2729
2781	2730
3214	2730
3221	2730
3327	2730
2731	2738
2738	2731
2731	2786
2786	2731
2731	2821
2821	2731
2731	2873
2873	2731
2731	2874
2874	2731
2731	2890
2890	2731
2731	2956
2956	2731
2731	2981
2981	2731
2731	2987
2987	2731
2731	2988
2988	2731
2731	2993
2993	2731
2731	3025
3025	2731
2731	3026
3026	2731
2731	3036
3036	2731
2731	3084
3084	2731
2731	3090
3090	2731
2731	3114
3114	2731
2731	3123
3123	2731
2731	3137
3137	2731
2731	3158
3158	2731
2731	3166
3166	2731
2731	3231
3231	2731
2731	3257
3257	2731
2731	3387
3387	2731
2731	3400
3400	2731
2836	2734
3173	2735
2736	2771
2771	2736
2736	2836
2836	2736
2736	3248
3248	2736
2736	3327
3327	2736
2738	2741
2741	2738
2738	2743
2743	2738
2738	2754
2754	2738
2738	2756
2756	2738
2738	2757
2757	2738
2738	2773
2773	2738
2738	2786
2786	2738
2738	2798
2798	2738
2738	2809
2809	2738
2738	2835
2835	2738
2738	2839
2839	2738
2738	2862
2862	2738
2738	2864
2864	2738
2738	2873
2873	2738
2738	2874
2874	2738
2738	2877
2877	2738
2738	2887
2887	2738
2738	2888
2888	2738
2738	2890
2890	2738
2738	2896
2896	2738
2738	2911
2911	2738
2738	2915
2915	2738
2738	2924
2924	2738
2738	2925
2925	2738
2738	2928
2928	2738
2738	2929
2929	2738
2738	2931
2931	2738
2738	2944
2944	2738
2738	2945
2945	2738
2738	2953
2953	2738
2738	2956
2956	2738
2738	2960
2960	2738
2738	2969
2969	2738
2738	2974
2974	2738
2738	2977
2738	2978
2978	2738
2738	2988
2988	2738
2738	2994
2994	2738
2738	3000
3000	2738
2738	3004
3004	2738
2738	3014
3014	2738
2738	3025
3025	2738
2738	3026
3026	2738
2738	3029
3029	2738
2738	3036
3036	2738
2738	3084
3084	2738
2738	3090
3090	2738
2738	3092
3092	2738
2738	3098
3098	2738
2738	3104
3104	2738
2738	3114
3114	2738
2738	3119
3119	2738
2738	3123
3123	2738
2738	3137
3137	2738
2738	3168
2738	3220
3220	2738
2738	3229
3229	2738
2738	3231
3231	2738
2738	3232
3232	2738
2738	3238
3238	2738
2738	3243
3243	2738
2738	3257
3257	2738
2738	3293
3293	2738
2738	3294
3294	2738
2738	3362
3362	2738
2738	3363
3363	2738
2738	3364
3364	2738
2738	3384
3384	2738
2738	3400
3400	2738
2738	3417
3417	2738
2738	3426
3426	2738
2738	3433
3433	2738
2954	2739
2741	2743
2743	2741
2741	2754
2754	2741
2741	2766
2766	2741
2741	2777
2777	2741
2741	2786
2786	2741
2741	2806
2806	2741
2741	2839
2839	2741
2741	2862
2862	2741
2741	2867
2867	2741
2741	2873
2873	2741
2741	2874
2874	2741
2741	2890
2890	2741
2741	2896
2896	2741
2741	2910
2910	2741
2741	2915
2915	2741
2741	2916
2916	2741
2741	2924
2924	2741
2741	2927
2927	2741
2741	2928
2928	2741
2741	2929
2929	2741
2741	2931
2931	2741
2741	2945
2945	2741
2741	2953
2953	2741
2741	2956
2956	2741
2741	2969
2969	2741
2741	2977
2741	2986
2986	2741
2741	2988
2988	2741
2741	2993
2993	2741
2741	2994
2994	2741
2741	3000
3000	2741
2741	3026
3026	2741
2741	3054
3054	2741
2741	3056
3056	2741
2741	3078
3078	2741
2741	3084
3084	2741
2741	3085
3085	2741
2741	3098
3098	2741
2741	3174
3174	2741
2741	3184
3184	2741
2741	3193
3193	2741
2741	3220
3220	2741
2741	3228
3228	2741
2741	3234
3234	2741
2741	3238
3238	2741
2741	3243
3243	2741
2741	3257
3257	2741
2741	3293
3293	2741
2741	3315
3315	2741
2741	3399
3399	2741
2741	3417
3417	2741
2741	3433
3433	2741
2781	2742
2743	2754
2754	2743
2743	2756
2756	2743
2743	2777
2777	2743
2743	2782
2782	2743
2743	2794
2794	2743
2743	2810
2810	2743
2743	2839
2839	2743
2743	2867
2867	2743
2743	2874
2874	2743
2743	2880
2880	2743
2743	2887
2887	2743
2743	2896
2896	2743
2743	2907
2907	2743
2743	2924
2924	2743
2743	2931
2931	2743
2743	2943
2943	2743
2743	2945
2945	2743
2743	2974
2974	2743
2743	2986
2986	2743
2743	2988
2988	2743
2743	2994
2994	2743
2743	3000
3000	2743
2743	3023
3023	2743
2743	3029
3029	2743
2743	3036
3036	2743
2743	3054
3054	2743
2743	3056
3056	2743
2743	3073
3073	2743
2743	3085
3085	2743
2743	3114
3114	2743
2743	3119
3119	2743
2743	3135
3135	2743
2743	3158
3158	2743
2743	3220
3220	2743
2743	3243
3243	2743
2743	3293
3293	2743
2743	3301
3301	2743
2743	3363
3363	2743
2743	3400
3400	2743
2743	3417
3417	2743
2743	3433
3433	2743
2743	3435
3435	2743
2762	2744
2745	2786
2786	2745
2745	2789
2789	2745
2745	2839
2839	2745
2745	2864
2864	2745
2745	2866
2866	2745
2745	2872
2872	2745
2745	2906
2906	2745
2745	2909
2909	2745
2745	2929
2929	2745
2745	2960
2960	2745
2745	2966
2966	2745
2745	2994
2994	2745
2745	3004
3004	2745
2745	3010
3010	2745
2745	3022
3022	2745
2745	3033
3033	2745
2745	3078
3078	2745
2745	3080
3080	2745
2745	3139
3139	2745
2745	3143
3143	2745
2745	3153
3153	2745
2745	3174
3174	2745
2745	3237
3237	2745
2745	3284
3284	2745
2745	3324
3324	2745
2745	3387
3387	2745
2745	3392
3392	2745
2745	3394
3394	2745
2745	3430
3430	2745
2746	2754
2754	2746
2746	2839
2839	2746
2746	2864
2864	2746
2746	2866
2866	2746
2746	2910
2910	2746
2746	2920
2920	2746
2746	2925
2925	2746
2746	2931
2931	2746
2746	2986
2986	2746
2746	3054
3054	2746
2746	3056
3056	2746
2746	3304
3304	2746
2746	3363
3363	2746
2832	2747
3173	2747
2853	2748
2946	2748
3117	2748
2749	2750
2750	2749
2749	2754
2754	2749
2749	2777
2777	2749
2749	2786
2786	2749
2749	2810
2810	2749
2749	2839
2839	2749
2749	2864
2864	2749
2749	2873
2873	2749
2749	2896
2896	2749
2749	2905
2905	2749
2749	2908
2908	2749
2749	2909
2909	2749
2749	2911
2911	2749
2749	2919
2919	2749
2749	2920
2920	2749
2749	2927
2927	2749
2749	2940
2940	2749
2749	2943
2943	2749
2749	2944
2944	2749
2749	2956
2956	2749
2749	2960
2960	2749
2749	2969
2969	2749
2749	2974
2974	2749
2749	2986
2986	2749
2749	2994
2994	2749
2749	3022
3022	2749
2749	3026
3026	2749
2749	3047
3047	2749
2749	3056
3056	2749
2749	3073
3073	2749
2749	3078
3078	2749
2749	3085
3085	2749
2749	3096
3096	2749
2749	3108
3108	2749
2749	3129
3129	2749
2749	3142
3142	2749
2749	3149
2749	3220
3220	2749
2749	3257
3257	2749
2749	3339
3339	2749
2749	3348
3348	2749
2749	3363
3363	2749
2749	3364
3364	2749
2749	3417
3417	2749
2749	3426
3426	2749
2750	2754
2754	2750
2750	2755
2755	2750
2750	2763
2763	2750
2750	2782
2782	2750
2750	2786
2786	2750
2750	2800
2800	2750
2750	2810
2810	2750
2750	2827
2827	2750
2750	2839
2839	2750
2750	2864
2864	2750
2750	2866
2866	2750
2750	2867
2867	2750
2750	2872
2872	2750
2750	2873
2873	2750
2750	2877
2877	2750
2750	2880
2880	2750
2750	2890
2890	2750
2750	2897
2897	2750
2750	2905
2905	2750
2750	2906
2906	2750
2750	2908
2908	2750
2750	2909
2909	2750
2750	2910
2910	2750
2750	2911
2911	2750
2750	2912
2912	2750
2750	2913
2913	2750
2750	2915
2915	2750
2750	2916
2916	2750
2750	2920
2920	2750
2750	2927
2927	2750
2750	2928
2928	2750
2750	2940
2940	2750
2750	2943
2943	2750
2750	2944
2944	2750
2750	2945
2945	2750
2750	2956
2956	2750
2750	2960
2960	2750
2750	2966
2966	2750
2750	2969
2969	2750
2750	2974
2974	2750
2750	2985
2985	2750
2750	2986
2986	2750
2750	2988
2988	2750
2750	3022
3022	2750
2750	3023
3023	2750
2750	3026
3026	2750
2750	3033
3033	2750
2750	3040
3040	2750
2750	3047
3047	2750
2750	3052
3052	2750
2750	3056
3056	2750
2750	3064
3064	2750
2750	3073
3073	2750
2750	3078
3078	2750
2750	3090
3090	2750
2750	3096
3096	2750
2750	3098
3098	2750
2750	3104
3104	2750
2750	3108
3108	2750
2750	3119
3119	2750
2750	3137
3137	2750
2750	3142
3142	2750
2750	3149
2750	3202
3202	2750
2750	3226
3226	2750
2750	3232
3232	2750
2750	3234
3234	2750
2750	3284
3284	2750
2750	3324
3324	2750
2750	3339
3339	2750
2750	3348
3348	2750
2750	3363
3363	2750
2750	3387
3387	2750
2750	3426
3426	2750
2841	2751
2913	2751
2946	2751
3117	2751
2781	2752
2754	2755
2755	2754
2754	2756
2756	2754
2754	2757
2757	2754
2754	2761
2761	2754
2754	2763
2763	2754
2754	2769
2769	2754
2754	2777
2777	2754
2754	2782
2782	2754
2754	2786
2786	2754
2754	2800
2800	2754
2754	2806
2806	2754
2754	2810
2810	2754
2754	2812
2754	2835
2835	2754
2754	2839
2839	2754
2754	2850
2850	2754
2754	2852
2852	2754
2754	2854
2854	2754
2754	2862
2862	2754
2754	2863
2754	2864
2864	2754
2754	2866
2866	2754
2754	2867
2867	2754
2754	2872
2872	2754
2754	2874
2874	2754
2754	2877
2877	2754
2754	2880
2880	2754
2754	2890
2890	2754
2754	2896
2896	2754
2754	2897
2897	2754
2754	2906
2906	2754
2754	2908
2908	2754
2754	2909
2909	2754
2754	2910
2910	2754
2754	2911
2911	2754
2754	2912
2912	2754
2754	2915
2915	2754
2754	2916
2916	2754
2754	2919
2919	2754
2754	2920
2920	2754
2754	2927
2927	2754
2754	2928
2928	2754
2754	2940
2940	2754
2754	2943
2943	2754
2754	2944
2944	2754
2754	2945
2945	2754
2754	2956
2956	2754
2754	2960
2960	2754
2754	2966
2966	2754
2754	2969
2969	2754
2754	2974
2974	2754
2754	2986
2986	2754
2754	2988
2988	2754
2754	3000
3000	2754
2754	3004
3004	2754
2754	3022
3022	2754
2754	3023
3023	2754
2754	3025
3025	2754
2754	3026
3026	2754
2754	3029
3029	2754
2754	3033
3033	2754
2754	3036
3036	2754
2754	3052
3052	2754
2754	3054
3054	2754
2754	3056
3056	2754
2754	3064
3064	2754
2754	3065
3065	2754
2754	3078
3078	2754
2754	3085
3085	2754
2754	3090
3090	2754
2754	3096
3096	2754
2754	3104
3104	2754
2754	3105
2754	3108
3108	2754
2754	3129
3129	2754
2754	3137
3137	2754
2754	3142
3142	2754
2754	3166
3166	2754
2754	3174
3174	2754
2754	3184
3184	2754
2754	3195
3195	2754
2754	3202
3202	2754
2754	3220
3220	2754
2754	3226
3226	2754
2754	3228
3228	2754
2754	3232
3232	2754
2754	3234
3234	2754
2754	3243
3243	2754
2754	3250
3250	2754
2754	3257
3257	2754
2754	3284
3284	2754
2754	3293
3293	2754
2754	3324
3324	2754
2754	3339
3339	2754
2754	3348
3348	2754
2754	3362
3362	2754
2754	3363
3363	2754
2754	3399
3399	2754
2754	3400
3400	2754
2754	3417
3417	2754
2754	3426
3426	2754
2754	3433
3433	2754
2755	2757
2757	2755
2755	2777
2777	2755
2755	2782
2782	2755
2755	2800
2800	2755
2755	2815
2815	2755
2755	2827
2827	2755
2755	2839
2839	2755
2755	2866
2866	2755
2755	2872
2872	2755
2755	2877
2877	2755
2755	2880
2880	2755
2755	2890
2890	2755
2755	2897
2897	2755
2755	2905
2905	2755
2755	2906
2906	2755
2755	2909
2909	2755
2755	2910
2910	2755
2755	2911
2911	2755
2755	2912
2912	2755
2755	2913
2913	2755
2755	2916
2916	2755
2755	2920
2920	2755
2755	2925
2925	2755
2755	2927
2927	2755
2755	2928
2928	2755
2755	2929
2929	2755
2755	2940
2940	2755
2755	2943
2943	2755
2755	2944
2944	2755
2755	2956
2956	2755
2755	2960
2960	2755
2755	2966
2966	2755
2755	2985
2985	2755
2755	2986
2986	2755
2755	2987
2987	2755
2755	2993
2993	2755
2755	2994
2994	2755
2755	3014
3014	2755
2755	3022
3022	2755
2755	3026
3026	2755
2755	3033
3033	2755
2755	3040
3040	2755
2755	3047
3047	2755
2755	3054
3054	2755
2755	3056
3056	2755
2755	3064
3064	2755
2755	3065
3065	2755
2755	3078
3078	2755
2755	3084
3084	2755
2755	3090
3090	2755
2755	3096
3096	2755
2755	3098
3098	2755
2755	3108
3108	2755
2755	3117
3117	2755
2755	3119
3119	2755
2755	3149
2755	3158
3158	2755
2755	3163
3163	2755
2755	3166
3166	2755
2755	3174
3174	2755
2755	3195
3195	2755
2755	3226
3226	2755
2755	3228
3228	2755
2755	3232
3232	2755
2755	3238
3238	2755
2755	3250
3250	2755
2755	3284
3284	2755
2755	3301
3301	2755
2755	3324
3324	2755
2755	3339
3339	2755
2755	3348
3348	2755
2755	3363
3363	2755
2755	3387
3387	2755
2755	3399
3399	2755
2755	3417
3417	2755
2755	3433
3433	2755
2755	3435
3435	2755
2756	2773
2773	2756
2756	2786
2786	2756
2756	2839
2839	2756
2756	2862
2862	2756
2756	2873
2873	2756
2756	2887
2887	2756
2756	2888
2888	2756
2756	2915
2915	2756
2756	2924
2924	2756
2756	2928
2928	2756
2756	2929
2929	2756
2756	2931
2931	2756
2756	2945
2945	2756
2756	2956
2956	2756
2756	2977
2756	2981
2981	2756
2756	2993
2993	2756
2756	2994
2994	2756
2756	3000
3000	2756
2756	3025
3025	2756
2756	3026
3026	2756
2756	3029
3029	2756
2756	3073
3073	2756
2756	3084
3084	2756
2756	3090
3090	2756
2756	3104
3104	2756
2756	3135
3135	2756
2756	3220
3220	2756
2756	3232
3232	2756
2756	3238
3238	2756
2756	3257
3257	2756
2756	3293
3293	2756
2756	3362
3362	2756
2756	3363
3363	2756
2756	3364
3364	2756
2756	3384
3384	2756
2756	3417
3417	2756
2756	3433
3433	2756
2757	2763
2763	2757
2757	2777
2777	2757
2757	2782
2782	2757
2757	2800
2800	2757
2757	2815
2815	2757
2757	2827
2827	2757
2757	2835
2835	2757
2757	2839
2839	2757
2757	2854
2854	2757
2757	2864
2864	2757
2757	2866
2866	2757
2757	2867
2867	2757
2757	2872
2872	2757
2757	2877
2877	2757
2757	2896
2896	2757
2757	2906
2906	2757
2757	2909
2909	2757
2757	2911
2911	2757
2757	2912
2912	2757
2757	2916
2916	2757
2757	2917
2917	2757
2757	2919
2919	2757
2757	2925
2925	2757
2757	2927
2927	2757
2757	2940
2940	2757
2757	2944
2944	2757
2757	2945
2945	2757
2757	2960
2960	2757
2757	2966
2966	2757
2757	2969
2969	2757
2757	2974
2974	2757
2757	2986
2986	2757
2757	3000
3000	2757
2757	3004
3004	2757
2757	3022
3022	2757
2757	3033
3033	2757
2757	3036
3036	2757
2757	3040
3040	2757
2757	3054
3054	2757
2757	3056
3056	2757
2757	3064
3064	2757
2757	3065
3065	2757
2757	3078
3078	2757
2757	3090
3090	2757
2757	3096
3096	2757
2757	3098
3098	2757
2757	3104
3104	2757
2757	3108
3108	2757
2757	3129
3129	2757
2757	3135
3135	2757
2757	3142
3142	2757
2757	3149
2757	3174
3174	2757
2757	3184
3184	2757
2757	3195
3195	2757
2757	3220
3220	2757
2757	3226
3226	2757
2757	3232
3232	2757
2757	3284
3284	2757
2757	3286
3286	2757
2757	3301
3301	2757
2757	3304
3304	2757
2757	3324
3324	2757
2757	3363
3363	2757
2757	3364
3364	2757
2757	3387
3387	2757
2757	3414
3414	2757
2757	3417
3417	2757
2757	3426
3426	2757
2759	2812
2759	2820
2759	2836
2836	2759
2759	2854
2854	2759
2759	2866
2866	2759
2759	2909
2909	2759
2759	2946
2946	2759
2759	2961
2961	2759
2759	3041
2759	3064
3064	2759
2759	3095
3095	2759
2759	3117
3117	2759
2759	3202
3202	2759
2759	3213
3213	2759
2759	3237
3237	2759
2759	3286
3286	2759
2759	3303
3303	2759
2759	3324
3324	2759
2759	3383
3383	2759
2759	3426
3426	2759
2761	2763
2763	2761
2761	2839
2839	2761
2761	2944
2944	2761
2761	2948
2948	2761
2761	2966
2966	2761
2761	3023
3023	2761
2761	3052
3052	2761
2761	3054
3054	2761
2761	3184
3184	2761
2761	3193
3193	2761
2761	3234
3234	2761
2761	3237
3237	2761
2761	3286
3286	2761
2761	3294
3294	2761
2761	3303
3303	2761
2761	3315
3315	2761
2761	3324
3324	2761
2761	3362
3362	2761
2761	3387
3387	2761
2761	3390
3390	2761
2761	3414
3414	2761
2761	3426
3426	2761
2762	2787
2762	2841
2841	2762
2762	2904
2762	3027
2762	3140
2762	3214
3214	2762
2762	3221
3221	2762
2762	3248
3248	2762
2762	3255
2762	3275
3275	2762
2762	3277
2762	3279
2762	3327
3327	2762
2762	3329
2762	3353
2762	3380
2762	3385
2763	2777
2777	2763
2763	2800
2800	2763
2763	2806
2806	2763
2763	2810
2810	2763
2763	2835
2835	2763
2763	2839
2839	2763
2763	2854
2854	2763
2763	2862
2862	2763
2763	2864
2864	2763
2763	2867
2867	2763
2763	2880
2880	2763
2763	2890
2890	2763
2763	2891
2891	2763
2763	2912
2912	2763
2763	2913
2913	2763
2763	2915
2915	2763
2763	2919
2919	2763
2763	2920
2920	2763
2763	2927
2927	2763
2763	2931
2931	2763
2763	2943
2943	2763
2763	2944
2944	2763
2763	2945
2945	2763
2763	2948
2948	2763
2763	2956
2956	2763
2763	2960
2960	2763
2763	2967
2967	2763
2763	2974
2974	2763
2763	3000
3000	2763
2763	3023
3023	2763
2763	3026
3026	2763
2763	3042
3042	2763
2763	3052
3052	2763
2763	3056
3056	2763
2763	3184
3184	2763
2763	3193
3193	2763
2763	3213
3213	2763
2763	3220
3220	2763
2763	3228
3228	2763
2763	3232
3232	2763
2763	3234
3234	2763
2763	3237
3237	2763
2763	3286
3286	2763
2763	3294
3294	2763
2763	3303
3303	2763
2763	3315
3315	2763
2763	3324
3324	2763
2763	3363
3363	2763
2763	3414
3414	2763
2763	3417
3417	2763
2763	3426
3426	2763
2979	2764
2853	2765
2766	2786
2786	2766
2766	2794
2794	2766
2766	2810
2810	2766
2766	2821
2821	2766
2766	2907
2907	2766
2766	2924
2924	2766
2766	2929
2929	2766
2766	3025
3025	2766
2766	3119
3119	2766
2766	3413
3413	2766
2889	2767
2959	2767
3314	2767
3318	2767
2769	2789
2789	2769
2769	2807
2807	2769
2769	2943
2943	2769
2769	2978
2978	2769
2769	3010
3010	2769
2769	3090
3090	2769
2769	3130
3130	2769
2769	3139
3139	2769
2769	3300
3300	2769
2853	2770
2771	2836
2836	2771
2771	2841
2841	2771
2771	2858
2858	2771
2771	2893
2893	2771
2771	2954
2954	2771
2771	3214
3214	2771
2771	3221
3221	2771
2771	3248
3248	2771
2771	3327
3327	2771
2771	3383
3383	2771
2771	3389
3389	2771
2771	3424
3424	2771
3214	2772
3221	2772
3328	2772
2773	2782
2782	2773
2773	2786
2786	2773
2773	2810
2810	2773
2773	2815
2815	2773
2773	2862
2862	2773
2773	2873
2873	2773
2773	2890
2890	2773
2773	2905
2905	2773
2773	2913
2913	2773
2773	2915
2915	2773
2773	2916
2916	2773
2773	2925
2925	2773
2773	2929
2929	2773
2773	2931
2931	2773
2773	2945
2945	2773
2773	2953
2953	2773
2773	2956
2956	2773
2773	2969
2969	2773
2773	2977
2773	2987
2987	2773
2773	2988
2988	2773
2773	2993
2993	2773
2773	2994
2994	2773
2773	3004
3004	2773
2773	3014
3014	2773
2773	3026
3026	2773
2773	3029
3029	2773
2773	3040
3040	2773
2773	3078
3078	2773
2773	3084
3084	2773
2773	3090
3090	2773
2773	3096
3096	2773
2773	3104
3104	2773
2773	3119
3119	2773
2773	3158
3158	2773
2773	3166
3166	2773
2773	3174
3174	2773
2773	3238
3238	2773
2773	3293
3293	2773
2773	3339
3339	2773
2773	3348
3348	2773
2773	3362
3362	2773
2773	3364
3364	2773
2773	3384
3384	2773
2773	3417
3417	2773
2773	3433
3433	2773
2773	3435
3435	2773
3055	2774
2777	2782
2782	2777
2777	2786
2786	2777
2777	2800
2800	2777
2777	2806
2806	2777
2777	2810
2810	2777
2777	2815
2815	2777
2777	2827
2827	2777
2777	2839
2839	2777
2777	2850
2850	2777
2777	2864
2864	2777
2777	2867
2867	2777
2777	2872
2872	2777
2777	2884
2884	2777
2777	2896
2896	2777
2777	2897
2897	2777
2777	2906
2906	2777
2777	2908
2908	2777
2777	2909
2909	2777
2777	2910
2910	2777
2777	2911
2911	2777
2777	2912
2912	2777
2777	2916
2916	2777
2777	2919
2919	2777
2777	2920
2920	2777
2777	2925
2925	2777
2777	2927
2927	2777
2777	2928
2928	2777
2777	2940
2940	2777
2777	2943
2943	2777
2777	2944
2944	2777
2777	2945
2945	2777
2777	2960
2960	2777
2777	2966
2966	2777
2777	2969
2969	2777
2777	2974
2974	2777
2777	2985
2985	2777
2777	2986
2986	2777
2777	2988
2988	2777
2777	3000
3000	2777
2777	3004
3004	2777
2777	3022
3022	2777
2777	3054
3054	2777
2777	3056
3056	2777
2777	3064
3064	2777
2777	3073
3073	2777
2777	3078
3078	2777
2777	3085
3085	2777
2777	3096
3096	2777
2777	3098
3098	2777
2777	3108
3108	2777
2777	3158
3158	2777
2777	3184
3184	2777
2777	3195
3195	2777
2777	3220
3220	2777
2777	3226
3226	2777
2777	3228
3228	2777
2777	3232
3232	2777
2777	3284
3284	2777
2777	3304
3304	2777
2777	3348
3348	2777
2777	3363
3363	2777
2777	3387
3387	2777
2777	3399
3399	2777
2777	3417
3417	2777
2777	3426
3426	2777
2777	3433
3433	2777
2781	2778
2853	2778
3327	2778
2979	2780
2781	2787
2781	2796
2781	2836
2836	2781
2781	2849
2781	2853
2853	2781
2781	2863
2781	2869
2781	2894
2781	2901
2781	2939
2781	2958
2781	2991
2781	3005
2781	3027
2781	3035
2781	3049
2781	3060
2781	3076
2781	3082
2781	3100
2781	3101
2781	3113
2781	3116
2781	3120
2781	3136
2781	3148
2781	3150
2781	3151
2781	3157
2781	3169
2781	3179
2781	3182
2781	3201
2781	3204
2781	3214
3214	2781
2781	3221
3221	2781
2781	3252
2781	3261
2781	3267
2781	3277
2781	3280
2781	3288
2781	3291
2781	3297
2781	3326
2781	3327
3327	2781
2781	3335
2781	3347
2781	3350
2781	3351
2781	3366
2781	3381
2781	3397
2781	3419
2781	3425
2781	3434
2782	2786
2786	2782
2782	2800
2800	2782
2782	2806
2806	2782
2782	2815
2815	2782
2782	2827
2827	2782
2782	2835
2835	2782
2782	2839
2839	2782
2782	2854
2854	2782
2782	2862
2862	2782
2782	2864
2864	2782
2782	2866
2866	2782
2782	2872
2872	2782
2782	2877
2877	2782
2782	2891
2891	2782
2782	2896
2896	2782
2782	2905
2905	2782
2782	2906
2906	2782
2782	2909
2909	2782
2782	2910
2910	2782
2782	2911
2911	2782
2782	2912
2912	2782
2782	2913
2913	2782
2782	2915
2915	2782
2782	2916
2916	2782
2782	2920
2920	2782
2782	2924
2924	2782
2782	2927
2927	2782
2782	2943
2943	2782
2782	2944
2944	2782
2782	2956
2956	2782
2782	2960
2960	2782
2782	2966
2966	2782
2782	2969
2969	2782
2782	2985
2985	2782
2782	2986
2986	2782
2782	2988
2988	2782
2782	3004
3004	2782
2782	3010
3010	2782
2782	3014
3014	2782
2782	3022
3022	2782
2782	3025
3025	2782
2782	3026
3026	2782
2782	3033
3033	2782
2782	3036
3036	2782
2782	3040
3040	2782
2782	3047
3047	2782
2782	3052
3052	2782
2782	3054
3054	2782
2782	3064
3064	2782
2782	3078
3078	2782
2782	3084
3084	2782
2782	3085
3085	2782
2782	3090
3090	2782
2782	3096
3096	2782
2782	3104
3104	2782
2782	3108
3108	2782
2782	3123
3123	2782
2782	3142
3142	2782
2782	3149
2782	3174
3174	2782
2782	3184
3184	2782
2782	3195
3195	2782
2782	3213
3213	2782
2782	3226
3226	2782
2782	3232
3232	2782
2782	3234
3234	2782
2782	3250
3250	2782
2782	3284
3284	2782
2782	3301
3301	2782
2782	3303
3303	2782
2782	3304
3304	2782
2782	3324
3324	2782
2782	3339
3339	2782
2782	3348
3348	2782
2782	3363
3363	2782
2782	3364
3364	2782
2782	3384
3384	2782
2782	3387
3387	2782
2782	3399
3399	2782
2782	3426
3426	2782
3383	2783
2979	2784
3214	2784
3275	2784
2786	2800
2800	2786
2786	2810
2810	2786
2786	2827
2827	2786
2786	2835
2835	2786
2786	2839
2839	2786
2786	2862
2862	2786
2786	2864
2864	2786
2786	2866
2866	2786
2786	2873
2873	2786
2786	2874
2874	2786
2786	2877
2877	2786
2786	2890
2890	2786
2786	2896
2896	2786
2786	2906
2906	2786
2786	2910
2910	2786
2786	2912
2912	2786
2786	2913
2913	2786
2786	2915
2915	2786
2786	2916
2916	2786
2786	2919
2919	2786
2786	2924
2924	2786
2786	2927
2927	2786
2786	2928
2928	2786
2786	2929
2929	2786
2786	2931
2931	2786
2786	2940
2940	2786
2786	2943
2943	2786
2786	2944
2944	2786
2786	2946
2946	2786
2786	2953
2953	2786
2786	2956
2956	2786
2786	2960
2960	2786
2786	2966
2966	2786
2786	2969
2969	2786
2786	2977
2786	2981
2981	2786
2786	2985
2985	2786
2786	2986
2986	2786
2786	2988
2988	2786
2786	2993
2993	2786
2786	2994
2994	2786
2786	3000
3000	2786
2786	3014
3014	2786
2786	3022
3022	2786
2786	3025
3025	2786
2786	3026
3026	2786
2786	3029
3029	2786
2786	3033
3033	2786
2786	3054
3054	2786
2786	3073
3073	2786
2786	3078
3078	2786
2786	3084
3084	2786
2786	3090
3090	2786
2786	3104
3104	2786
2786	3114
3114	2786
2786	3119
3119	2786
2786	3158
3158	2786
2786	3166
3166	2786
2786	3174
3174	2786
2786	3213
3213	2786
2786	3220
3220	2786
2786	3228
3228	2786
2786	3238
3238	2786
2786	3243
3243	2786
2786	3257
3257	2786
2786	3284
3284	2786
2786	3293
3293	2786
2786	3324
3324	2786
2786	3362
3362	2786
2786	3363
3363	2786
2786	3364
3364	2786
2786	3384
3384	2786
2786	3387
3387	2786
2786	3394
3394	2786
2786	3417
3417	2786
2786	3426
3426	2786
2786	3433
3433	2786
2786	3435
3435	2786
2836	2787
3214	2787
3327	2787
2789	2807
2807	2789
2789	2851
2851	2789
2789	2888
2888	2789
2789	2944
2944	2789
2789	2978
2978	2789
2789	3026
3026	2789
2789	3045
3045	2789
2789	3059
3059	2789
2789	3084
3084	2789
2789	3104
3104	2789
2789	3130
3130	2789
2789	3137
3137	2789
2789	3231
3231	2789
2789	3300
3300	2789
2789	3428
3428	2789
2853	2793
3214	2793
2794	2810
2810	2794
2794	2821
2821	2794
2794	2874
2874	2794
2794	2887
2887	2794
2794	2907
2907	2794
2794	2966
2966	2794
2794	2988
2988	2794
2794	3000
3000	2794
2794	3073
3073	2794
2794	3119
3119	2794
2794	3135
3135	2794
2794	3158
3158	2794
2794	3417
3417	2794
2794	3433
3433	2794
2832	2795
2853	2796
2798	3303
3303	2798
2800	2806
2806	2800
2800	2810
2810	2800
2800	2815
2815	2800
2800	2827
2827	2800
2800	2839
2839	2800
2800	2854
2854	2800
2800	2862
2862	2800
2800	2864
2864	2800
2800	2867
2867	2800
2800	2872
2872	2800
2800	2877
2877	2800
2800	2880
2880	2800
2800	2890
2890	2800
2800	2897
2897	2800
2800	2906
2906	2800
2800	2910
2910	2800
2800	2912
2912	2800
2800	2913
2913	2800
2800	2916
2916	2800
2800	2919
2919	2800
2800	2925
2925	2800
2800	2927
2927	2800
2800	2928
2928	2800
2800	2940
2940	2800
2800	2943
2943	2800
2800	2944
2944	2800
2800	2945
2945	2800
2800	2956
2956	2800
2800	2960
2960	2800
2800	2966
2966	2800
2800	2969
2969	2800
2800	2974
2974	2800
2800	2986
2986	2800
2800	2988
2988	2800
2800	3000
3000	2800
2800	3004
3004	2800
2800	3023
3023	2800
2800	3026
3026	2800
2800	3033
3033	2800
2800	3040
3040	2800
2800	3044
3044	2800
2800	3056
3056	2800
2800	3073
3073	2800
2800	3078
3078	2800
2800	3085
3085	2800
2800	3090
3090	2800
2800	3096
3096	2800
2800	3098
3098	2800
2800	3119
3119	2800
2800	3135
3135	2800
2800	3174
3174	2800
2800	3213
3213	2800
2800	3220
3220	2800
2800	3232
3232	2800
2800	3250
3250	2800
2800	3284
3284	2800
2800	3324
3324	2800
2800	3348
3348	2800
2800	3363
3363	2800
2800	3400
3400	2800
2800	3417
3417	2800
2800	3426
3426	2800
2800	3433
3433	2800
3221	2801
3214	2803
2804	2836
2836	2804
2804	2984
2804	2992
2804	3316
2804	3327
3327	2804
2804	3377
2804	3416
2806	2805
2806	2839
2839	2806
2806	2854
2854	2806
2806	2867
2867	2806
2806	2877
2877	2806
2806	2880
2880	2806
2806	2890
2890	2806
2806	2891
2891	2806
2806	2909
2909	2806
2806	2910
2910	2806
2806	2912
2912	2806
2806	2919
2919	2806
2806	2920
2920	2806
2806	2925
2925	2806
2806	2927
2927	2806
2806	2943
2943	2806
2806	2944
2944	2806
2806	2948
2948	2806
2806	2967
2967	2806
2806	2986
2986	2806
2806	3000
3000	2806
2806	3004
3004	2806
2806	3014
3014	2806
2806	3023
3023	2806
2806	3114
3114	2806
2806	3142
3142	2806
2806	3184
3184	2806
2806	3213
3213	2806
2806	3234
3234	2806
2806	3237
3237	2806
2806	3286
3286	2806
2806	3294
3294	2806
2806	3309
3309	2806
2806	3324
3324	2806
2806	3363
3363	2806
2806	3414
3414	2806
2806	3417
3417	2806
2806	3430
3430	2806
2807	2837
2837	2807
2807	2887
2887	2807
2807	2888
2888	2807
2807	2978
2978	2807
2807	3010
3010	2807
2807	3025
3025	2807
2807	3080
3080	2807
2807	3084
3084	2807
2807	3123
3123	2807
2807	3129
3129	2807
2807	3130
3130	2807
2807	3231
3231	2807
2807	3257
3257	2807
2807	3300
3300	2807
2807	3394
3394	2807
2807	3400
3400	2807
2807	3428
3428	2807
2809	2837
2837	2809
2809	3010
3010	2809
2809	3026
3026	2809
2809	3030
3030	2809
2809	3036
3036	2809
2809	3080
3080	2809
2809	3090
3090	2809
2809	3104
3104	2809
2809	3231
3231	2809
2809	3269
3269	2809
2809	3317
3317	2809
2809	3333
3333	2809
2809	3362
3362	2809
2809	3388
3388	2809
2809	3394
3394	2809
2810	2821
2821	2810
2810	2839
2839	2810
2810	2867
2867	2810
2810	2873
2873	2810
2810	2874
2874	2810
2810	2880
2880	2810
2810	2887
2887	2810
2810	2907
2907	2810
2810	2910
2910	2810
2810	2920
2920	2810
2810	2927
2927	2810
2810	2928
2928	2810
2810	2940
2940	2810
2810	2943
2943	2810
2810	2944
2944	2810
2810	2945
2945	2810
2810	2960
2960	2810
2810	2974
2974	2810
2810	2986
2986	2810
2810	2988
2988	2810
2810	2994
2994	2810
2810	3000
3000	2810
2810	3023
3023	2810
2810	3025
3025	2810
2810	3056
3056	2810
2810	3073
3073	2810
2810	3084
3084	2810
2810	3090
3090	2810
2810	3117
3117	2810
2810	3123
3123	2810
2810	3135
3135	2810
2810	3158
3158	2810
2810	3163
3163	2810
2810	3213
3213	2810
2810	3220
3220	2810
2810	3236
2810	3293
3293	2810
2810	3362
3362	2810
2810	3363
3363	2810
2810	3417
3417	2810
2810	3433
3433	2810
2979	2813
3214	2813
2815	2827
2827	2815
2815	2839
2839	2815
2815	2866
2866	2815
2815	2872
2872	2815
2815	2905
2905	2815
2815	2910
2910	2815
2815	2911
2911	2815
2815	2912
2912	2815
2815	2916
2916	2815
2815	2917
2917	2815
2815	2920
2920	2815
2815	2925
2925	2815
2815	2943
2943	2815
2815	2944
2944	2815
2815	2966
2966	2815
2815	2969
2969	2815
2815	2986
2986	2815
2815	2987
2987	2815
2815	3022
3022	2815
2815	3026
3026	2815
2815	3033
3033	2815
2815	3040
3040	2815
2815	3056
3056	2815
2815	3064
3064	2815
2815	3065
3065	2815
2815	3078
3078	2815
2815	3085
3085	2815
2815	3090
3090	2815
2815	3096
3096	2815
2815	3098
3098	2815
2815	3108
3108	2815
2815	3142
3142	2815
2815	3149
2815	3195
3195	2815
2815	3226
3226	2815
2815	3232
3232	2815
2815	3250
3250	2815
2815	3304
3304	2815
2815	3363
3363	2815
2815	3387
3387	2815
2815	3426
3426	2815
3055	2817
2946	2818
3221	2819
3328	2819
3190	2820
3275	2820
2821	2966
2966	2821
2821	3114
3114	2821
2821	3119
3119	2821
2821	3135
3135	2821
2821	3158
3158	2821
2821	3166
3166	2821
2821	3413
3413	2821
2979	2826
2827	2839
2839	2827
2827	2852
2852	2827
2827	2866
2866	2827
2827	2867
2867	2827
2827	2872
2872	2827
2827	2877
2877	2827
2827	2890
2890	2827
2827	2897
2897	2827
2827	2905
2905	2827
2827	2906
2906	2827
2827	2910
2910	2827
2827	2911
2911	2827
2827	2913
2913	2827
2827	2915
2915	2827
2827	2916
2916	2827
2827	2917
2917	2827
2827	2919
2919	2827
2827	2920
2920	2827
2827	2925
2925	2827
2827	2929
2929	2827
2827	2943
2943	2827
2827	2944
2944	2827
2827	2956
2956	2827
2827	2966
2966	2827
2827	2969
2969	2827
2827	2985
2985	2827
2827	2986
2986	2827
2827	2987
2987	2827
2827	2993
2993	2827
2827	2994
2994	2827
2827	3022
3022	2827
2827	3026
3026	2827
2827	3033
3033	2827
2827	3040
3040	2827
2827	3054
3054	2827
2827	3064
3064	2827
2827	3065
3065	2827
2827	3078
3078	2827
2827	3090
3090	2827
2827	3096
3096	2827
2827	3098
3098	2827
2827	3108
3108	2827
2827	3149
2827	3163
3163	2827
2827	3166
3166	2827
2827	3174
3174	2827
2827	3195
3195	2827
2827	3226
3226	2827
2827	3232
3232	2827
2827	3284
3284	2827
2827	3301
3301	2827
2827	3348
3348	2827
2827	3363
3363	2827
2827	3387
3387	2827
2827	3390
3390	2827
2827	3417
3417	2827
2827	3426
3426	2827
2827	3435
3435	2827
2832	2831
3214	2831
2832	2841
2841	2832
2832	2863
2832	2901
2832	2958
2832	3015
2832	3016
2832	3017
2832	3027
2832	3050
2832	3082
2832	3124
2832	3171
2832	3208
2832	3214
3214	2832
2832	3256
2832	3267
2832	3275
3275	2832
2832	3276
2832	3277
2832	3312
2832	3330
2832	3335
2832	3353
2834	2972
2972	2834
2834	3176
2834	3283
3283	2834
2834	3318
3318	2834
2834	3325
3325	2834
2834	3423
3423	2834
2835	2839
2839	2835
2835	2862
2862	2835
2835	2864
2864	2835
2835	2874
2874	2835
2835	2880
2880	2835
2835	2906
2906	2835
2835	2924
2924	2835
2835	2940
2940	2835
2835	2943
2943	2835
2835	2946
2946	2835
2835	2956
2956	2835
2835	2960
2960	2835
2835	2986
2986	2835
2835	2994
2994	2835
2835	3000
3000	2835
2835	3033
3033	2835
2835	3104
3104	2835
2835	3117
3117	2835
2835	3119
3119	2835
2835	3129
3129	2835
2835	3174
3174	2835
2835	3195
3195	2835
2835	3226
3226	2835
2835	3243
3243	2835
2835	3324
3324	2835
2835	3339
3339	2835
2835	3348
3348	2835
2835	3363
3363	2835
2835	3387
3387	2835
2835	3399
3399	2835
2835	3417
3417	2835
2836	2840
2836	2841
2841	2836
2836	2858
2858	2836
2836	2893
2893	2836
2836	2898
2898	2836
2836	2954
2954	2836
2836	3005
2836	3019
2836	3140
2836	3157
2836	3190
3190	2836
2836	3214
3214	2836
2836	3221
3221	2836
2836	3248
3248	2836
2836	3291
2836	3327
3327	2836
2836	3342
2836	3383
3383	2836
2836	3386
2836	3421
2836	3424
3424	2836
2837	3010
3010	2837
2837	3025
3025	2837
2837	3030
3030	2837
2837	3080
3080	2837
2837	3231
3231	2837
2837	3257
3257	2837
2837	3269
3269	2837
2837	3317
3317	2837
2837	3394
3394	2837
2838	3003
3003	2838
2839	2852
2852	2839
2839	2862
2862	2839
2839	2864
2864	2839
2839	2866
2866	2839
2839	2867
2867	2839
2839	2872
2872	2839
2839	2877
2877	2839
2839	2880
2880	2839
2839	2890
2890	2839
2839	2896
2896	2839
2839	2905
2905	2839
2839	2906
2906	2839
2839	2907
2907	2839
2839	2908
2908	2839
2839	2909
2909	2839
2839	2910
2910	2839
2839	2911
2911	2839
2839	2912
2912	2839
2839	2913
2913	2839
2839	2916
2916	2839
2839	2919
2919	2839
2839	2920
2920	2839
2839	2924
2924	2839
2839	2925
2925	2839
2839	2927
2927	2839
2839	2928
2928	2839
2839	2940
2940	2839
2839	2943
2943	2839
2839	2944
2944	2839
2839	2945
2945	2839
2839	2946
2946	2839
2839	2948
2948	2839
2839	2956
2956	2839
2839	2960
2960	2839
2839	2966
2966	2839
2839	2967
2967	2839
2839	2969
2969	2839
2839	2974
2974	2839
2839	2981
2981	2839
2839	2985
2985	2839
2839	2986
2986	2839
2839	3000
3000	2839
2839	3004
3004	2839
2839	3022
3022	2839
2839	3023
3023	2839
2839	3025
3025	2839
2839	3026
3026	2839
2839	3029
3029	2839
2839	3033
3033	2839
2839	3040
3040	2839
2839	3052
3052	2839
2839	3054
3054	2839
2839	3056
3056	2839
2839	3064
3064	2839
2839	3065
3065	2839
2839	3073
3073	2839
2839	3078
3078	2839
2839	3085
3085	2839
2839	3096
3096	2839
2839	3098
3098	2839
2839	3104
3104	2839
2839	3108
3108	2839
2839	3117
3117	2839
2839	3119
3119	2839
2839	3135
3135	2839
2839	3142
3142	2839
2839	3149
2839	3158
3158	2839
2839	3163
3163	2839
2839	3174
3174	2839
2839	3184
3184	2839
2839	3193
3193	2839
2839	3195
3195	2839
2839	3202
3202	2839
2839	3213
3213	2839
2839	3220
3220	2839
2839	3226
3226	2839
2839	3228
3228	2839
2839	3232
3232	2839
2839	3234
3234	2839
2839	3237
3237	2839
2839	3238
3238	2839
2839	3250
3250	2839
2839	3284
3284	2839
2839	3286
3286	2839
2839	3293
3293	2839
2839	3304
3304	2839
2839	3324
3324	2839
2839	3339
3339	2839
2839	3348
3348	2839
2839	3362
3362	2839
2839	3363
3363	2839
2839	3364
3364	2839
2839	3387
3387	2839
2839	3414
3414	2839
2839	3417
3417	2839
2839	3426
3426	2839
2839	3433
3433	2839
2841	2858
2858	2841
2841	2898
2898	2841
2841	2946
2946	2841
2841	2954
2954	2841
2841	3016
2841	3081
2841	3089
2841	3097
2841	3117
3117	2841
2841	3171
2841	3190
3190	2841
2841	3208
2841	3214
3214	2841
2841	3221
3221	2841
2841	3248
3248	2841
2841	3255
2841	3259
2841	3327
3327	2841
2841	3335
2841	3383
3383	2841
2841	3389
3389	2841
2841	3422
2841	3424
3424	2841
2841	3431
3173	2847
3214	2848
2853	2849
2850	2864
2864	2850
2850	2867
2867	2850
2850	2872
2872	2850
2850	2877
2877	2850
2850	2880
2880	2850
2850	2896
2896	2850
2850	2897
2897	2850
2850	2905
2905	2850
2850	2906
2906	2850
2850	2910
2910	2850
2850	2911
2911	2850
2850	2915
2915	2850
2850	2916
2916	2850
2850	2920
2920	2850
2850	2924
2924	2850
2850	2925
2925	2850
2850	2927
2927	2850
2850	2943
2943	2850
2850	2966
2966	2850
2850	2969
2969	2850
2850	2986
2986	2850
2850	3054
3054	2850
2850	3193
3193	2850
2850	3195
3195	2850
2850	3228
3228	2850
2850	3293
3293	2850
2850	3348
3348	2850
2850	3363
3363	2850
2850	3426
3426	2850
2851	2888
2888	2851
2851	2978
2978	2851
2851	3084
3084	2851
2851	3090
3090	2851
2851	3095
3095	2851
2851	3114
3114	2851
2851	3130
3130	2851
2851	3137
3137	2851
2851	3139
3139	2851
2851	3229
3229	2851
2851	3231
3231	2851
2851	3300
3300	2851
2851	3348
3348	2851
2851	3392
3392	2851
2851	3394
3394	2851
2851	3430
3430	2851
2852	2916
2916	2852
2852	2920
2920	2852
2852	2940
2940	2852
2852	2943
2943	2852
2852	3096
3096	2852
2852	3220
3220	2852
2852	3226
3226	2852
2853	2863
2853	2869
2853	2894
2853	2939
2853	2991
2853	2992
2853	3016
2853	3021
2853	3035
2853	3049
2853	3070
2853	3082
2853	3101
2853	3102
2853	3106
2853	3113
2853	3116
2853	3120
2853	3132
2853	3145
2853	3146
2853	3150
2853	3169
2853	3201
2853	3206
2853	3239
2853	3240
2853	3247
2853	3252
2853	3265
2853	3267
2853	3277
2853	3280
2853	3297
2853	3316
2853	3320
2853	3330
2853	3335
2853	3342
2853	3344
2853	3347
2853	3351
2853	3381
2853	3391
2853	3397
2853	3415
2853	3416
2853	3419
2854	2864
2864	2854
2854	2927
2927	2854
2854	2931
2931	2854
2854	2944
2944	2854
2854	2953
2953	2854
2854	2969
2969	2854
2854	3010
3010	2854
2854	3023
3023	2854
2854	3025
3025	2854
2854	3080
3080	2854
2854	3095
3095	2854
2854	3104
3104	2854
2854	3184
3184	2854
2854	3193
3193	2854
2854	3213
3213	2854
2854	3228
3228	2854
2854	3234
3234	2854
2854	3237
3237	2854
2854	3286
3286	2854
2854	3303
3303	2854
2854	3362
3362	2854
2854	3363
3363	2854
2854	3390
3390	2854
2854	3394
3394	2854
2854	3414
3414	2854
2854	3426
3426	2854
2854	3430
3430	2854
2979	2856
2858	2889
2889	2858
2858	2898
2898	2858
2858	2921
2858	2923
2858	3072
2858	3075
2858	3097
2858	3248
3248	2858
2858	3275
3275	2858
2858	3302
2858	3327
3327	2858
2858	3383
3383	2858
2858	3404
2862	2864
2864	2862
2862	2873
2873	2862
2862	2874
2874	2862
2862	2887
2887	2862
2862	2890
2890	2862
2862	2906
2906	2862
2862	2910
2910	2862
2862	2912
2912	2862
2862	2913
2913	2862
2862	2915
2915	2862
2862	2924
2924	2862
2862	2927
2927	2862
2862	2928
2928	2862
2862	2929
2929	2862
2862	2944
2944	2862
2862	2946
2946	2862
2862	2956
2956	2862
2862	2960
2960	2862
2862	2966
2966	2862
2862	2969
2969	2862
2862	2985
2985	2862
2862	2986
2986	2862
2862	2988
2988	2862
2862	2993
2993	2862
2862	2994
2994	2862
2862	3000
3000	2862
2862	3014
3014	2862
2862	3022
3022	2862
2862	3025
3025	2862
2862	3026
3026	2862
2862	3029
3029	2862
2862	3054
3054	2862
2862	3073
3073	2862
2862	3084
3084	2862
2862	3090
3090	2862
2862	3104
3104	2862
2862	3119
3119	2862
2862	3174
3174	2862
2862	3195
3195	2862
2862	3220
3220	2862
2862	3232
3232	2862
2862	3238
3238	2862
2862	3286
3286	2862
2862	3293
3293	2862
2862	3324
3324	2862
2862	3362
3362	2862
2862	3363
3363	2862
2862	3364
3364	2862
2862	3384
3384	2862
2862	3387
3387	2862
2862	3417
3417	2862
2862	3433
3433	2862
2862	3435
3435	2862
3214	2863
2864	2867
2867	2864
2864	2880
2880	2864
2864	2896
2896	2864
2864	2897
2897	2864
2864	2906
2906	2864
2864	2908
2908	2864
2864	2909
2909	2864
2864	2910
2910	2864
2864	2911
2911	2864
2864	2915
2915	2864
2864	2919
2919	2864
2864	2920
2920	2864
2864	2925
2925	2864
2864	2940
2940	2864
2864	2943
2943	2864
2864	2944
2944	2864
2864	2946
2946	2864
2864	2956
2956	2864
2864	2960
2960	2864
2864	2966
2966	2864
2864	2969
2969	2864
2864	2985
2985	2864
2864	2986
2986	2864
2864	3004
3004	2864
2864	3054
3054	2864
2864	3065
3065	2864
2864	3073
3073	2864
2864	3078
3078	2864
2864	3096
3096	2864
2864	3098
3098	2864
2864	3104
3104	2864
2864	3108
3108	2864
2864	3117
3117	2864
2864	3119
3119	2864
2864	3135
3135	2864
2864	3174
3174	2864
2864	3226
3226	2864
2864	3232
3232	2864
2864	3234
3234	2864
2864	3250
3250	2864
2864	3284
3284	2864
2864	3324
3324	2864
2864	3348
3348	2864
2864	3362
3362	2864
2864	3363
3363	2864
2864	3387
3387	2864
2864	3417
3417	2864
2864	3433
3433	2864
2979	2865
2866	2867
2867	2866
2866	2872
2872	2866
2866	2873
2873	2866
2866	2877
2877	2866
2866	2890
2890	2866
2866	2891
2891	2866
2866	2897
2897	2866
2866	2905
2905	2866
2866	2906
2906	2866
2866	2909
2909	2866
2866	2910
2910	2866
2866	2911
2911	2866
2866	2912
2912	2866
2866	2913
2913	2866
2866	2915
2915	2866
2866	2916
2916	2866
2866	2917
2917	2866
2866	2919
2919	2866
2866	2925
2925	2866
2866	2928
2928	2866
2866	2940
2940	2866
2866	2956
2956	2866
2866	2966
2966	2866
2866	2985
2985	2866
2866	2986
2986	2866
2866	2993
2993	2866
2866	2994
2994	2866
2866	3022
3022	2866
2866	3026
3026	2866
2866	3033
3033	2866
2866	3040
3040	2866
2866	3047
3047	2866
2866	3056
3056	2866
2866	3064
3064	2866
2866	3065
3065	2866
2866	3078
3078	2866
2866	3084
3084	2866
2866	3090
3090	2866
2866	3096
3096	2866
2866	3098
3098	2866
2866	3108
3108	2866
2866	3142
3142	2866
2866	3149
2866	3174
3174	2866
2866	3195
3195	2866
2866	3226
3226	2866
2866	3232
3232	2866
2866	3250
3250	2866
2866	3284
3284	2866
2866	3304
3304	2866
2866	3324
3324	2866
2866	3339
3339	2866
2866	3348
3348	2866
2866	3363
3363	2866
2866	3387
3387	2866
2866	3390
3390	2866
2866	3399
3399	2866
2866	3426
3426	2866
2866	3430
3430	2866
2867	2877
2877	2867
2867	2880
2880	2867
2867	2897
2897	2867
2867	2906
2906	2867
2867	2907
2907	2867
2867	2909
2909	2867
2867	2910
2910	2867
2867	2913
2913	2867
2867	2915
2915	2867
2867	2916
2916	2867
2867	2917
2917	2867
2867	2919
2919	2867
2867	2920
2920	2867
2867	2925
2925	2867
2867	2927
2927	2867
2867	2928
2928	2867
2867	2931
2931	2867
2867	2940
2940	2867
2867	2943
2943	2867
2867	2944
2944	2867
2867	2945
2945	2867
2867	2946
2946	2867
2867	2960
2960	2867
2867	2974
2974	2867
2867	2986
2986	2867
2867	3000
3000	2867
2867	3004
3004	2867
2867	3022
3022	2867
2867	3023
3023	2867
2867	3026
3026	2867
2867	3054
3054	2867
2867	3056
3056	2867
2867	3064
3064	2867
2867	3073
3073	2867
2867	3078
3078	2867
2867	3085
3085	2867
2867	3098
3098	2867
2867	3117
3117	2867
2867	3149
2867	3158
3158	2867
2867	3174
3174	2867
2867	3184
3184	2867
2867	3195
3195	2867
2867	3213
3213	2867
2867	3232
3232	2867
2867	3243
3243	2867
2867	3293
3293	2867
2867	3301
3301	2867
2867	3324
3324	2867
2867	3363
3363	2867
2867	3387
3387	2867
2867	3399
3399	2867
2867	3417
3417	2867
2867	3426
3426	2867
2867	3433
3433	2867
3275	2870
3327	2871
2872	2873
2873	2872
2872	2877
2877	2872
2872	2880
2880	2872
2872	2890
2890	2872
2872	2905
2905	2872
2872	2906
2906	2872
2872	2909
2909	2872
2872	2910
2910	2872
2872	2911
2911	2872
2872	2912
2912	2872
2872	2913
2913	2872
2872	2916
2916	2872
2872	2919
2919	2872
2872	2920
2920	2872
2872	2925
2925	2872
2872	2944
2944	2872
2872	2956
2956	2872
2872	2966
2966	2872
2872	2985
2985	2872
2872	2986
2986	2872
2872	2993
2993	2872
2872	3022
3022	2872
2872	3026
3026	2872
2872	3033
3033	2872
2872	3040
3040	2872
2872	3047
3047	2872
2872	3052
3052	2872
2872	3054
3054	2872
2872	3056
3056	2872
2872	3064
3064	2872
2872	3065
3065	2872
2872	3078
3078	2872
2872	3084
3084	2872
2872	3090
3090	2872
2872	3096
3096	2872
2872	3098
3098	2872
2872	3108
3108	2872
2872	3142
3142	2872
2872	3149
2872	3166
3166	2872
2872	3195
3195	2872
2872	3226
3226	2872
2872	3232
3232	2872
2872	3238
3238	2872
2872	3250
3250	2872
2872	3284
3284	2872
2872	3293
3293	2872
2872	3294
3294	2872
2872	3339
3339	2872
2872	3348
3348	2872
2872	3362
3362	2872
2872	3363
3363	2872
2872	3387
3387	2872
2872	3426
3426	2872
2872	3430
3430	2872
2873	2874
2874	2873
2873	2877
2877	2873
2873	2890
2890	2873
2873	2905
2905	2873
2873	2911
2911	2873
2873	2913
2913	2873
2873	2915
2915	2873
2873	2928
2928	2873
2873	2929
2929	2873
2873	2931
2931	2873
2873	2953
2953	2873
2873	2956
2956	2873
2873	2966
2966	2873
2873	2977
2873	2988
2988	2873
2873	2993
2993	2873
2873	2994
2994	2873
2873	3000
3000	2873
2873	3014
3014	2873
2873	3022
3022	2873
2873	3026
3026	2873
2873	3029
3029	2873
2873	3033
3033	2873
2873	3047
3047	2873
2873	3052
3052	2873
2873	3054
3054	2873
2873	3078
3078	2873
2873	3084
3084	2873
2873	3090
3090	2873
2873	3104
3104	2873
2873	3114
3114	2873
2873	3119
3119	2873
2873	3123
3123	2873
2873	3129
3129	2873
2873	3137
3137	2873
2873	3149
2873	3158
3158	2873
2873	3166
3166	2873
2873	3174
3174	2873
2873	3226
3226	2873
2873	3232
3232	2873
2873	3238
3238	2873
2873	3257
3257	2873
2873	3293
3293	2873
2873	3301
3301	2873
2873	3339
3339	2873
2873	3348
3348	2873
2873	3362
3362	2873
2873	3364
3364	2873
2873	3384
3384	2873
2873	3387
3387	2873
2873	3417
3417	2873
2873	3433
3433	2873
2873	3435
3435	2873
2874	2887
2887	2874
2874	2907
2907	2874
2874	2915
2915	2874
2874	2924
2924	2874
2874	2928
2928	2874
2874	2940
2940	2874
2874	2945
2945	2874
2874	2966
2966	2874
2874	2977
2874	2988
2988	2874
2874	2994
2994	2874
2874	3000
3000	2874
2874	3025
3025	2874
2874	3073
3073	2874
2874	3084
3084	2874
2874	3104
3104	2874
2874	3119
3119	2874
2874	3135
3135	2874
2874	3158
3158	2874
2874	3232
3232	2874
2874	3238
3238	2874
2874	3243
3243	2874
2874	3284
3284	2874
2874	3293
3293	2874
2874	3363
3363	2874
2874	3384
3384	2874
2874	3387
3387	2874
2874	3400
3400	2874
2874	3417
3417	2874
2874	3433
3433	2874
2874	3435
3435	2874
3248	2875
3327	2875
3214	2876
2877	2880
2880	2877
2877	2887
2887	2877
2877	2890
2890	2877
2877	2891
2891	2877
2877	2896
2896	2877
2877	2897
2897	2877
2877	2905
2905	2877
2877	2906
2906	2877
2877	2908
2908	2877
2877	2909
2909	2877
2877	2910
2910	2877
2877	2911
2911	2877
2877	2912
2912	2877
2877	2913
2913	2877
2877	2915
2915	2877
2877	2916
2916	2877
2877	2919
2919	2877
2877	2920
2920	2877
2877	2925
2925	2877
2877	2929
2929	2877
2877	2940
2940	2877
2877	2943
2943	2877
2877	2944
2944	2877
2877	2953
2953	2877
2877	2956
2956	2877
2877	2960
2960	2877
2877	2966
2966	2877
2877	2967
2967	2877
2877	2969
2969	2877
2877	2974
2974	2877
2877	2985
2985	2877
2877	2986
2986	2877
2877	2994
2994	2877
2877	3000
3000	2877
2877	3004
3004	2877
2877	3022
3022	2877
2877	3026
3026	2877
2877	3029
3029	2877
2877	3033
3033	2877
2877	3040
3040	2877
2877	3042
3042	2877
2877	3047
3047	2877
2877	3052
3052	2877
2877	3054
3054	2877
2877	3064
3064	2877
2877	3073
3073	2877
2877	3078
3078	2877
2877	3090
3090	2877
2877	3095
3095	2877
2877	3096
3096	2877
2877	3098
3098	2877
2877	3104
3104	2877
2877	3114
3114	2877
2877	3117
3117	2877
2877	3137
3137	2877
2877	3142
3142	2877
2877	3149
2877	3174
3174	2877
2877	3184
3184	2877
2877	3195
3195	2877
2877	3202
3202	2877
2877	3226
3226	2877
2877	3232
3232	2877
2877	3237
3237	2877
2877	3238
3238	2877
2877	3250
3250	2877
2877	3284
3284	2877
2877	3303
3303	2877
2877	3324
3324	2877
2877	3339
3339	2877
2877	3348
3348	2877
2877	3362
3362	2877
2877	3363
3363	2877
2877	3387
3387	2877
2877	3399
3399	2877
2877	3426
3426	2877
3214	2878
2879	2889
2889	2879
2879	2959
2959	2879
2879	2972
2972	2879
2879	2982
2982	2879
2879	3008
3008	2879
2879	3283
3283	2879
2879	3309
3309	2879
2879	3311
3311	2879
2879	3314
3314	2879
2879	3318
3318	2879
2879	3325
3325	2879
2879	3382
3382	2879
2879	3423
3423	2879
2880	2897
2897	2880
2880	2905
2905	2880
2880	2906
2906	2880
2880	2908
2908	2880
2880	2909
2909	2880
2880	2910
2910	2880
2880	2915
2915	2880
2880	2919
2919	2880
2880	2920
2920	2880
2880	2925
2925	2880
2880	2927
2927	2880
2880	2928
2928	2880
2880	2943
2943	2880
2880	2944
2944	2880
2880	2945
2945	2880
2880	2946
2946	2880
2880	2960
2960	2880
2880	2966
2966	2880
2880	2967
2967	2880
2880	2974
2974	2880
2880	2986
2986	2880
2880	3000
3000	2880
2880	3004
3004	2880
2880	3022
3022	2880
2880	3023
3023	2880
2880	3054
3054	2880
2880	3056
3056	2880
2880	3064
3064	2880
2880	3065
3065	2880
2880	3073
3073	2880
2880	3078
3078	2880
2880	3085
3085	2880
2880	3098
3098	2880
2880	3117
3117	2880
2880	3174
3174	2880
2880	3184
3184	2880
2880	3213
3213	2880
2880	3220
3220	2880
2880	3232
3232	2880
2880	3284
3284	2880
2880	3286
3286	2880
2880	3339
3339	2880
2880	3348
3348	2880
2880	3362
3362	2880
2880	3363
3363	2880
2880	3417
3417	2880
2884	2909
2909	2884
2884	3044
3044	2884
2884	3227
3227	2884
2884	3390
3390	2884
2885	3290
3290	2885
2887	2897
2897	2887
2887	2906
2906	2887
2887	2907
2907	2887
2887	2915
2915	2887
2887	2944
2944	2887
2887	2956
2956	2887
2887	2988
2988	2887
2887	2994
2994	2887
2887	3000
3000	2887
2887	3004
3004	2887
2887	3025
3025	2887
2887	3029
3029	2887
2887	3036
3036	2887
2887	3052
3052	2887
2887	3073
3073	2887
2887	3084
3084	2887
2887	3090
3090	2887
2887	3114
3114	2887
2887	3119
3119	2887
2887	3135
3135	2887
2887	3158
3158	2887
2887	3220
3220	2887
2887	3293
3293	2887
2887	3362
3362	2887
2887	3363
3363	2887
2887	3399
3399	2887
2887	3400
3400	2887
2888	2978
2978	2888
2888	3010
3010	2888
2888	3090
3090	2888
2888	3114
3114	2888
2888	3130
3130	2888
2888	3137
3137	2888
2888	3231
3231	2888
2888	3300
3300	2888
2889	2959
2959	2889
2889	2972
2972	2889
2889	2982
2982	2889
2889	3008
3008	2889
2889	3155
2889	3275
3275	2889
2889	3309
3309	2889
2889	3311
3311	2889
2889	3314
3314	2889
2889	3318
3318	2889
2889	3325
3325	2889
2889	3382
3382	2889
2889	3423
3423	2889
2890	2905
2905	2890
2890	2906
2906	2890
2890	2909
2909	2890
2890	2910
2910	2890
2890	2912
2912	2890
2890	2913
2913	2890
2890	2915
2915	2890
2890	2919
2919	2890
2890	2920
2920	2890
2890	2927
2927	2890
2890	2928
2928	2890
2890	2929
2929	2890
2890	2931
2931	2890
2890	2953
2953	2890
2890	2956
2956	2890
2890	2977
2890	2985
2985	2890
2890	2988
2988	2890
2890	2993
2993	2890
2890	2994
2994	2890
2890	3000
3000	2890
2890	3004
3004	2890
2890	3014
3014	2890
2890	3025
3025	2890
2890	3026
3026	2890
2890	3029
3029	2890
2890	3033
3033	2890
2890	3042
3042	2890
2890	3047
3047	2890
2890	3052
3052	2890
2890	3073
3073	2890
2890	3078
3078	2890
2890	3084
3084	2890
2890	3090
3090	2890
2890	3104
3104	2890
2890	3114
3114	2890
2890	3119
3119	2890
2890	3123
3123	2890
2890	3137
3137	2890
2890	3142
3142	2890
2890	3149
2890	3158
3158	2890
2890	3166
3166	2890
2890	3226
3226	2890
2890	3229
3229	2890
2890	3232
3232	2890
2890	3243
3243	2890
2890	3293
3293	2890
2890	3294
3294	2890
2890	3324
3324	2890
2890	3339
3339	2890
2890	3348
3348	2890
2890	3362
3362	2890
2890	3364
3364	2890
2890	3384
3384	2890
2890	3387
3387	2890
2890	3394
3394	2890
2890	3417
3417	2890
2890	3426
3426	2890
2890	3433
3433	2890
2890	3435
3435	2890
2891	2905
2905	2891
2891	2909
2909	2891
2891	2913
2913	2891
2891	2966
2966	2891
2891	3026
3026	2891
2891	3052
3052	2891
2891	3073
3073	2891
2891	3142
3142	2891
2891	3184
3184	2891
2891	3193
3193	2891
2891	3234
3234	2891
2891	3237
3237	2891
2891	3303
3303	2891
2891	3324
3324	2891
2893	3159
2893	3327
3327	2893
2893	3374
2893	3389
3389	2893
2893	3432
3173	2894
3327	2894
2896	2916
2916	2896
2896	2919
2919	2896
2896	2925
2925	2896
2896	2928
2928	2896
2896	2931
2931	2896
2896	2943
2943	2896
2896	2944
2944	2896
2896	2969
2969	2896
2896	3022
3022	2896
2896	3054
3054	2896
2896	3056
3056	2896
2896	3073
3073	2896
2896	3078
3078	2896
2896	3085
3085	2896
2896	3117
3117	2896
2896	3129
3129	2896
2896	3193
3193	2896
2896	3228
3228	2896
2896	3284
3284	2896
2896	3286
3286	2896
2896	3293
3293	2896
2896	3301
3301	2896
2896	3304
3304	2896
2896	3324
3324	2896
2896	3348
3348	2896
2896	3363
3363	2896
2896	3426
3426	2896
2896	3435
3435	2896
2896	3436
3436	2896
2897	2906
2906	2897
2897	2909
2909	2897
2897	2910
2910	2897
2897	2912
2912	2897
2897	2916
2916	2897
2897	2919
2919	2897
2897	2920
2920	2897
2897	2924
2924	2897
2897	2925
2925	2897
2897	2928
2928	2897
2897	2943
2943	2897
2897	2944
2944	2897
2897	2946
2946	2897
2897	2960
2960	2897
2897	2966
2966	2897
2897	2985
2985	2897
2897	2986
2986	2897
2897	3000
3000	2897
2897	3004
3004	2897
2897	3033
3033	2897
2897	3054
3054	2897
2897	3056
3056	2897
2897	3064
3064	2897
2897	3073
3073	2897
2897	3098
3098	2897
2897	3119
3119	2897
2897	3174
3174	2897
2897	3195
3195	2897
2897	3226
3226	2897
2897	3228
3228	2897
2897	3232
3232	2897
2897	3303
3303	2897
2897	3363
3363	2897
2897	3399
3399	2897
2898	3214
3214	2898
2898	3248
3248	2898
2898	3327
3327	2898
2898	3424
3424	2898
2899	3139
3139	2899
2899	3229
3229	2899
2899	3392
3392	2899
3173	2901
3214	2901
3275	2901
2946	2904
3214	2904
2905	2906
2906	2905
2905	2909
2909	2905
2905	2910
2910	2905
2905	2912
2912	2905
2905	2913
2913	2905
2905	2915
2915	2905
2905	2919
2919	2905
2905	2927
2927	2905
2905	2946
2946	2905
2905	2956
2956	2905
2905	2966
2966	2905
2905	2985
2985	2905
2905	2986
2986	2905
2905	2988
2988	2905
2905	2993
2993	2905
2905	2994
2994	2905
2905	3014
3014	2905
2905	3022
3022	2905
2905	3026
3026	2905
2905	3033
3033	2905
2905	3047
3047	2905
2905	3052
3052	2905
2905	3064
3064	2905
2905	3078
3078	2905
2905	3084
3084	2905
2905	3090
3090	2905
2905	3098
3098	2905
2905	3104
3104	2905
2905	3108
3108	2905
2905	3117
3117	2905
2905	3119
3119	2905
2905	3142
3142	2905
2905	3184
3184	2905
2905	3195
3195	2905
2905	3226
3226	2905
2905	3228
3228	2905
2905	3232
3232	2905
2905	3301
3301	2905
2905	3304
3304	2905
2905	3324
3324	2905
2905	3339
3339	2905
2905	3348
3348	2905
2905	3362
3362	2905
2905	3363
3363	2905
2905	3384
3384	2905
2905	3387
3387	2905
2905	3426
3426	2905
2906	2908
2908	2906
2906	2909
2909	2906
2906	2910
2910	2906
2906	2911
2911	2906
2906	2913
2913	2906
2906	2915
2915	2906
2906	2916
2916	2906
2906	2920
2920	2906
2906	2925
2925	2906
2906	2927
2927	2906
2906	2928
2928	2906
2906	2929
2929	2906
2906	2940
2940	2906
2906	2944
2944	2906
2906	2946
2946	2906
2906	2956
2956	2906
2906	2960
2960	2906
2906	2966
2966	2906
2906	2974
2974	2906
2906	2977
2906	2985
2985	2906
2906	2986
2986	2906
2906	2994
2994	2906
2906	3000
3000	2906
2906	3004
3004	2906
2906	3022
3022	2906
2906	3025
3025	2906
2906	3026
3026	2906
2906	3029
3029	2906
2906	3033
3033	2906
2906	3040
3040	2906
2906	3047
3047	2906
2906	3054
3054	2906
2906	3056
3056	2906
2906	3065
3065	2906
2906	3078
3078	2906
2906	3096
3096	2906
2906	3098
3098	2906
2906	3104
3104	2906
2906	3108
3108	2906
2906	3117
3117	2906
2906	3119
3119	2906
2906	3142
3142	2906
2906	3149
2906	3174
3174	2906
2906	3184
3184	2906
2906	3195
3195	2906
2906	3220
3220	2906
2906	3226
3226	2906
2906	3284
3284	2906
2906	3293
3293	2906
2906	3301
3301	2906
2906	3303
3303	2906
2906	3324
3324	2906
2906	3339
3339	2906
2906	3362
3362	2906
2906	3363
3363	2906
2906	3387
3387	2906
2906	3417
3417	2906
2906	3426
3426	2906
2907	2920
2920	2907
2907	2928
2928	2907
2907	2929
2929	2907
2907	2940
2940	2907
2907	2943
2943	2907
2907	2944
2944	2907
2907	2945
2945	2907
2907	2974
2974	2907
2907	2988
2988	2907
2907	3000
3000	2907
2907	3025
3025	2907
2907	3056
3056	2907
2907	3073
3073	2907
2907	3135
3135	2907
2907	3158
3158	2907
2907	3220
3220	2907
2907	3293
3293	2907
2907	3363
3363	2907
2907	3417
3417	2907
2907	3433
3433	2907
2908	2909
2909	2908
2908	2911
2911	2908
2908	2920
2920	2908
2908	2927
2927	2908
2908	2960
2960	2908
2908	2986
2986	2908
2908	3004
3004	2908
2908	3022
3022	2908
2908	3040
3040	2908
2908	3096
3096	2908
2908	3108
3108	2908
2908	3220
3220	2908
2908	3284
3284	2908
2908	3426
3426	2908
2909	2910
2910	2909
2909	2911
2911	2909
2909	2912
2912	2909
2909	2913
2913	2909
2909	2915
2915	2909
2909	2916
2916	2909
2909	2919
2919	2909
2909	2920
2920	2909
2909	2925
2925	2909
2909	2927
2927	2909
2909	2940
2940	2909
2909	2943
2943	2909
2909	2953
2953	2909
2909	2960
2960	2909
2909	2967
2967	2909
2909	2969
2969	2909
2909	2986
2986	2909
2909	3000
3000	2909
2909	3004
3004	2909
2909	3022
3022	2909
2909	3026
3026	2909
2909	3033
3033	2909
2909	3042
3042	2909
2909	3047
3047	2909
2909	3052
3052	2909
2909	3054
3054	2909
2909	3064
3064	2909
2909	3078
3078	2909
2909	3090
3090	2909
2909	3104
3104	2909
2909	3142
3142	2909
2909	3184
3184	2909
2909	3213
3213	2909
2909	3226
3226	2909
2909	3232
3232	2909
2909	3250
3250	2909
2909	3303
3303	2909
2909	3324
3324	2909
2909	3339
3339	2909
2909	3348
3348	2909
2909	3362
3362	2909
2909	3363
3363	2909
2909	3384
3384	2909
2909	3390
3390	2909
2909	3399
3399	2909
2909	3426
3426	2909
2910	2911
2911	2910
2910	2913
2913	2910
2910	2916
2916	2910
2910	2919
2919	2910
2910	2920
2920	2910
2910	2925
2925	2910
2910	2927
2927	2910
2910	2928
2928	2910
2910	2940
2940	2910
2910	2943
2943	2910
2910	2944
2944	2910
2910	2945
2945	2910
2910	2956
2956	2910
2910	2960
2960	2910
2910	2966
2966	2910
2910	2969
2969	2910
2910	2974
2974	2910
2910	2985
2985	2910
2910	2986
2986	2910
2910	2988
2988	2910
2910	3000
3000	2910
2910	3033
3033	2910
2910	3054
3054	2910
2910	3056
3056	2910
2910	3064
3064	2910
2910	3065
3065	2910
2910	3073
3073	2910
2910	3078
3078	2910
2910	3090
3090	2910
2910	3108
3108	2910
2910	3114
3114	2910
2910	3117
3117	2910
2910	3119
3119	2910
2910	3174
3174	2910
2910	3195
3195	2910
2910	3220
3220	2910
2910	3226
3226	2910
2910	3232
3232	2910
2910	3250
3250	2910
2910	3284
3284	2910
2910	3345
2910	3348
3348	2910
2910	3363
3363	2910
2910	3364
3364	2910
2910	3417
3417	2910
2910	3426
3426	2910
2910	3433
3433	2910
2911	2912
2912	2911
2911	2913
2913	2911
2911	2916
2916	2911
2911	2919
2919	2911
2911	2920
2920	2911
2911	2925
2925	2911
2911	2940
2940	2911
2911	2956
2956	2911
2911	2960
2960	2911
2911	2966
2966	2911
2911	2974
2974	2911
2911	2985
2985	2911
2911	2986
2986	2911
2911	3004
3004	2911
2911	3022
3022	2911
2911	3033
3033	2911
2911	3040
3040	2911
2911	3047
3047	2911
2911	3054
3054	2911
2911	3064
3064	2911
2911	3065
3065	2911
2911	3078
3078	2911
2911	3090
3090	2911
2911	3096
3096	2911
2911	3098
3098	2911
2911	3108
3108	2911
2911	3149
2911	3195
3195	2911
2911	3202
3202	2911
2911	3226
3226	2911
2911	3228
3228	2911
2911	3232
3232	2911
2911	3250
3250	2911
2911	3284
3284	2911
2911	3339
3339	2911
2911	3348
3348	2911
2911	3363
3363	2911
2911	3387
3387	2911
2911	3399
3399	2911
2911	3426
3426	2911
2912	2913
2913	2912
2912	2919
2919	2912
2912	2927
2927	2912
2912	2940
2940	2912
2912	2953
2953	2912
2912	2956
2956	2912
2912	2966
2966	2912
2912	2985
2985	2912
2912	2986
2986	2912
2912	3004
3004	2912
2912	3014
3014	2912
2912	3022
3022	2912
2912	3026
3026	2912
2912	3033
3033	2912
2912	3047
3047	2912
2912	3064
3064	2912
2912	3078
3078	2912
2912	3090
3090	2912
2912	3098
3098	2912
2912	3142
3142	2912
2912	3226
3226	2912
2912	3232
3232	2912
2912	3250
3250	2912
2912	3324
3324	2912
2912	3339
3339	2912
2912	3348
3348	2912
2912	3363
3363	2912
2912	3384
3384	2912
2912	3399
3399	2912
2912	3417
3417	2912
2912	3426
3426	2912
2913	2915
2915	2913
2913	2916
2916	2913
2913	2919
2919	2913
2913	2925
2925	2913
2913	2927
2927	2913
2913	2946
2946	2913
2913	2948
2948	2913
2913	2953
2953	2913
2913	2956
2956	2913
2913	2966
2966	2913
2913	2969
2969	2913
2913	2985
2985	2913
2913	2986
2986	2913
2913	2993
2993	2913
2913	3026
3026	2913
2913	3033
3033	2913
2913	3042
3042	2913
2913	3047
3047	2913
2913	3054
3054	2913
2913	3064
3064	2913
2913	3078
3078	2913
2913	3090
3090	2913
2913	3096
3096	2913
2913	3098
3098	2913
2913	3104
3104	2913
2913	3119
3119	2913
2913	3142
3142	2913
2913	3149
2913	3174
3174	2913
2913	3184
3184	2913
2913	3195
3195	2913
2913	3224
2913	3226
3226	2913
2913	3232
3232	2913
2913	3250
3250	2913
2913	3303
3303	2913
2913	3324
3324	2913
2913	3339
3339	2913
2913	3348
3348	2913
2913	3363
3363	2913
2913	3384
3384	2913
2913	3387
3387	2913
2913	3417
3417	2913
2913	3426
3426	2913
3117	2914
3214	2914
2915	2919
2919	2915
2915	2924
2924	2915
2915	2927
2927	2915
2915	2928
2928	2915
2915	2929
2929	2915
2915	2931
2931	2915
2915	2943
2943	2915
2915	2953
2953	2915
2915	2956
2956	2915
2915	2966
2966	2915
2915	2967
2967	2915
2915	2977
2915	2988
2988	2915
2915	2994
2994	2915
2915	3000
3000	2915
2915	3004
3004	2915
2915	3010
3010	2915
2915	3014
3014	2915
2915	3026
3026	2915
2915	3029
3029	2915
2915	3033
3033	2915
2915	3042
3042	2915
2915	3047
3047	2915
2915	3052
3052	2915
2915	3054
3054	2915
2915	3064
3064	2915
2915	3073
3073	2915
2915	3078
3078	2915
2915	3084
3084	2915
2915	3090
3090	2915
2915	3092
3092	2915
2915	3096
3096	2915
2915	3104
3104	2915
2915	3114
3114	2915
2915	3117
3117	2915
2915	3137
3137	2915
2915	3158
3158	2915
2915	3163
3163	2915
2915	3174
3174	2915
2915	3195
3195	2915
2915	3213
3213	2915
2915	3226
3226	2915
2915	3232
3232	2915
2915	3243
3243	2915
2915	3293
3293	2915
2915	3294
3294	2915
2915	3303
3303	2915
2915	3304
3304	2915
2915	3324
3324	2915
2915	3362
3362	2915
2915	3363
3363	2915
2915	3364
3364	2915
2915	3384
3384	2915
2915	3390
3390	2915
2915	3394
3394	2915
2915	3417
3417	2915
2915	3433
3433	2915
2915	3435
3435	2915
2916	2917
2917	2916
2916	2919
2919	2916
2916	2920
2920	2916
2916	2925
2925	2916
2916	2928
2928	2916
2916	2943
2943	2916
2916	2944
2944	2916
2916	2945
2945	2916
2916	2946
2946	2916
2916	2960
2960	2916
2916	2966
2966	2916
2916	2969
2969	2916
2916	2974
2974	2916
2916	2985
2985	2916
2916	2986
2986	2916
2916	2987
2987	2916
2916	3022
3022	2916
2916	3033
3033	2916
2916	3040
3040	2916
2916	3047
3047	2916
2916	3054
3054	2916
2916	3056
3056	2916
2916	3064
3064	2916
2916	3065
3065	2916
2916	3078
3078	2916
2916	3085
3085	2916
2916	3090
3090	2916
2916	3096
3096	2916
2916	3098
3098	2916
2916	3108
3108	2916
2916	3117
3117	2916
2916	3129
3129	2916
2916	3142
3142	2916
2916	3149
2916	3174
3174	2916
2916	3195
3195	2916
2916	3226
3226	2916
2916	3228
3228	2916
2916	3232
3232	2916
2916	3250
3250	2916
2916	3284
3284	2916
2916	3304
3304	2916
2916	3339
3339	2916
2916	3348
3348	2916
2916	3363
3363	2916
2916	3387
3387	2916
2916	3399
3399	2916
2916	3417
3417	2916
2916	3426
3426	2916
2917	2944
2944	2917
2917	3065
3065	2917
2917	3108
3108	2917
2917	3129
3129	2917
2917	3195
3195	2917
2917	3301
3301	2917
2917	3339
3339	2917
3173	2918
2919	2920
2920	2919
2919	2925
2925	2919
2919	2927
2927	2919
2919	2928
2928	2919
2919	2940
2940	2919
2919	2943
2943	2919
2919	2944
2944	2919
2919	2953
2953	2919
2919	2960
2960	2919
2919	2969
2969	2919
2919	2985
2985	2919
2919	2986
2986	2919
2919	2988
2988	2919
2919	2993
2993	2919
2919	2997
2919	3004
3004	2919
2919	3014
3014	2919
2919	3033
3033	2919
2919	3054
3054	2919
2919	3056
3056	2919
2919	3073
3073	2919
2919	3078
3078	2919
2919	3084
3084	2919
2919	3085
3085	2919
2919	3104
3104	2919
2919	3108
3108	2919
2919	3142
3142	2919
2919	3149
2919	3184
3184	2919
2919	3232
3232	2919
2919	3284
3284	2919
2919	3304
3304	2919
2919	3348
3348	2919
2919	3363
3363	2919
2919	3417
3417	2919
2919	3426
3426	2919
2919	3430
3430	2919
2920	2924
2924	2920
2920	2927
2927	2920
2920	2928
2928	2920
2920	2940
2940	2920
2920	2943
2943	2920
2920	2944
2944	2920
2920	2960
2960	2920
2920	2969
2969	2920
2920	2974
2974	2920
2920	2986
2986	2920
2920	3004
3004	2920
2920	3033
3033	2920
2920	3054
3054	2920
2920	3064
3064	2920
2920	3073
3073	2920
2920	3078
3078	2920
2920	3085
3085	2920
2920	3098
3098	2920
2920	3108
3108	2920
2920	3117
3117	2920
2920	3124
2920	3184
3184	2920
2920	3213
3213	2920
2920	3220
3220	2920
2920	3226
3226	2920
2920	3232
3232	2920
2920	3284
3284	2920
2920	3304
3304	2920
2920	3324
3324	2920
2920	3348
3348	2920
2920	3363
3363	2920
2920	3417
3417	2920
2920	3426
3426	2920
2920	3433
3433	2920
3214	2921
3221	2921
2924	2925
2925	2924
2924	2928
2928	2924
2924	2929
2929	2924
2924	2931
2931	2924
2924	2945
2945	2924
2924	2956
2956	2924
2924	2960
2960	2924
2924	2986
2986	2924
2924	2988
2988	2924
2924	3000
3000	2924
2924	3025
3025	2924
2924	3085
3085	2924
2924	3090
3090	2924
2924	3098
3098	2924
2924	3184
3184	2924
2924	3220
3220	2924
2924	3293
3293	2924
2924	3304
3304	2924
2924	3364
3364	2924
2924	3384
3384	2924
2924	3433
3433	2924
2925	2928
2928	2925
2925	2931
2931	2925
2925	2940
2940	2925
2925	2943
2943	2925
2925	2944
2944	2925
2925	2946
2946	2925
2925	2956
2956	2925
2925	2960
2960	2925
2925	2961
2961	2925
2925	2966
2966	2925
2925	2969
2969	2925
2925	2986
2986	2925
2925	3000
3000	2925
2925	3022
3022	2925
2925	3033
3033	2925
2925	3036
3036	2925
2925	3040
3040	2925
2925	3054
3054	2925
2925	3056
3056	2925
2925	3064
3064	2925
2925	3065
3065	2925
2925	3085
3085	2925
2925	3096
3096	2925
2925	3098
3098	2925
2925	3108
3108	2925
2925	3117
3117	2925
2925	3129
3129	2925
2925	3174
3174	2925
2925	3184
3184	2925
2925	3195
3195	2925
2925	3226
3226	2925
2925	3228
3228	2925
2925	3250
3250	2925
2925	3284
3284	2925
2925	3304
3304	2925
2925	3324
3324	2925
2925	3348
3348	2925
2925	3363
3363	2925
2925	3387
3387	2925
2925	3399
3399	2925
2925	3426
3426	2925
2927	2928
2928	2927
2927	2940
2940	2927
2927	2943
2943	2927
2927	2944
2944	2927
2927	2945
2945	2927
2927	2946
2946	2927
2927	2956
2956	2927
2927	2960
2960	2927
2927	2966
2966	2927
2927	2974
2974	2927
2927	2981
2981	2927
2927	2985
2985	2927
2927	2986
2986	2927
2927	2988
2988	2927
2927	3000
3000	2927
2927	3004
3004	2927
2927	3022
3022	2927
2927	3026
3026	2927
2927	3029
3029	2927
2927	3033
3033	2927
2927	3036
3036	2927
2927	3040
3040	2927
2927	3044
3044	2927
2927	3047
3047	2927
2927	3052
3052	2927
2927	3054
3054	2927
2927	3056
3056	2927
2927	3065
3065	2927
2927	3073
3073	2927
2927	3078
3078	2927
2927	3085
3085	2927
2927	3090
3090	2927
2927	3096
3096	2927
2927	3108
3108	2927
2927	3117
3117	2927
2927	3119
3119	2927
2927	3184
3184	2927
2927	3220
3220	2927
2927	3232
3232	2927
2927	3234
3234	2927
2927	3238
3238	2927
2927	3284
3284	2927
2927	3324
3324	2927
2927	3339
3339	2927
2927	3348
3348	2927
2927	3363
3363	2927
2927	3387
3387	2927
2927	3400
3400	2927
2927	3417
3417	2927
2927	3426
3426	2927
2927	3430
3430	2927
2927	3433
3433	2927
2928	2929
2929	2928
2928	2940
2940	2928
2928	2943
2943	2928
2928	2944
2944	2928
2928	2945
2945	2928
2928	2946
2946	2928
2928	2956
2956	2928
2928	2960
2960	2928
2928	2966
2966	2928
2928	2974
2974	2928
2928	2977
2928	2985
2985	2928
2928	2986
2986	2928
2928	2988
2988	2928
2928	2993
2993	2928
2928	3000
3000	2928
2928	3010
3010	2928
2928	3026
3026	2928
2928	3029
3029	2928
2928	3033
3033	2928
2928	3054
3054	2928
2928	3056
3056	2928
2928	3073
3073	2928
2928	3078
3078	2928
2928	3080
3080	2928
2928	3084
3084	2928
2928	3090
3090	2928
2928	3096
3096	2928
2928	3104
3104	2928
2928	3117
3117	2928
2928	3119
3119	2928
2928	3174
3174	2928
2928	3195
3195	2928
2928	3220
3220	2928
2928	3243
3243	2928
2928	3257
3257	2928
2928	3293
3293	2928
2928	3363
3363	2928
2928	3364
3364	2928
2928	3384
3384	2928
2928	3387
3387	2928
2928	3388
3388	2928
2928	3390
3390	2928
2928	3394
3394	2928
2928	3399
3399	2928
2928	3400
3400	2928
2928	3414
3414	2928
2928	3417
3417	2928
2928	3426
3426	2928
2928	3433
3433	2928
2928	3435
3435	2928
2929	2931
2931	2929
2929	2944
2944	2929
2929	2945
2945	2929
2929	2956
2956	2929
2929	2993
2993	2929
2929	2994
2994	2929
2929	3000
3000	2929
2929	3014
3014	2929
2929	3026
3026	2929
2929	3029
3029	2929
2929	3047
3047	2929
2929	3084
3084	2929
2929	3090
3090	2929
2929	3104
3104	2929
2929	3119
3119	2929
2929	3174
3174	2929
2929	3220
3220	2929
2929	3232
3232	2929
2929	3324
3324	2929
2929	3362
3362	2929
2929	3364
3364	2929
2929	3384
3384	2929
2929	3417
3417	2929
2929	3433
3433	2929
2929	3435
3435	2929
2931	2944
2944	2931
2931	2960
2960	2931
2931	2977
2931	2986
2986	2931
2931	2994
2994	2931
2931	3026
3026	2931
2931	3029
3029	2931
2931	3042
3042	2931
2931	3054
3054	2931
2931	3056
3056	2931
2931	3073
3073	2931
2931	3078
3078	2931
2931	3085
3085	2931
2931	3090
3090	2931
2931	3098
3098	2931
2931	3119
3119	2931
2931	3129
3129	2931
2931	3137
3137	2931
2931	3184
3184	2931
2931	3238
3238	2931
2931	3257
3257	2931
2931	3324
3324	2931
2931	3362
3362	2931
2931	3364
3364	2931
2931	3384
3384	2931
2931	3394
3394	2931
2931	3399
3399	2931
2931	3426
3426	2931
2931	3433
3433	2931
2931	3435
3435	2931
3363	2933
3275	2934
2940	2943
2943	2940
2940	2944
2944	2940
2940	2960
2960	2940
2940	2966
2966	2940
2940	2974
2974	2940
2940	2981
2981	2940
2940	2985
2985	2940
2940	2986
2986	2940
2940	2988
2988	2940
2940	3054
3054	2940
2940	3056
3056	2940
2940	3064
3064	2940
2940	3078
3078	2940
2940	3096
3096	2940
2940	3108
3108	2940
2940	3117
3117	2940
2940	3174
3174	2940
2940	3195
3195	2940
2940	3220
3220	2940
2940	3232
3232	2940
2940	3238
3238	2940
2940	3293
3293	2940
2940	3348
3348	2940
2940	3363
3363	2940
2940	3399
3399	2940
2940	3417
3417	2940
2940	3426
3426	2940
2940	3433
3433	2940
3304	2942
2943	2944
2944	2943
2943	2945
2945	2943
2943	2960
2960	2943
2943	2966
2966	2943
2943	2969
2969	2943
2943	2974
2974	2943
2943	2986
2986	2943
2943	3000
3000	2943
2943	3022
3022	2943
2943	3023
3023	2943
2943	3029
3029	2943
2943	3054
3054	2943
2943	3056
3056	2943
2943	3065
3065	2943
2943	3073
3073	2943
2943	3078
3078	2943
2943	3085
3085	2943
2943	3096
3096	2943
2943	3108
3108	2943
2943	3135
3135	2943
2943	3213
3213	2943
2943	3220
3220	2943
2943	3226
3226	2943
2943	3228
3228	2943
2943	3232
3232	2943
2943	3243
3243	2943
2943	3284
3284	2943
2943	3286
3286	2943
2943	3293
3293	2943
2943	3301
3301	2943
2943	3348
3348	2943
2943	3363
3363	2943
2943	3417
3417	2943
2943	3426
3426	2943
2943	3433
3433	2943
2944	2945
2945	2944
2944	2953
2953	2944
2944	2956
2956	2944
2944	2960
2960	2944
2944	2966
2966	2944
2944	2969
2969	2944
2944	2974
2974	2944
2944	2978
2978	2944
2944	2981
2981	2944
2944	3000
3000	2944
2944	3004
3004	2944
2944	3022
3022	2944
2944	3023
3023	2944
2944	3025
3025	2944
2944	3026
3026	2944
2944	3056
3056	2944
2944	3064
3064	2944
2944	3065
3065	2944
2944	3073
3073	2944
2944	3078
3078	2944
2944	3084
3084	2944
2944	3085
3085	2944
2944	3090
3090	2944
2944	3098
3098	2944
2944	3104
3104	2944
2944	3108
3108	2944
2944	3129
3129	2944
2944	3135
3135	2944
2944	3142
3142	2944
2944	3149
2944	3153
3153	2944
2944	3158
3158	2944
2944	3195
3195	2944
2944	3213
3213	2944
2944	3220
3220	2944
2944	3226
3226	2944
2944	3232
3232	2944
2944	3243
3243	2944
2944	3257
3257	2944
2944	3284
3284	2944
2944	3301
3301	2944
2944	3303
3303	2944
2944	3324
3324	2944
2944	3339
3339	2944
2944	3348
3348	2944
2944	3362
3362	2944
2944	3363
3363	2944
2944	3387
3387	2944
2944	3394
3394	2944
2944	3417
3417	2944
2944	3426
3426	2944
2944	3433
3433	2944
2945	2956
2956	2945
2945	2960
2960	2945
2945	2974
2974	2945
2945	2977
2945	3000
3000	2945
2945	3023
3023	2945
2945	3026
3026	2945
2945	3029
3029	2945
2945	3056
3056	2945
2945	3073
3073	2945
2945	3090
3090	2945
2945	3098
3098	2945
2945	3135
3135	2945
2945	3158
3158	2945
2945	3163
3163	2945
2945	3213
3213	2945
2945	3220
3220	2945
2945	3243
3243	2945
2945	3257
3257	2945
2945	3293
3293	2945
2945	3363
3363	2945
2945	3417
3417	2945
2945	3433
3433	2945
2945	3435
3435	2945
2946	2952
2952	2946
2946	2956
2956	2946
2946	2957
2946	2961
2961	2946
2946	2969
2969	2946
2946	2986
2986	2946
2946	2996
2946	3000
3000	2946
2946	3033
3033	2946
2946	3054
3054	2946
2946	3065
3065	2946
2946	3085
3085	2946
2946	3097
2946	3104
3104	2946
2946	3117
3117	2946
2946	3119
3119	2946
2946	3124
2946	3149
2946	3173
3173	2946
2946	3174
3174	2946
2946	3211
2946	3215
2946	3228
3228	2946
2946	3263
2946	3294
3294	2946
2946	3302
2946	3304
3304	2946
2946	3335
2946	3363
3363	2946
2946	3380
2946	3387
3387	2946
2948	3023
3023	2948
2948	3052
3052	2948
2948	3065
3065	2948
2948	3184
3184	2948
2948	3193
3193	2948
2948	3234
3234	2948
2948	3301
3301	2948
2948	3315
3315	2948
2948	3324
3324	2948
2948	3363
3363	2948
2948	3414
3414	2948
2948	3436
3436	2948
3214	2951
2952	3045
3045	2952
2953	2969
2969	2953
2953	2988
2988	2953
2953	3000
3000	2953
2953	3014
3014	2953
2953	3026
3026	2953
2953	3052
3052	2953
2953	3073
3073	2953
2953	3084
3084	2953
2953	3090
3090	2953
2953	3104
3104	2953
2953	3119
3119	2953
2953	3238
3238	2953
2953	3362
3362	2953
2953	3364
3364	2953
2953	3384
3384	2953
2953	3417
3417	2953
2953	3435
3435	2953
2954	3190
3190	2954
2954	3215
2954	3221
3221	2954
2954	3248
3248	2954
2954	3279
2954	3327
3327	2954
2954	3383
3383	2954
3221	2955
3327	2955
2956	2960
2960	2956
2956	2966
2966	2956
2956	2969
2969	2956
2956	2977
2956	2981
2981	2956
2956	2985
2985	2956
2956	2986
2986	2956
2956	2987
2987	2956
2956	2988
2988	2956
2956	2993
2993	2956
2956	2994
2994	2956
2956	3000
3000	2956
2956	3014
3014	2956
2956	3022
3022	2956
2956	3026
3026	2956
2956	3029
3029	2956
2956	3040
3040	2956
2956	3047
3047	2956
2956	3078
3078	2956
2956	3084
3084	2956
2956	3090
3090	2956
2956	3104
3104	2956
2956	3114
3114	2956
2956	3117
3117	2956
2956	3119
3119	2956
2956	3123
3123	2956
2956	3166
3166	2956
2956	3174
3174	2956
2956	3184
3184	2956
2956	3195
3195	2956
2956	3220
3220	2956
2956	3232
3232	2956
2956	3238
3238	2956
2956	3243
3243	2956
2956	3293
3293	2956
2956	3324
3324	2956
2956	3339
3339	2956
2956	3362
3362	2956
2956	3363
3363	2956
2956	3364
3364	2956
2956	3384
3384	2956
2956	3387
3387	2956
2956	3400
3400	2956
2956	3417
3417	2956
2956	3426
3426	2956
2956	3433
3433	2956
2956	3435
3435	2956
3327	2958
2959	2972
2972	2959
2959	2982
2982	2959
2959	3008
3008	2959
2959	3283
3283	2959
2959	3309
3309	2959
2959	3314
3314	2959
2959	3318
3318	2959
2959	3325
3325	2959
2959	3382
3382	2959
2959	3423
3423	2959
2960	2966
2966	2960
2960	2969
2969	2960
2960	2974
2974	2960
2960	2985
2985	2960
2960	2986
2986	2960
2960	2988
2988	2960
2960	3000
3000	2960
2960	3004
3004	2960
2960	3014
3014	2960
2960	3022
3022	2960
2960	3033
3033	2960
2960	3040
3040	2960
2960	3047
3047	2960
2960	3056
3056	2960
2960	3064
3064	2960
2960	3065
3065	2960
2960	3073
3073	2960
2960	3078
3078	2960
2960	3096
3096	2960
2960	3104
3104	2960
2960	3108
3108	2960
2960	3117
3117	2960
2960	3119
3119	2960
2960	3129
3129	2960
2960	3149
2960	3153
3153	2960
2960	3158
3158	2960
2960	3174
3174	2960
2960	3184
3184	2960
2960	3226
3226	2960
2960	3228
3228	2960
2960	3232
3232	2960
2960	3250
3250	2960
2960	3284
3284	2960
2960	3324
3324	2960
2960	3348
3348	2960
2960	3363
3363	2960
2960	3364
3364	2960
2960	3387
3387	2960
2960	3399
3399	2960
2960	3414
3414	2960
2960	3417
3417	2960
2960	3426
3426	2960
2960	3433
3433	2960
2961	2967
2967	2961
2961	3098
3098	2961
2961	3227
3227	2961
2961	3286
3286	2961
2961	3294
3294	2961
2961	3303
3303	2961
2961	3304
3304	2961
2963	3036
3036	2963
2963	3042
3042	2963
2963	3084
3084	2963
2979	2964
3328	2965
2966	2985
2985	2966
2966	2986
2986	2966
2966	2987
2987	2966
2966	2993
2993	2966
2966	2994
2994	2966
2966	3000
3000	2966
2966	3014
3014	2966
2966	3022
3022	2966
2966	3026
3026	2966
2966	3033
3033	2966
2966	3040
3040	2966
2966	3047
3047	2966
2966	3052
3052	2966
2966	3054
3054	2966
2966	3056
3056	2966
2966	3065
3065	2966
2966	3078
3078	2966
2966	3084
3084	2966
2966	3085
3085	2966
2966	3090
3090	2966
2966	3096
3096	2966
2966	3098
3098	2966
2966	3104
3104	2966
2966	3108
3108	2966
2966	3117
3117	2966
2966	3119
3119	2966
2966	3142
3142	2966
2966	3149
2966	3158
3158	2966
2966	3163
3163	2966
2966	3166
3166	2966
2966	3174
3174	2966
2966	3195
3195	2966
2966	3226
3226	2966
2966	3232
3232	2966
2966	3237
3237	2966
2966	3238
3238	2966
2966	3250
3250	2966
2966	3257
3257	2966
2966	3284
3284	2966
2966	3301
3301	2966
2966	3303
3303	2966
2966	3339
3339	2966
2966	3348
3348	2966
2966	3362
3362	2966
2966	3363
3363	2966
2966	3387
3387	2966
2966	3390
3390	2966
2966	3399
3399	2966
2966	3417
3417	2966
2966	3426
3426	2966
2966	3435
3435	2966
2967	3004
3004	2967
2967	3023
3023	2967
2967	3054
3054	2967
2967	3092
3092	2967
2967	3213
3213	2967
2967	3234
3234	2967
2967	3303
3303	2967
2967	3324
3324	2967
2967	3363
3363	2967
2967	3426
3426	2967
2969	2974
2974	2969
2969	2986
2986	2969
2969	3000
3000	2969
2969	3033
3033	2969
2969	3036
3036	2969
2969	3054
3054	2969
2969	3056
3056	2969
2969	3065
3065	2969
2969	3078
3078	2969
2969	3085
3085	2969
2969	3096
3096	2969
2969	3098
3098	2969
2969	3104
3104	2969
2969	3108
3108	2969
2969	3117
3117	2969
2969	3184
3184	2969
2969	3195
3195	2969
2969	3220
3220	2969
2969	3284
3284	2969
2969	3301
3301	2969
2969	3304
3304	2969
2969	3324
3324	2969
2969	3339
3339	2969
2969	3348
3348	2969
2969	3362
3362	2969
2969	3364
3364	2969
2969	3387
3387	2969
2969	3426
3426	2969
2972	3008
3008	2972
2972	3283
3283	2972
2972	3309
3309	2972
2972	3311
3311	2972
2972	3314
3314	2972
2972	3318
3318	2972
2972	3325
3325	2972
2972	3382
3382	2972
2972	3423
3423	2972
2974	2986
2986	2974
2974	2994
2994	2974
2974	3023
3023	2974
2974	3054
3054	2974
2974	3056
3056	2974
2974	3073
3073	2974
2974	3078
3078	2974
2974	3096
3096	2974
2974	3108
3108	2974
2974	3149
2974	3158
3158	2974
2974	3174
3174	2974
2974	3213
3213	2974
2974	3220
3220	2974
2974	3284
3284	2974
2974	3339
3339	2974
2974	3362
3362	2974
2974	3363
3363	2974
2974	3387
3387	2974
2974	3399
3399	2974
2974	3417
3417	2974
2974	3426
3426	2974
2974	3433
3433	2974
2993	2977
3000	2977
3014	2977
3029	2977
3084	2977
3104	2977
3119	2977
3129	2977
3166	2977
3238	2977
3243	2977
3257	2977
3293	2977
3384	2977
3435	2977
2978	3010
3010	2978
2978	3045
3045	2978
2978	3059
3059	2978
2978	3080
3080	2978
2978	3090
3090	2978
2978	3104
3104	2978
2978	3130
3130	2978
2978	3139
3139	2978
2978	3231
3231	2978
2978	3300
3300	2978
2978	3303
3303	2978
2978	3392
3392	2978
2978	3426
3426	2978
2978	3430
3430	2978
2979	3081
2979	3101
2979	3201
2979	3297
2979	3340
2979	3409
2981	3025
3025	2981
2981	3036
3036	2981
2981	3042
3042	2981
2981	3073
3073	2981
2981	3114
3114	2981
2981	3119
3119	2981
2981	3123
3123	2981
2981	3130
3130	2981
2981	3137
3137	2981
2981	3158
3158	2981
2981	3232
3232	2981
2981	3363
3363	2981
2981	3400
3400	2981
2982	3008
3008	2982
2982	3283
3283	2982
2982	3309
3309	2982
2982	3314
3314	2982
2982	3318
3318	2982
2982	3325
3325	2982
2982	3382
3382	2982
2982	3423
3423	2982
2985	2986
2986	2985
2985	2993
2993	2985
2985	2994
2994	2985
2985	3022
3022	2985
2985	3033
3033	2985
2985	3040
3040	2985
2985	3047
3047	2985
2985	3052
3052	2985
2985	3054
3054	2985
2985	3064
3064	2985
2985	3078
3078	2985
2985	3108
3108	2985
2985	3142
3142	2985
2985	3149
2985	3174
3174	2985
2985	3226
3226	2985
2985	3232
3232	2985
2985	3284
3284	2985
2985	3301
3301	2985
2985	3339
3339	2985
2985	3348
3348	2985
2985	3363
3363	2985
2985	3387
3387	2985
2985	3399
3399	2985
2985	3426
3426	2985
2986	2988
2988	2986
2986	3000
3000	2986
2986	3004
3004	2986
2986	3014
3014	2986
2986	3022
3022	2986
2986	3029
3029	2986
2986	3033
3033	2986
2986	3036
3036	2986
2986	3047
3047	2986
2986	3054
3054	2986
2986	3056
3056	2986
2986	3064
3064	2986
2986	3065
3065	2986
2986	3073
3073	2986
2986	3078
3078	2986
2986	3085
3085	2986
2986	3096
3096	2986
2986	3098
3098	2986
2986	3108
3108	2986
2986	3114
3114	2986
2986	3149
2986	3166
3166	2986
2986	3174
3174	2986
2986	3184
3184	2986
2986	3195
3195	2986
2986	3220
3220	2986
2986	3226
3226	2986
2986	3228
3228	2986
2986	3232
3232	2986
2986	3238
3238	2986
2986	3284
3284	2986
2986	3348
3348	2986
2986	3363
3363	2986
2986	3400
3400	2986
2986	3417
3417	2986
2986	3426
3426	2986
2986	3433
3433	2986
2987	2993
2993	2987
2987	3014
3014	2987
2987	3025
3025	2987
2987	3026
3026	2987
2987	3052
3052	2987
2987	3084
3084	2987
2987	3090
3090	2987
2987	3104
3104	2987
2987	3114
3114	2987
2987	3123
3123	2987
2987	3137
3137	2987
2987	3149
2987	3158
3158	2987
2987	3163
3163	2987
2987	3166
3166	2987
2987	3195
3195	2987
2987	3387
3387	2987
2988	2994
2994	2988
2988	3000
3000	2988
2988	3022
3022	2988
2988	3025
3025	2988
2988	3026
3026	2988
2988	3036
3036	2988
2988	3073
3073	2988
2988	3078
3078	2988
2988	3084
3084	2988
2988	3090
3090	2988
2988	3104
3104	2988
2988	3119
3119	2988
2988	3123
3123	2988
2988	3135
3135	2988
2988	3142
3142	2988
2988	3158
3158	2988
2988	3166
3166	2988
2988	3232
3232	2988
2988	3234
3234	2988
2988	3339
3339	2988
2988	3364
3364	2988
2988	3384
3384	2988
2988	3400
3400	2988
2988	3417
3417	2988
2988	3433
3433	2988
2993	2994
2994	2993
2993	3014
3014	2993
2993	3026
3026	2993
2993	3029
3029	2993
2993	3033
3033	2993
2993	3047
3047	2993
2993	3084
3084	2993
2993	3090
3090	2993
2993	3104
3104	2993
2993	3119
3119	2993
2993	3123
3123	2993
2993	3135
3135	2993
2993	3137
3137	2993
2993	3149
2993	3158
3158	2993
2993	3163
3163	2993
2993	3166
3166	2993
2993	3195
3195	2993
2993	3226
3226	2993
2993	3232
3232	2993
2993	3238
3238	2993
2993	3257
3257	2993
2993	3339
3339	2993
2993	3362
3362	2993
2993	3384
3384	2993
2993	3387
3387	2993
2993	3417
3417	2993
2993	3426
3426	2993
2993	3435
3435	2993
2994	3014
3014	2994
2994	3029
3029	2994
2994	3033
3033	2994
2994	3040
3040	2994
2994	3047
3047	2994
2994	3073
3073	2994
2994	3078
3078	2994
2994	3084
3084	2994
2994	3090
3090	2994
2994	3104
3104	2994
2994	3108
3108	2994
2994	3114
3114	2994
2994	3119
3119	2994
2994	3135
3135	2994
2994	3149
2994	3166
3166	2994
2994	3174
3174	2994
2994	3293
3293	2994
2994	3294
3294	2994
2994	3324
3324	2994
2994	3348
3348	2994
2994	3362
3362	2994
2994	3364
3364	2994
2994	3384
3384	2994
2994	3387
3387	2994
2994	3400
3400	2994
2994	3417
3417	2994
2994	3433
3433	2994
3117	2996
3190	2996
3214	2996
3275	2996
3327	2999
3000	3023
3023	3000
3000	3025
3025	3000
3000	3026
3026	3000
3000	3029
3029	3000
3000	3054
3054	3000
3000	3056
3056	3000
3000	3073
3073	3000
3000	3078
3078	3000
3000	3084
3084	3000
3000	3085
3085	3000
3000	3090
3090	3000
3000	3096
3096	3000
3000	3104
3104	3000
3000	3117
3117	3000
3000	3119
3119	3000
3000	3123
3123	3000
3000	3135
3135	3000
3000	3149
3000	3158
3158	3000
3000	3166
3166	3000
3000	3174
3174	3000
3000	3213
3213	3000
3000	3220
3220	3000
3000	3226
3226	3000
3000	3232
3232	3000
3000	3238
3238	3000
3000	3257
3257	3000
3000	3293
3293	3000
3000	3348
3348	3000
3000	3362
3362	3000
3000	3363
3363	3000
3000	3364
3364	3000
3000	3387
3387	3000
3000	3400
3400	3000
3000	3417
3417	3000
3000	3433
3433	3000
3000	3435
3435	3000
3214	3002
3221	3002
3004	3022
3022	3004
3004	3023
3023	3004
3004	3054
3054	3004
3004	3078
3078	3004
3004	3104
3104	3004
3004	3117
3117	3004
3004	3226
3226	3004
3004	3232
3232	3004
3004	3284
3284	3004
3004	3324
3324	3004
3004	3362
3362	3004
3004	3363
3363	3004
3004	3399
3399	3004
3004	3417
3417	3004
3004	3426
3426	3004
3010	3005
3214	3005
3008	3283
3283	3008
3008	3309
3309	3008
3008	3314
3314	3008
3008	3318
3318	3008
3008	3325
3325	3008
3008	3382
3382	3008
3008	3423
3423	3008
3214	3009
3010	3025
3025	3010
3010	3026
3026	3010
3010	3030
3030	3010
3010	3033
3033	3010
3010	3036
3036	3010
3010	3080
3080	3010
3010	3090
3090	3010
3010	3104
3104	3010
3010	3137
3137	3010
3010	3231
3231	3010
3010	3269
3269	3010
3010	3317
3317	3010
3010	3333
3333	3010
3010	3388
3388	3010
3010	3390
3390	3010
3010	3394
3394	3010
3014	3026
3026	3014
3014	3029
3029	3014
3014	3052
3052	3014
3014	3084
3084	3014
3014	3090
3090	3014
3014	3104
3104	3014
3014	3149
3014	3184
3184	3014
3014	3232
3232	3014
3014	3293
3293	3014
3014	3303
3303	3014
3014	3362
3362	3014
3014	3364
3364	3014
3014	3384
3384	3014
3014	3387
3387	3014
3014	3417
3417	3014
3214	3016
3328	3017
3248	3018
3117	3020
3275	3020
3022	3025
3025	3022
3022	3026
3026	3022
3022	3033
3033	3022
3022	3040
3040	3022
3022	3047
3047	3022
3022	3052
3052	3022
3022	3054
3054	3022
3022	3064
3064	3022
3022	3078
3078	3022
3022	3090
3090	3022
3022	3096
3096	3022
3022	3098
3098	3022
3022	3108
3108	3022
3022	3117
3117	3022
3022	3142
3142	3022
3022	3149
3022	3166
3166	3022
3022	3174
3174	3022
3022	3184
3184	3022
3022	3195
3195	3022
3022	3226
3226	3022
3022	3232
3232	3022
3022	3284
3284	3022
3022	3294
3294	3022
3022	3339
3339	3022
3022	3348
3348	3022
3022	3362
3362	3022
3022	3363
3363	3022
3022	3387
3387	3022
3022	3400
3400	3022
3022	3426
3426	3022
3022	3435
3435	3022
3023	3052
3052	3023
3023	3056
3056	3023
3023	3184
3184	3023
3023	3193
3193	3023
3023	3213
3213	3023
3023	3232
3232	3023
3023	3234
3234	3023
3023	3324
3324	3023
3023	3363
3363	3023
3023	3414
3414	3023
3328	3024
3025	3026
3026	3025
3025	3029
3029	3025
3025	3036
3036	3025
3025	3073
3073	3025
3025	3080
3080	3025
3025	3084
3084	3025
3025	3090
3090	3025
3025	3104
3104	3025
3025	3114
3114	3025
3025	3119
3119	3025
3025	3123
3123	3025
3025	3135
3135	3025
3025	3137
3137	3025
3025	3158
3158	3025
3025	3166
3166	3025
3025	3231
3231	3025
3025	3238
3238	3025
3025	3257
3257	3025
3025	3362
3362	3025
3025	3363
3363	3025
3025	3394
3394	3025
3025	3400
3400	3025
3025	3426
3426	3025
3025	3435
3435	3025
3026	3033
3033	3026
3026	3036
3036	3026
3026	3047
3047	3026
3026	3052
3052	3026
3026	3078
3078	3026
3026	3084
3084	3026
3026	3090
3090	3026
3026	3096
3096	3026
3026	3098
3098	3026
3026	3104
3104	3026
3026	3114
3114	3026
3026	3119
3119	3026
3026	3123
3123	3026
3026	3137
3137	3026
3026	3139
3139	3026
3026	3158
3158	3026
3026	3166
3166	3026
3026	3184
3184	3026
3026	3195
3195	3026
3026	3213
3213	3026
3026	3226
3226	3026
3026	3232
3232	3026
3026	3234
3234	3026
3026	3238
3238	3026
3026	3257
3257	3026
3026	3293
3293	3026
3026	3301
3301	3026
3026	3303
3303	3026
3026	3324
3324	3026
3026	3339
3339	3026
3026	3348
3348	3026
3026	3362
3362	3026
3026	3363
3363	3026
3026	3364
3364	3026
3026	3384
3384	3026
3026	3387
3387	3026
3026	3400
3400	3026
3026	3417
3417	3026
3026	3426
3426	3026
3026	3435
3435	3026
3117	3027
3214	3027
3029	3073
3073	3029
3029	3084
3084	3029
3029	3085
3085	3029
3029	3090
3090	3029
3029	3104
3104	3029
3029	3119
3119	3029
3029	3129
3129	3029
3029	3174
3174	3029
3029	3220
3220	3029
3029	3238
3238	3029
3029	3257
3257	3029
3029	3362
3362	3029
3029	3363
3363	3029
3029	3364
3364	3029
3029	3384
3384	3029
3029	3417
3417	3029
3029	3433
3433	3029
3029	3435
3435	3029
3030	3080
3080	3030
3030	3084
3084	3030
3030	3231
3231	3030
3030	3394
3394	3030
3033	3040
3040	3033
3033	3052
3052	3033
3033	3054
3054	3033
3033	3056
3056	3033
3033	3064
3064	3033
3033	3065
3065	3033
3033	3078
3078	3033
3033	3080
3080	3033
3033	3085
3085	3033
3033	3096
3096	3033
3033	3098
3098	3033
3033	3108
3108	3033
3033	3117
3117	3033
3033	3119
3119	3033
3033	3142
3142	3033
3033	3149
3033	3163
3163	3033
3033	3174
3174	3033
3033	3195
3195	3033
3033	3226
3226	3033
3033	3228
3228	3033
3033	3232
3232	3033
3033	3238
3238	3033
3033	3250
3250	3033
3033	3284
3284	3033
3033	3304
3304	3033
3033	3339
3339	3033
3033	3348
3348	3033
3033	3363
3363	3033
3033	3364
3364	3033
3033	3387
3387	3033
3033	3390
3390	3033
3033	3399
3399	3033
3033	3426
3426	3033
3033	3435
3435	3033
3327	3034
3036	3073
3073	3036
3036	3080
3080	3036
3036	3084
3084	3036
3036	3090
3090	3036
3036	3104
3104	3036
3036	3114
3114	3036
3036	3123
3123	3036
3036	3137
3137	3036
3036	3166
3166	3036
3036	3231
3231	3036
3036	3304
3304	3036
3036	3363
3363	3036
3036	3364
3364	3036
3036	3387
3387	3036
3036	3394
3394	3036
3036	3400
3400	3036
3040	3047
3047	3040
3040	3064
3064	3040
3040	3065
3065	3040
3040	3090
3090	3040
3040	3096
3096	3040
3040	3098
3098	3040
3040	3108
3108	3040
3040	3117
3117	3040
3040	3142
3142	3040
3040	3149
3040	3174
3174	3040
3040	3195
3195	3040
3040	3226
3226	3040
3040	3232
3232	3040
3040	3284
3284	3040
3040	3339
3339	3040
3040	3348
3348	3040
3040	3362
3362	3040
3040	3387
3387	3040
3040	3399
3399	3040
3040	3426
3426	3040
3042	3090
3090	3042
3042	3095
3095	3042
3042	3114
3114	3042
3042	3137
3137	3042
3042	3237
3237	3042
3042	3257
3257	3042
3042	3303
3303	3042
3042	3417
3417	3042
3042	3426
3426	3042
3042	3428
3428	3042
3248	3043
3044	3119
3119	3044
3044	3232
3232	3044
3045	3059
3059	3045
3045	3269
3269	3045
3045	3300
3300	3045
3248	3046
3047	3064
3064	3047
3047	3078
3078	3047
3047	3090
3090	3047
3047	3096
3096	3047
3047	3098
3098	3047
3047	3142
3142	3047
3047	3149
3047	3226
3226	3047
3047	3232
3232	3047
3047	3339
3339	3047
3047	3348
3348	3047
3047	3384
3384	3047
3047	3387
3387	3047
3047	3417
3417	3047
3047	3426
3426	3047
3078	3049
3214	3050
3052	3090
3090	3052
3052	3104
3104	3052
3052	3149
3052	3184
3184	3052
3052	3193
3193	3052
3052	3202
3202	3052
3052	3226
3226	3052
3052	3232
3232	3052
3052	3234
3234	3052
3052	3237
3237	3052
3052	3286
3286	3052
3052	3294
3294	3052
3052	3303
3303	3052
3052	3315
3315	3052
3052	3324
3324	3052
3052	3348
3348	3052
3052	3362
3362	3052
3052	3384
3384	3052
3052	3387
3387	3052
3052	3388
3388	3052
3054	3056
3056	3054
3054	3064
3064	3054
3054	3065
3065	3054
3054	3078
3078	3054
3054	3084
3084	3054
3054	3085
3085	3054
3054	3096
3096	3054
3054	3114
3114	3054
3054	3119
3119	3054
3054	3149
3054	3153
3153	3054
3054	3174
3174	3054
3054	3184
3184	3054
3054	3195
3195	3054
3054	3226
3226	3054
3054	3228
3228	3054
3054	3232
3232	3054
3054	3243
3243	3054
3054	3284
3284	3054
3054	3303
3303	3054
3054	3315
3315	3054
3054	3324
3324	3054
3054	3348
3348	3054
3054	3363
3363	3054
3054	3387
3387	3054
3054	3399
3399	3054
3054	3426
3426	3054
3054	3433
3433	3054
3055	3074
3055	3127
3055	3147
3056	3065
3065	3056
3056	3073
3073	3056
3056	3078
3078	3056
3056	3085
3085	3056
3056	3096
3096	3056
3056	3098
3098	3056
3056	3117
3117	3056
3056	3129
3129	3056
3056	3135
3135	3056
3056	3184
3184	3056
3056	3193
3193	3056
3056	3195
3195	3056
3056	3220
3220	3056
3056	3226
3226	3056
3056	3228
3228	3056
3056	3232
3232	3056
3056	3284
3284	3056
3056	3286
3286	3056
3056	3301
3301	3056
3056	3304
3304	3056
3056	3348
3348	3056
3056	3363
3363	3056
3056	3387
3387	3056
3056	3426
3426	3056
3056	3433
3433	3056
3059	3300
3300	3059
3328	3060
3064	3065
3065	3064
3064	3078
3078	3064
3064	3096
3096	3064
3064	3098
3098	3064
3064	3108
3108	3064
3064	3142
3142	3064
3064	3149
3064	3163
3163	3064
3064	3174
3174	3064
3064	3195
3195	3064
3064	3226
3226	3064
3064	3232
3232	3064
3064	3284
3284	3064
3064	3339
3339	3064
3064	3348
3348	3064
3064	3363
3363	3064
3064	3399
3399	3064
3064	3426
3426	3064
3065	3078
3078	3065
3065	3085
3085	3065
3065	3096
3096	3065
3065	3108
3108	3065
3065	3174
3174	3065
3065	3184
3184	3065
3065	3195
3195	3065
3065	3226
3226	3065
3065	3228
3228	3065
3065	3232
3232	3065
3065	3284
3284	3065
3065	3301
3301	3065
3065	3362
3362	3065
3065	3363
3363	3065
3065	3387
3387	3065
3065	3399
3399	3065
3065	3433
3433	3065
3327	3067
3214	3072
3248	3072
3073	3078
3078	3073
3073	3114
3114	3073
3073	3119
3119	3073
3073	3135
3135	3073
3073	3137
3137	3073
3073	3158
3158	3073
3073	3163
3163	3073
3073	3220
3220	3073
3073	3232
3232	3073
3073	3284
3284	3073
3073	3293
3293	3073
3073	3363
3363	3073
3073	3417
3417	3073
3073	3433
3433	3073
3078	3085
3085	3078
3078	3090
3090	3078
3078	3096
3096	3078
3078	3098
3098	3078
3078	3104
3104	3078
3078	3108
3108	3078
3078	3117
3117	3078
3078	3129
3129	3078
3078	3142
3142	3078
3078	3149
3078	3174
3174	3078
3078	3195
3195	3078
3078	3226
3226	3078
3078	3232
3232	3078
3078	3250
3250	3078
3078	3284
3284	3078
3078	3293
3293	3078
3078	3301
3301	3078
3078	3339
3339	3078
3078	3348
3348	3078
3078	3363
3363	3078
3078	3364
3364	3078
3078	3384
3384	3078
3078	3387
3387	3078
3078	3426
3426	3078
3078	3435
3435	3078
3080	3090
3090	3080
3080	3104
3104	3080
3080	3137
3137	3080
3080	3231
3231	3080
3080	3269
3269	3080
3080	3317
3317	3080
3080	3333
3333	3080
3080	3363
3363	3080
3080	3388
3388	3080
3080	3390
3390	3080
3080	3394
3394	3080
3080	3400
3400	3080
3084	3090
3090	3084
3084	3104
3104	3084
3084	3114
3114	3084
3084	3119
3119	3084
3084	3123
3123	3084
3084	3130
3130	3084
3084	3137
3137	3084
3084	3149
3084	3158
3158	3084
3084	3166
3166	3084
3084	3232
3232	3084
3084	3238
3238	3084
3084	3243
3243	3084
3084	3257
3257	3084
3084	3293
3293	3084
3084	3300
3300	3084
3084	3324
3324	3084
3084	3339
3339	3084
3084	3362
3362	3084
3084	3364
3364	3084
3084	3384
3384	3084
3084	3387
3387	3084
3084	3400
3400	3084
3084	3417
3417	3084
3084	3426
3426	3084
3084	3433
3433	3084
3084	3435
3435	3084
3085	3108
3108	3085
3085	3129
3129	3085
3085	3193
3193	3085
3085	3228
3228	3085
3085	3232
3232	3085
3085	3238
3238	3085
3085	3250
3250	3085
3085	3284
3284	3085
3085	3304
3304	3085
3085	3348
3348	3085
3085	3363
3363	3085
3327	3087
3090	3104
3104	3090
3090	3114
3114	3090
3090	3119
3119	3090
3090	3123
3123	3090
3090	3137
3137	3090
3090	3139
3139	3090
3090	3142
3142	3090
3090	3158
3158	3090
3090	3163
3163	3090
3090	3195
3195	3090
3090	3220
3220	3090
3090	3229
3229	3090
3090	3231
3231	3090
3090	3232
3232	3090
3090	3238
3238	3090
3090	3250
3250	3090
3090	3257
3257	3090
3090	3293
3293	3090
3090	3303
3303	3090
3090	3324
3324	3090
3090	3326
3090	3339
3339	3090
3090	3362
3362	3090
3090	3363
3363	3090
3090	3364
3364	3090
3090	3384
3384	3090
3090	3387
3387	3090
3090	3392
3392	3090
3090	3417
3417	3090
3090	3426
3426	3090
3090	3430
3430	3090
3090	3433
3433	3090
3090	3435
3435	3090
3092	3104
3104	3092
3092	3213
3213	3092
3092	3226
3226	3092
3092	3237
3237	3092
3092	3303
3303	3092
3092	3324
3324	3092
3092	3362
3362	3092
3095	3137
3137	3095
3095	3139
3139	3095
3095	3143
3143	3095
3095	3153
3153	3095
3095	3303
3303	3095
3095	3324
3324	3095
3095	3392
3392	3095
3095	3426
3426	3095
3096	3098
3098	3096
3096	3108
3108	3096
3096	3142
3142	3096
3096	3149
3096	3163
3163	3096
3096	3174
3174	3096
3096	3184
3184	3096
3096	3195
3195	3096
3096	3226
3226	3096
3096	3232
3232	3096
3096	3284
3284	3096
3096	3301
3301	3096
3096	3339
3339	3096
3096	3348
3348	3096
3096	3362
3362	3096
3096	3363
3363	3096
3096	3384
3384	3096
3096	3387
3387	3096
3096	3399
3399	3096
3096	3426
3426	3096
3117	3097
3214	3097
3275	3097
3098	3108
3108	3098
3098	3117
3117	3098
3098	3119
3119	3098
3098	3129
3129	3098
3098	3142
3142	3098
3098	3149
3098	3195
3195	3098
3098	3226
3226	3098
3098	3232
3232	3098
3098	3301
3301	3098
3098	3339
3339	3098
3098	3348
3348	3098
3098	3362
3362	3098
3098	3363
3363	3098
3098	3364
3364	3098
3098	3387
3387	3098
3214	3101
3104	3114
3114	3104
3104	3119
3119	3104
3104	3123
3123	3104
3104	3130
3130	3104
3104	3137
3137	3104
3104	3232
3232	3104
3104	3243
3243	3104
3104	3293
3293	3104
3104	3294
3294	3104
3104	3324
3324	3104
3104	3339
3339	3104
3104	3362
3362	3104
3104	3363
3363	3104
3104	3364
3364	3104
3104	3384
3384	3104
3104	3390
3390	3104
3104	3417
3417	3104
3104	3426
3426	3104
3104	3435
3435	3104
3117	3107
3275	3107
3108	3149
3108	3195
3195	3108
3108	3226
3226	3108
3108	3232
3232	3108
3108	3250
3250	3108
3108	3284
3284	3108
3108	3339
3339	3108
3108	3348
3348	3108
3108	3363
3363	3108
3108	3387
3387	3108
3108	3426
3426	3108
3327	3110
3327	3113
3114	3119
3119	3114
3114	3123
3123	3114
3114	3137
3137	3114
3114	3139
3139	3114
3114	3166
3166	3114
3114	3231
3231	3114
3114	3339
3339	3114
3114	3362
3362	3114
3114	3364
3364	3114
3114	3394
3394	3114
3114	3400
3400	3114
3114	3426
3426	3114
3114	3430
3430	3114
3114	3435
3435	3114
3214	3116
3117	3124
3117	3173
3173	3117
3117	3174
3174	3117
3117	3195
3195	3117
3117	3213
3213	3117
3117	3214
3214	3117
3117	3215
3117	3228
3228	3117
3117	3237
3237	3117
3117	3274
3117	3302
3117	3304
3304	3117
3117	3339
3339	3117
3117	3342
3117	3363
3363	3117
3117	3364
3364	3117
3117	3431
3119	3123
3123	3119
3119	3135
3135	3119
3119	3158
3158	3119
3119	3166
3166	3119
3119	3174
3174	3119
3119	3232
3232	3119
3119	3238
3238	3119
3119	3257
3257	3119
3119	3293
3293	3119
3119	3324
3324	3119
3119	3362
3362	3119
3119	3387
3387	3119
3119	3417
3417	3119
3119	3435
3435	3119
3123	3135
3135	3123
3123	3137
3137	3123
3123	3158
3158	3123
3123	3166
3166	3123
3123	3231
3231	3123
3123	3257
3257	3123
3123	3339
3339	3123
3123	3400
3400	3123
3123	3430
3430	3123
3173	3124
3129	3226
3226	3129
3129	3228
3228	3129
3129	3257
3257	3129
3129	3301
3301	3129
3129	3324
3324	3129
3129	3348
3348	3129
3129	3363
3363	3129
3129	3426
3426	3129
3129	3435
3435	3129
3129	3436
3436	3129
3130	3300
3300	3130
3135	3158
3158	3135
3135	3166
3166	3135
3135	3220
3220	3135
3135	3293
3293	3135
3135	3363
3363	3135
3135	3417
3417	3135
3135	3433
3433	3135
3214	3136
3327	3136
3137	3139
3139	3137
3137	3149
3137	3158
3158	3137
3137	3166
3166	3137
3137	3228
3228	3137
3137	3229
3229	3137
3137	3231
3231	3137
3137	3232
3232	3137
3137	3257
3257	3137
3137	3348
3348	3137
3137	3387
3387	3137
3137	3392
3392	3137
3137	3394
3394	3137
3137	3400
3400	3137
3137	3426
3426	3137
3137	3430
3430	3137
3139	3153
3153	3139
3139	3229
3229	3139
3139	3231
3231	3139
3139	3300
3300	3139
3139	3392
3392	3139
3139	3426
3426	3139
3139	3428
3428	3139
3139	3430
3430	3139
3214	3140
3275	3140
3142	3163
3163	3142
3142	3174
3174	3142
3142	3195
3195	3142
3142	3213
3213	3142
3142	3226
3226	3142
3142	3232
3232	3142
3142	3250
3250	3142
3142	3284
3284	3142
3142	3324
3324	3142
3142	3339
3339	3142
3142	3363
3363	3142
3142	3387
3387	3142
3142	3426
3426	3142
3143	3153
3153	3143
3214	3144
3328	3144
3383	3146
3327	3148
3163	3149
3174	3149
3193	3149
3195	3149
3226	3149
3232	3149
3237	3149
3284	3149
3301	3149
3339	3149
3348	3149
3387	3149
3426	3149
3435	3149
3214	3151
3327	3151
3153	3229
3229	3153
3153	3392
3392	3153
3153	3428
3428	3153
3327	3157
3328	3157
3158	3163
3163	3158
3158	3166
3166	3158
3158	3195
3195	3158
3158	3220
3220	3158
3158	3232
3232	3158
3158	3238
3238	3158
3158	3293
3293	3158
3158	3348
3348	3158
3158	3363
3363	3158
3158	3417
3417	3158
3158	3433
3433	3158
3163	3166
3166	3163
3163	3195
3195	3163
3163	3226
3226	3163
3163	3387
3387	3163
3163	3435
3435	3163
3166	3174
3174	3166
3166	3232
3232	3166
3166	3238
3238	3166
3166	3339
3339	3166
3166	3400
3400	3166
3214	3171
3173	3210
3173	3221
3221	3173
3173	3335
3173	3381
3173	3418
3173	3431
3174	3184
3184	3174
3174	3195
3195	3174
3174	3226
3226	3174
3174	3232
3232	3174
3174	3284
3284	3174
3174	3304
3304	3174
3174	3339
3339	3174
3174	3348
3348	3174
3174	3362
3362	3174
3174	3363
3363	3174
3174	3387
3387	3174
3174	3399
3399	3174
3174	3426
3426	3174
3184	3193
3193	3184
3184	3213
3213	3184
3184	3226
3226	3184
3184	3234
3234	3184
3184	3286
3286	3184
3184	3294
3294	3184
3184	3303
3303	3184
3184	3315
3315	3184
3184	3324
3324	3184
3184	3363
3363	3184
3184	3387
3387	3184
3184	3390
3390	3184
3184	3414
3414	3184
3184	3417
3417	3184
3190	3221
3221	3190
3190	3248
3248	3190
3190	3275
3275	3190
3190	3327
3327	3190
3190	3341
3190	3383
3383	3190
3193	3234
3234	3193
3193	3294
3294	3193
3193	3301
3301	3193
3193	3315
3315	3193
3193	3324
3324	3193
3193	3414
3414	3193
3195	3226
3226	3195
3195	3232
3232	3195
3195	3250
3250	3195
3195	3284
3284	3195
3195	3301
3301	3195
3195	3348
3348	3195
3195	3363
3363	3195
3195	3387
3387	3195
3195	3399
3399	3195
3195	3426
3426	3195
3195	3436
3436	3195
3221	3196
3327	3196
3202	3232
3232	3202
3202	3324
3324	3202
3275	3203
3214	3208
3213	3220
3220	3213
3213	3234
3234	3213
3213	3303
3303	3213
3213	3324
3324	3213
3213	3363
3363	3213
3213	3394
3394	3213
3213	3417
3417	3213
3214	3219
3214	3221
3221	3214
3214	3248
3248	3214
3214	3249
3214	3253
3214	3276
3214	3279
3214	3296
3214	3312
3214	3326
3214	3327
3327	3214
3214	3337
3214	3342
3214	3365
3214	3379
3214	3383
3383	3214
3214	3419
3220	3232
3232	3220
3220	3293
3293	3220
3220	3324
3324	3220
3220	3362
3362	3220
3220	3363
3363	3220
3220	3417
3417	3220
3220	3433
3433	3220
3221	3248
3248	3221
3221	3249
3221	3275
3275	3221
3221	3327
3327	3221
3221	3346
3221	3383
3383	3221
3221	3389
3389	3221
3328	3225
3226	3232
3232	3226
3226	3284
3284	3226
3226	3339
3339	3226
3226	3348
3348	3226
3226	3363
3363	3226
3226	3387
3387	3226
3226	3390
3390	3226
3226	3399
3399	3226
3226	3417
3417	3226
3226	3426
3426	3226
3226	3433
3433	3226
3227	3269
3269	3227
3227	3324
3324	3227
3228	3293
3293	3228
3228	3324
3324	3228
3228	3348
3348	3228
3228	3363
3363	3228
3228	3426
3426	3228
3229	3231
3231	3229
3229	3300
3300	3229
3229	3392
3392	3229
3231	3269
3269	3231
3231	3317
3317	3231
3231	3392
3392	3231
3231	3394
3394	3231
3231	3400
3400	3231
3232	3234
3234	3232
3232	3237
3237	3232
3232	3257
3257	3232
3232	3284
3284	3232
3232	3301
3301	3232
3232	3324
3324	3232
3232	3339
3339	3232
3232	3348
3348	3232
3232	3363
3363	3232
3232	3387
3387	3232
3232	3400
3400	3232
3232	3417
3417	3232
3232	3426
3426	3232
3234	3237
3237	3234
3234	3286
3286	3234
3234	3294
3294	3234
3234	3315
3315	3234
3234	3324
3324	3234
3234	3362
3362	3234
3234	3390
3390	3234
3234	3400
3400	3234
3237	3284
3284	3237
3237	3286
3286	3237
3237	3303
3303	3237
3237	3315
3315	3237
3237	3324
3324	3237
3237	3390
3390	3237
3237	3426
3426	3237
3238	3257
3257	3238
3238	3293
3293	3238
3238	3348
3348	3238
3238	3387
3387	3238
3238	3433
3433	3238
3238	3435
3435	3238
3243	3293
3293	3243
3243	3363
3363	3243
3243	3384
3384	3243
3243	3417
3417	3243
3243	3433
3433	3243
3243	3435
3435	3243
3275	3246
3248	3274
3248	3313
3248	3327
3327	3248
3248	3360
3248	3383
3383	3248
3248	3389
3389	3248
3248	3395
3248	3424
3424	3248
3248	3431
3250	3363
3363	3250
3250	3387
3387	3250
3327	3253
3257	3293
3293	3257
3257	3362
3362	3257
3257	3364
3364	3257
3257	3387
3387	3257
3257	3426
3426	3257
3257	3433
3433	3257
3257	3435
3435	3257
3269	3400
3400	3269
3328	3272
3275	3291
3275	3292
3275	3318
3318	3275
3275	3327
3327	3275
3275	3359
3275	3385
3327	3280
3283	3309
3309	3283
3283	3314
3314	3283
3283	3318
3318	3283
3283	3325
3325	3283
3283	3382
3382	3283
3283	3423
3423	3283
3284	3324
3324	3284
3284	3339
3339	3284
3284	3348
3348	3284
3284	3363
3363	3284
3284	3387
3387	3284
3284	3426
3426	3284
3286	3324
3324	3286
3286	3414
3414	3286
3286	3417
3417	3286
3293	3339
3339	3293
3293	3348
3348	3293
3293	3362
3362	3293
3293	3363
3363	3293
3293	3384
3384	3293
3293	3394
3394	3293
3293	3426
3426	3293
3293	3433
3433	3293
3293	3435
3435	3293
3294	3303
3303	3294
3294	3315
3315	3294
3294	3324
3324	3294
3294	3333
3333	3294
3294	3362
3362	3294
3304	3296
3328	3298
3300	3392
3392	3300
3300	3426
3426	3300
3300	3430
3430	3300
3301	3363
3363	3301
3301	3387
3387	3301
3301	3426
3426	3301
3301	3436
3436	3301
3303	3315
3315	3303
3303	3324
3324	3303
3303	3426
3426	3303
3304	3324
3324	3304
3304	3404
3309	3311
3311	3309
3309	3314
3314	3309
3309	3318
3318	3309
3309	3325
3325	3309
3309	3382
3382	3309
3309	3423
3423	3309
3311	3318
3318	3311
3311	3325
3325	3311
3311	3382
3382	3311
3327	3313
3314	3318
3318	3314
3314	3325
3325	3314
3314	3382
3382	3314
3314	3423
3423	3314
3315	3362
3362	3315
3317	3394
3394	3317
3318	3325
3325	3318
3318	3382
3382	3318
3318	3423
3423	3318
3327	3321
3324	3339
3339	3324
3324	3362
3362	3324
3324	3363
3363	3324
3324	3388
3388	3324
3324	3390
3390	3324
3324	3414
3414	3324
3324	3417
3417	3324
3324	3426
3426	3324
3325	3382
3382	3325
3325	3383
3383	3325
3325	3423
3423	3325
3327	3326
3327	3347
3327	3366
3327	3369
3327	3383
3383	3327
3327	3389
3389	3327
3327	3421
3327	3424
3424	3327
3328	3343
3328	3369
3333	3388
3388	3333
3333	3394
3394	3333
3339	3348
3348	3339
3339	3362
3362	3339
3339	3363
3363	3339
3339	3387
3387	3339
3339	3400
3400	3339
3339	3417
3417	3339
3339	3426
3426	3339
3348	3363
3363	3348
3348	3384
3384	3348
3348	3387
3387	3348
3348	3426
3426	3348
3348	3435
3435	3348
3362	3363
3363	3362
3362	3364
3364	3362
3362	3384
3384	3362
3362	3387
3387	3362
3362	3390
3390	3362
3362	3417
3417	3362
3362	3426
3426	3362
3362	3433
3433	3362
3362	3435
3435	3362
3363	3387
3387	3363
3363	3394
3394	3363
3363	3399
3399	3363
3363	3414
3414	3363
3363	3417
3417	3363
3363	3426
3426	3363
3363	3430
3430	3363
3363	3433
3433	3363
3364	3384
3384	3364
3364	3417
3417	3364
3364	3433
3433	3364
3364	3435
3435	3364
3382	3423
3423	3382
3384	3387
3387	3384
3384	3417
3417	3384
3384	3435
3435	3384
3387	3390
3390	3387
3387	3399
3399	3387
3387	3417
3417	3387
3387	3426
3426	3387
3387	3435
3435	3387
3388	3394
3394	3388
3390	3394
3394	3390
3392	3426
3426	3392
3392	3428
3428	3392
3392	3430
3430	3392
3394	3426
3426	3394
3399	3433
3433	3399
3417	3433
3433	3417
3417	3435
3435	3417
3426	3430
3430	3426
3456	3437
3477	3437
3506	3437
3553	3437
3558	3437
3593	3437
3604	3437
3615	3437
3651	3437
3656	3437
3677	3437
3705	3437
3753	3437
3758	3437
3772	3437
3779	3437
3810	3437
3907	3437
3962	3437
3456	3438
3677	3438
3553	3442
3615	3442
3705	3442
3753	3442
3907	3442
3593	3443
3456	3448
3604	3448
3677	3448
3779	3448
3456	3449
3604	3449
3651	3449
3677	3449
3962	3449
3604	3450
3677	3454
3779	3454
3553	3455
3753	3455
3907	3455
3456	3461
3456	3495
3456	3501
3456	3514
3456	3545
3456	3557
3456	3577
3456	3586
3456	3596
3456	3604
3604	3456
3456	3609
3456	3618
3456	3633
3456	3651
3651	3456
3456	3654
3456	3674
3456	3677
3677	3456
3456	3687
3456	3692
3456	3693
3456	3697
3456	3703
3456	3734
3456	3750
3456	3756
3456	3762
3456	3797
3456	3800
3456	3804
3456	3824
3456	3830
3456	3831
3456	3841
3456	3842
3456	3851
3456	3858
3456	3873
3456	3884
3456	3938
3456	3943
3456	3948
3456	3962
3962	3456
3456	3968
3456	3971
3506	3458
3593	3458
3810	3458
3758	3459
3604	3462
3506	3463
3558	3463
3593	3463
3705	3463
3604	3464
3758	3468
3810	3468
3604	3469
3553	3470
3753	3470
3553	3472
3604	3474
3477	3565
3477	3637
3477	3651
3651	3477
3477	3756
3477	3847
3604	3480
3651	3480
3677	3480
3553	3482
3506	3486
3593	3486
3705	3486
3604	3488
3962	3491
3506	3493
3558	3493
3593	3493
3810	3493
3705	3494
3651	3495
3962	3495
3677	3496
3604	3497
3615	3498
3705	3498
3907	3498
3758	3499
3615	3500
3604	3501
3651	3501
3677	3501
3962	3501
3779	3503
3677	3504
3553	3505
3753	3505
3506	3507
3506	3509
3506	3511
3506	3515
3506	3534
3506	3555
3506	3558
3558	3506
3506	3568
3506	3569
3506	3584
3506	3591
3506	3593
3593	3506
3506	3620
3506	3623
3506	3631
3506	3643
3506	3646
3506	3648
3506	3680
3506	3690
3506	3706
3506	3711
3506	3714
3506	3718
3506	3754
3506	3758
3758	3506
3506	3784
3506	3786
3506	3794
3506	3810
3810	3506
3506	3822
3506	3826
3506	3829
3506	3833
3506	3855
3506	3869
3506	3895
3506	3896
3506	3903
3506	3924
3506	3951
3506	3958
3506	3969
3553	3508
3615	3508
3593	3509
3604	3512
3604	3514
3593	3515
3677	3517
3604	3518
3705	3519
3553	3521
3615	3521
3705	3521
3753	3521
3907	3521
3962	3521
3677	3522
3779	3522
3651	3525
3656	3525
3677	3525
3962	3525
3553	3526
3753	3526
3604	3527
3604	3528
3758	3529
3593	3534
3705	3534
3758	3534
3810	3534
3758	3535
3656	3540
3677	3540
3962	3540
3604	3542
3604	3545
3651	3545
3677	3545
3962	3545
3677	3547
3779	3547
3553	3563
3553	3598
3553	3599
3553	3629
3553	3644
3553	3663
3553	3685
3553	3698
3553	3705
3705	3553
3553	3710
3553	3722
3553	3728
3553	3753
3753	3553
3553	3769
3553	3773
3553	3778
3553	3802
3553	3827
3553	3835
3553	3840
3553	3867
3553	3921
3553	3936
3593	3555
3604	3555
3758	3555
3810	3555
3604	3557
3558	3568
3558	3584
3558	3593
3593	3558
3558	3620
3558	3643
3558	3646
3558	3648
3558	3711
3558	3719
3558	3738
3558	3758
3758	3558
3558	3768
3558	3782
3558	3786
3558	3792
3558	3793
3558	3794
3558	3810
3810	3558
3558	3826
3558	3829
3558	3855
3558	3866
3558	3869
3558	3870
3558	3881
3558	3903
3558	3906
3558	3909
3558	3924
3558	3945
3558	3947
3558	3951
3558	3958
3558	3969
3604	3559
3604	3561
3656	3563
3962	3563
3593	3568
3758	3568
3810	3568
3593	3569
3705	3569
3705	3572
3604	3576
3604	3577
3651	3577
3656	3577
3677	3577
3962	3577
3604	3578
3758	3583
3593	3584
3758	3584
3810	3584
3604	3586
3651	3586
3677	3586
3615	3590
3705	3590
3907	3590
3593	3591
3677	3592
3593	3601
3593	3623
3593	3631
3593	3634
3593	3646
3593	3648
3593	3680
3593	3706
3593	3711
3593	3714
3593	3718
3593	3719
3593	3738
3593	3758
3758	3593
3593	3764
3593	3768
3593	3782
3593	3786
3593	3793
3593	3794
3593	3810
3810	3593
3593	3818
3593	3829
3593	3833
3593	3855
3593	3869
3593	3906
3593	3924
3593	3931
3593	3947
3593	3951
3604	3596
3677	3596
3779	3596
3962	3596
3615	3599
3705	3599
3753	3599
3907	3599
3604	3601
3604	3605
3604	3611
3604	3617
3604	3627
3604	3633
3604	3635
3604	3640
3604	3645
3604	3658
3604	3672
3604	3674
3604	3677
3677	3604
3604	3687
3604	3721
3604	3730
3604	3731
3604	3734
3604	3737
3604	3756
3604	3770
3604	3788
3604	3790
3604	3800
3604	3804
3604	3828
3604	3830
3604	3838
3604	3841
3604	3845
3604	3851
3604	3852
3604	3858
3604	3860
3604	3861
3604	3869
3604	3889
3604	3902
3604	3913
3604	3914
3604	3915
3604	3926
3604	3938
3604	3943
3604	3948
3604	3962
3962	3604
3604	3966
3615	3608
3705	3608
3907	3608
3779	3609
3962	3609
3772	3610
3779	3610
3758	3612
3810	3612
3758	3614
3615	3629
3615	3636
3615	3664
3615	3705
3705	3615
3615	3740
3615	3776
3615	3815
3615	3835
3615	3867
3615	3907
3907	3615
3615	3921
3758	3617
3810	3620
3758	3623
3810	3623
3656	3625
3677	3625
3962	3625
3962	3628
3705	3629
3753	3629
3907	3629
3651	3633
3656	3633
3677	3633
3962	3633
3705	3636
3753	3636
3907	3636
3907	3641
3779	3642
3810	3643
3758	3646
3810	3646
3758	3648
3810	3648
3651	3674
3651	3677
3677	3651
3651	3683
3651	3734
3651	3750
3651	3756
3651	3824
3651	3828
3651	3830
3651	3841
3651	3851
3651	3858
3651	3873
3651	3877
3651	3884
3651	3886
3651	3929
3651	3938
3651	3948
3656	3667
3656	3677
3677	3656
3656	3683
3656	3684
3656	3692
3656	3734
3656	3750
3656	3756
3656	3830
3656	3841
3656	3842
3656	3886
3656	3929
3656	3948
3656	3968
3772	3659
3779	3659
3962	3667
3962	3672
3677	3674
3962	3674
3677	3684
3677	3692
3677	3693
3677	3697
3677	3712
3677	3734
3677	3756
3677	3788
3677	3797
3677	3800
3677	3828
3677	3839
3677	3841
3677	3847
3677	3851
3677	3888
3677	3930
3677	3938
3677	3943
3677	3948
3677	3962
3962	3677
3677	3968
3962	3684
3758	3690
3962	3692
3705	3706
3705	3713
3705	3714
3705	3722
3705	3740
3705	3759
3705	3763
3705	3793
3705	3794
3705	3802
3705	3818
3705	3822
3705	3826
3705	3835
3705	3867
3705	3869
3705	3906
3705	3907
3907	3705
3705	3921
3705	3924
3753	3710
3907	3710
3758	3711
3810	3711
3753	3713
3907	3713
3907	3715
3758	3718
3810	3718
3758	3719
3810	3719
3753	3722
3907	3722
3753	3728
3907	3728
3962	3734
3753	3735
3907	3740
3779	3750
3753	3773
3753	3778
3753	3802
3753	3835
3753	3850
3753	3867
3753	3876
3753	3907
3907	3753
3753	3921
3772	3756
3962	3756
3758	3761
3758	3764
3758	3768
3758	3777
3758	3782
3758	3786
3758	3793
3758	3810
3810	3758
3758	3818
3758	3825
3758	3829
3758	3833
3758	3855
3758	3906
3758	3924
3758	3937
3758	3945
3758	3947
3758	3951
3758	3969
3962	3760
3810	3763
3810	3764
3810	3768
3772	3779
3779	3772
3772	3847
3772	3950
3772	3968
3779	3872
3779	3930
3779	3938
3779	3941
3779	3979
3810	3782
3810	3786
3810	3793
3962	3797
3962	3800
3907	3802
3810	3833
3810	3855
3810	3881
3810	3896
3810	3906
3810	3924
3810	3947
3810	3951
3907	3815
3962	3830
3907	3835
3962	3841
3907	3867
3962	3873
3962	3877
3962	3886
3907	3921
3907	3960
3962	3938
3962	3944
3962	3948
3962	3968
3984	3980
4001	3980
4006	3980
4010	3980
4013	3980
4029	3980
4035	3980
4037	3980
4037	3982
4013	3989
4001	4029
4029	4001
4013	4004
4006	4027
4013	4023
4013	4031
4013	4038
4037	4014
4037	4020
