1	0
3	0
5	0
6	0
7	0
9	0
10	0
15	0
16	0
17	0
20	0
21	0
22	0
23	0
24	0
25	0
26	0
28	0
29	0
31	0
32	0
35	0
36	0
37	0
38	0
39	0
40	0
41	0
45	0
47	0
48	0
49	0
50	0
51	0
54	0
55	0
56	0
57	0
59	0
60	0
61	0
62	0
63	0
64	0
65	0
67	0
68	0
69	0
71	0
72	0
73	0
74	0
77	0
79	0
80	0
81	0
82	0
83	0
84	0
85	0
86	0
87	0
89	0
92	0
93	0
94	0
95	0
96	0
97	0
98	0
101	0
103	0
104	0
108	0
109	0
110	0
111	0
114	0
115	0
117	0
119	0
121	0
122	0
123	0
124	0
125	0
127	0
128	0
129	0
131	0
132	0
133	0
135	0
137	0
138	0
139	0
141	0
142	0
143	0
146	0
148	0
149	0
152	0
154	0
156	0
157	0
162	0
163	0
164	0
168	0
169	0
170	0
171	0
174	0
176	0
177	0
180	0
183	0
185	0
186	0
187	0
188	0
189	0
190	0
192	0
193	0
194	0
196	0
197	0
200	0
202	0
204	0
206	0
207	0
208	0
209	0
213	0
214	0
215	0
219	0
220	0
222	0
223	0
224	0
229	0
233	0
236	0
237	0
239	0
242	0
244	0
245	0
246	0
247	0
248	0
249	0
250	0
251	0
253	0
254	0
255	0
256	0
257	0
258	0
259	0
261	0
262	0
264	0
266	0
268	0
269	0
271	0
274	0
276	0
277	0
279	0
280	0
281	0
282	0
285	0
286	0
288	0
289	0
290	0
291	0
292	0
293	0
295	0
297	0
298	0
299	0
301	0
303	0
304	0
308	0
309	0
310	0
312	0
314	0
315	0
316	0
317	0
318	0
319	0
321	0
322	0
323	0
325	0
326	0
328	0
330	0
334	0
336	0
337	0
338	0
339	0
340	0
341	0
342	0
343	0
344	0
345	0
347	0
1	48
48	1
1	53
1	54
54	1
1	73
73	1
1	88
1	92
92	1
1	119
119	1
1	126
1	133
133	1
1	194
194	1
1	236
236	1
1	280
280	1
1	299
299	1
1	315
315	1
1	322
322	1
1	346
20	2
115	2
149	2
312	2
326	2
343	2
3	9
9	3
3	25
25	3
3	26
26	3
3	67
67	3
3	72
72	3
3	85
85	3
3	122
122	3
3	142
142	3
3	170
170	3
3	188
188	3
3	200
200	3
3	228
3	274
274	3
3	280
280	3
3	283
3	323
323	3
152	4
328	4
5	87
87	5
5	122
122	5
5	156
156	5
5	158
5	169
169	5
5	180
180	5
5	187
187	5
5	204
204	5
5	213
213	5
5	235
5	315
315	5
5	316
316	5
6	89
89	6
6	95
95	6
6	147
6	219
219	6
6	319
319	6
7	22
22	7
7	31
31	7
7	38
38	7
7	65
65	7
7	87
87	7
7	103
103	7
7	129
129	7
7	136
7	168
168	7
7	213
213	7
7	246
246	7
7	291
291	7
7	304
304	7
7	308
308	7
7	315
315	7
7	322
322	7
7	339
339	7
7	340
340	7
7	347
347	7
110	8
193	8
245	8
259	8
264	8
9	21
21	9
9	25
25	9
9	26
26	9
9	30
9	56
56	9
9	66
9	67
67	9
9	69
69	9
9	72
72	9
9	75
9	79
79	9
9	85
85	9
9	105
9	113
9	119
119	9
9	122
122	9
9	128
128	9
9	133
133	9
9	134
9	141
141	9
9	142
142	9
9	148
148	9
9	156
156	9
9	161
9	169
169	9
9	170
170	9
9	176
176	9
9	185
185	9
9	186
186	9
9	188
188	9
9	199
9	200
200	9
9	203
9	224
224	9
9	231
9	232
9	252
9	258
258	9
9	271
271	9
9	272
9	276
276	9
9	277
277	9
9	280
280	9
9	285
285	9
9	291
291	9
9	295
295	9
9	297
297	9
9	304
304	9
9	315
315	9
9	322
322	9
9	323
323	9
9	329
9	334
334	9
9	341
341	9
9	342
342	9
10	67
67	10
10	142
142	10
10	169
169	10
10	200
200	10
10	277
277	10
10	285
285	10
10	291
291	10
10	323
323	10
10	332
21	13
26	13
56	13
59	13
65	13
67	13
82	13
98	13
109	13
119	13
148	13
188	13
223	13
236	13
239	13
261	13
271	13
277	13
304	13
325	13
342	13
20	14
28	14
41	14
115	14
149	14
214	14
310	14
312	14
326	14
343	14
16	29
29	16
16	82
82	16
16	118
16	172
16	261
261	16
16	329
16	331
16	332
17	19
17	41
41	17
17	111
111	17
17	115
115	17
17	116
17	137
137	17
17	140
17	144
17	214
214	17
17	310
310	17
17	312
312	17
17	326
326	17
41	19
89	19
115	19
138	19
174	19
214	19
289	19
293	19
312	19
319	19
343	19
20	41
41	20
20	44
20	111
111	20
20	115
115	20
20	149
149	20
20	162
162	20
20	214
214	20
20	226
20	312
312	20
20	326
326	20
20	333
20	343
343	20
21	25
25	21
21	26
26	21
21	31
31	21
21	39
39	21
21	40
40	21
21	55
55	21
21	56
56	21
21	66
21	67
67	21
21	88
21	98
98	21
21	104
104	21
21	105
21	108
108	21
21	109
109	21
21	119
119	21
21	121
121	21
21	122
122	21
21	123
123	21
21	127
127	21
21	134
21	136
21	142
142	21
21	159
21	161
21	165
21	169
169	21
21	170
170	21
21	184
21	186
186	21
21	188
188	21
21	197
197	21
21	200
200	21
21	203
21	212
21	223
223	21
21	232
21	235
21	236
236	21
21	239
239	21
21	248
248	21
21	251
251	21
21	252
21	271
271	21
21	272
21	274
274	21
21	277
277	21
21	280
280	21
21	281
281	21
21	284
21	297
297	21
21	304
304	21
21	308
308	21
21	313
21	315
315	21
21	322
322	21
21	323
323	21
21	325
325	21
21	332
21	334
334	21
21	342
342	21
21	345
345	21
22	87
87	22
22	158
22	168
168	22
22	185
185	22
22	277
277	22
22	308
308	22
22	324
22	339
339	22
22	347
347	22
23	51
51	23
23	61
61	23
23	83
83	23
23	99
23	116
23	124
124	23
23	144
23	155
23	175
23	190
190	23
23	227
23	230
23	237
237	23
23	240
23	245
245	23
23	267
24	53
24	57
57	24
24	80
80	24
24	92
92	24
24	94
94	24
24	101
101	24
24	180
180	24
24	187
187	24
24	194
194	24
24	242
242	24
24	249
249	24
24	266
266	24
24	299
299	24
24	302
24	346
25	26
26	25
25	31
31	25
25	39
39	25
25	40
40	25
25	51
51	25
25	56
56	25
25	65
65	25
25	67
67	25
25	69
69	25
25	72
72	25
25	73
73	25
25	76
25	79
79	25
25	83
83	25
25	84
84	25
25	88
25	94
94	25
25	98
98	25
25	103
103	25
25	104
104	25
25	105
25	113
25	119
119	25
25	122
122	25
25	130
25	141
141	25
25	148
148	25
25	158
25	169
169	25
25	170
170	25
25	176
176	25
25	185
185	25
25	186
186	25
25	188
188	25
25	199
25	200
200	25
25	203
25	221
25	224
224	25
25	231
25	232
25	236
236	25
25	237
237	25
25	239
239	25
25	246
246	25
25	252
25	257
257	25
25	270
25	271
271	25
25	272
25	276
276	25
25	277
277	25
25	280
280	25
25	283
25	285
285	25
25	288
288	25
25	290
290	25
25	291
291	25
25	297
297	25
25	322
322	25
25	323
323	25
25	325
325	25
25	331
25	332
25	336
336	25
26	40
40	26
26	55
55	26
26	56
56	26
26	62
62	26
26	66
26	67
67	26
26	69
69	26
26	72
72	26
26	79
79	26
26	98
98	26
26	104
104	26
26	109
109	26
26	113
26	118
26	119
119	26
26	122
122	26
26	123
123	26
26	128
128	26
26	133
133	26
26	134
26	141
141	26
26	142
142	26
26	158
26	161
26	169
169	26
26	170
170	26
26	172
26	176
176	26
26	185
185	26
26	186
186	26
26	188
188	26
26	199
26	200
200	26
26	203
26	212
26	223
223	26
26	224
224	26
26	232
26	236
236	26
26	239
239	26
26	248
248	26
26	252
26	257
257	26
26	265
26	271
271	26
26	276
276	26
26	277
277	26
26	280
280	26
26	285
285	26
26	291
291	26
26	295
295	26
26	297
297	26
26	298
298	26
26	304
304	26
26	308
308	26
26	313
26	315
315	26
26	322
322	26
26	323
323	26
26	325
325	26
26	332
26	334
334	26
54	27
119	27
28	41
41	28
28	115
115	28
28	116
28	140
28	144
28	149
149	28
28	151
28	226
28	310
310	28
28	312
312	28
28	326
326	28
29	40
40	29
29	82
82	29
29	106
29	118
29	172
29	203
29	211
29	231
29	247
247	29
29	252
29	338
338	29
48	30
56	30
73	30
188	30
200	30
213	30
224	30
236	30
271	30
303	30
304	30
322	30
31	51
51	31
31	67
67	31
31	83
83	31
31	84
84	31
31	109
109	31
31	122
122	31
31	129
129	31
31	142
142	31
31	168
168	31
31	200
200	31
31	237
237	31
31	252
31	277
277	31
31	280
280	31
31	291
291	31
31	304
304	31
31	308
308	31
31	338
338	31
31	339
339	31
32	93
93	32
32	137
137	32
32	167
32	310
310	32
32	337
337	32
35	143
143	35
36	108
108	36
36	127
127	36
36	135
135	36
36	184
36	197
197	36
36	251
251	36
36	281
281	36
36	284
36	309
309	36
36	320
38	117
117	38
38	141
141	38
38	178
38	248
248	38
38	322
322	38
38	332
38	339
339	38
39	69
69	39
39	105
39	119
119	39
39	121
121	39
39	141
141	39
39	161
39	165
39	200
200	39
39	257
257	39
39	277
277	39
39	280
280	39
39	313
40	56
56	40
40	67
67	40
40	72
72	40
40	77
77	40
40	113
40	132
132	40
40	133
133	40
40	141
141	40
40	142
142	40
40	158
40	169
169	40
40	172
40	199
40	200
200	40
40	203
40	212
40	213
213	40
40	224
224	40
40	231
40	232
40	239
239	40
40	257
257	40
40	258
258	40
40	265
40	271
271	40
40	272
40	274
274	40
40	277
277	40
40	280
280	40
40	298
298	40
40	304
304	40
40	307
40	315
315	40
40	317
317	40
40	322
322	40
40	325
325	40
40	329
40	332
40	334
334	40
41	44
41	93
93	41
41	111
111	41
41	115
115	41
41	116
41	137
137	41
41	140
41	144
41	151
41	214
214	41
41	226
41	230
41	243
41	310
310	41
41	312
312	41
41	326
326	41
41	337
337	41
41	343
343	41
111	44
312	44
343	44
45	67
67	45
45	104
104	45
45	122
122	45
45	132
132	45
45	142
142	45
45	186
186	45
45	200
200	45
45	221
45	303
303	45
45	322
322	45
45	345
345	45
143	46
177	46
47	301
301	47
48	53
48	54
54	48
48	57
57	48
48	73
73	48
48	80
80	48
48	88
48	119
119	48
48	126
48	130
48	180
180	48
48	199
48	203
48	271
271	48
48	299
299	48
48	302
48	320
48	322
322	48
48	330
330	48
48	332
49	192
192	49
49	241
49	255
255	49
50	109
109	50
50	113
50	119
119	50
50	146
146	50
50	148
148	50
50	203
50	277
277	50
50	314
314	50
50	331
50	334
334	50
51	83
83	51
51	84
84	51
51	237
237	51
192	52
54	53
92	53
94	53
101	53
146	53
180	53
194	53
196	53
204	53
213	53
242	53
248	53
249	53
254	53
266	53
299	53
315	53
317	53
322	53
330	53
54	119
119	54
54	313
54	329
55	56
56	55
55	67
67	55
55	104
104	55
55	122
122	55
55	123
123	55
55	170
170	55
55	185
185	55
55	186
186	55
55	200
200	55
55	203
55	239
239	55
55	252
55	261
261	55
55	277
277	55
56	59
59	56
56	60
60	56
56	62
62	56
56	63
63	56
56	66
56	67
67	56
56	72
72	56
56	75
56	82
82	56
56	88
56	98
98	56
56	103
103	56
56	104
104	56
56	109
109	56
56	113
56	118
56	119
119	56
56	122
122	56
56	128
128	56
56	132
132	56
56	134
56	136
56	141
141	56
56	142
142	56
56	161
56	169
169	56
56	170
170	56
56	172
56	185
185	56
56	186
186	56
56	188
188	56
56	199
56	200
200	56
56	203
56	207
207	56
56	211
56	212
56	213
213	56
56	221
56	222
222	56
56	223
223	56
56	231
56	232
56	238
56	239
239	56
56	252
56	261
261	56
56	265
56	271
271	56
56	272
56	276
276	56
56	277
277	56
56	285
285	56
56	290
290	56
56	291
291	56
56	297
297	56
56	298
298	56
56	303
303	56
56	304
304	56
56	313
56	315
315	56
56	322
322	56
56	323
323	56
56	325
325	56
56	331
56	332
56	334
334	56
56	341
341	56
56	342
342	56
57	80
80	57
57	92
92	57
57	108
108	57
57	184
57	204
204	57
57	213
213	57
57	242
242	57
57	249
249	57
57	277
277	57
57	302
57	320
57	346
171	58
269	58
59	82
82	59
59	98
98	59
59	118
59	172
59	186
186	59
59	203
59	211
59	238
59	239
239	59
59	250
250	59
59	252
59	261
261	59
59	268
268	59
59	271
271	59
59	325
325	59
59	342
342	59
60	158
60	239
239	60
60	285
285	60
60	291
291	60
60	313
60	322
322	60
61	193
193	61
62	67
67	62
62	96
96	62
62	98
98	62
62	122
122	62
62	130
62	133
133	62
62	141
141	62
62	142
142	62
62	161
62	170
170	62
62	186
186	62
62	199
62	200
200	62
62	223
223	62
62	224
224	62
62	236
236	62
62	239
239	62
62	261
261	62
62	276
276	62
62	318
318	62
62	322
322	62
62	323
323	62
62	341
341	62
63	261
261	63
63	271
271	63
63	313
63	342
342	63
64	100
64	119
119	64
64	150
64	171
171	64
64	189
189	64
64	217
65	82
82	65
65	118
65	203
65	252
65	261
261	65
65	297
297	65
65	314
314	65
65	339
339	65
67	66
122	66
142	66
239	66
304	66
308	66
334	66
67	69
69	67
67	72
72	67
67	75
67	79
79	67
67	82
82	67
67	98
98	67
67	104
104	67
67	109
109	67
67	113
67	118
67	119
119	67
67	122
122	67
67	123
123	67
67	128
128	67
67	134
67	136
67	141
141	67
67	142
142	67
67	156
156	67
67	158
67	161
67	169
169	67
67	170
170	67
67	185
185	67
67	186
186	67
67	188
188	67
67	196
196	67
67	199
67	200
200	67
67	203
67	212
67	213
213	67
67	223
223	67
67	224
224	67
67	236
236	67
67	239
239	67
67	248
248	67
67	252
67	261
261	67
67	265
67	271
271	67
67	272
67	277
277	67
67	280
280	67
67	285
285	67
67	290
290	67
67	297
297	67
67	303
303	67
67	304
304	67
67	308
308	67
67	313
67	315
315	67
67	322
322	67
67	323
323	67
67	324
67	325
325	67
67	332
67	334
334	67
67	342
342	67
67	344
344	67
67	345
345	67
68	99
68	143
143	68
68	175
68	177
177	68
68	225
68	227
68	263
68	296
69	105
69	121
121	69
69	236
236	69
69	304
304	69
71	230
71	307
72	113
72	132
132	72
72	141
141	72
72	165
72	172
72	199
72	200
200	72
72	212
72	232
72	239
239	72
72	252
72	271
271	72
72	272
72	291
291	72
72	298
298	72
72	329
73	88
73	126
73	130
73	299
299	73
73	331
85	75
170	75
188	75
200	75
258	75
274	75
304	75
322	75
323	75
77	117
117	77
77	231
77	294
77	332
328	78
79	119
119	79
79	185
185	79
79	188
188	79
79	200
200	79
79	252
79	271
271	79
79	272
80	88
80	92
92	80
80	94
94	80
80	101
101	80
80	173
80	180
180	80
80	187
187	80
80	194
194	80
80	204
204	80
80	213
213	80
80	242
242	80
80	249
249	80
80	266
266	80
80	299
299	80
80	300
80	315
315	80
80	320
80	330
330	80
80	346
81	269
269	81
81	286
286	81
82	84
84	82
82	98
98	82
82	118
82	119
119	82
82	121
121	82
82	123
123	82
82	148
148	82
82	158
82	169
169	82
82	170
170	82
82	172
82	199
82	203
82	211
82	222
222	82
82	231
82	238
82	252
82	261
261	82
82	268
268	82
82	271
271	82
82	313
82	314
314	82
82	318
318	82
82	325
325	82
82	331
83	84
84	83
83	237
237	83
84	224
224	84
84	236
236	84
84	237
237	84
84	265
84	276
276	84
84	304
304	84
84	313
85	156
156	85
85	170
170	85
85	176
176	85
85	188
188	85
85	258
258	85
85	271
271	85
85	272
85	274
274	85
85	322
322	85
85	323
323	85
86	175
86	177
177	86
86	225
86	227
86	278
87	136
87	161
87	213
213	87
87	246
246	87
87	291
291	87
87	308
308	87
87	315
315	87
87	322
322	87
87	339
339	87
164	88
186	88
236	88
242	88
303	88
322	88
336	88
89	95
95	89
89	147
89	219
219	89
89	319
319	89
89	327
110	91
193	91
245	91
259	91
264	91
92	94
94	92
92	101
101	92
92	180
180	92
92	187
187	92
92	194
194	92
92	196
196	92
92	204
204	92
92	242
242	92
92	249
249	92
92	254
254	92
92	266
266	92
92	299
299	92
92	302
92	330
330	92
92	346
93	111
111	93
93	137
137	93
93	167
93	310
310	93
93	337
337	93
94	101
101	94
94	180
180	94
94	187
187	94
94	194
194	94
94	204
204	94
94	242
242	94
94	249
249	94
94	254
254	94
94	266
266	94
94	299
299	94
94	300
94	302
94	315
315	94
94	320
94	330
330	94
94	346
95	147
95	319
319	95
95	327
96	133
133	96
96	190
190	96
96	213
213	96
96	224
224	96
96	274
274	96
96	314
314	96
96	323
323	96
97	182
97	230
98	103
103	98
98	104
104	98
98	109
109	98
98	113
98	118
98	119
119	98
98	122
122	98
98	123
123	98
98	128
128	98
98	141
141	98
98	148
148	98
98	170
170	98
98	172
98	186
186	98
98	199
98	200
200	98
98	203
98	211
98	223
223	98
98	238
98	239
239	98
98	252
98	258
258	98
98	261
261	98
98	265
98	271
271	98
98	272
98	276
276	98
98	277
277	98
98	280
280	98
98	285
285	98
98	291
291	98
98	304
304	98
98	313
98	315
315	98
98	325
325	98
98	331
98	332
98	342
342	98
131	99
143	99
177	99
119	100
163	100
189	100
269	100
323	100
101	180
180	101
101	187
187	101
101	194
194	101
101	204
204	101
101	242
242	101
101	249
249	101
101	254
254	101
101	266
266	101
101	299
299	101
101	302
101	317
317	101
101	330
330	101
101	346
103	136
103	169
169	103
103	172
103	185
185	103
103	200
200	103
103	211
103	252
103	271
271	103
103	285
285	103
103	323
323	103
103	339
339	103
104	109
109	104
104	113
104	122
122	104
104	123
123	104
104	128
128	104
104	142
142	104
104	169
169	104
104	186
186	104
104	188
188	104
104	200
200	104
104	203
104	212
104	239
239	104
104	252
104	271
271	104
104	277
277	104
104	295
295	104
104	303
303	104
104	318
318	104
104	322
322	104
104	325
325	104
104	332
104	344
344	104
119	105
148	105
236	105
257	105
277	105
280	105
315	105
169	106
171	107
389	107
596	107
601	107
629	107
637	107
641	107
1171	107
108	127
127	108
108	159
108	184
108	197
197	108
108	251
251	108
108	272
108	281
281	108
108	284
108	320
109	118
109	119
119	109
109	122
122	109
109	142
142	109
109	148
148	109
109	158
109	169
169	109
109	186
186	109
109	200
200	109
109	203
109	229
229	109
109	239
239	109
109	252
109	271
271	109
109	277
277	109
109	285
285	109
109	295
295	109
109	297
297	109
109	303
303	109
109	304
304	109
109	314
314	109
109	322
322	109
109	323
323	109
109	324
109	325
325	109
109	331
109	332
110	259
259	110
110	264
264	110
111	137
137	111
111	214
214	111
111	279
279	111
111	310
310	111
111	312
312	111
111	326
326	111
111	337
337	111
111	343
343	111
174	112
119	113
121	113
122	113
132	113
142	113
148	113
169	113
186	113
188	113
200	113
239	113
261	113
271	113
277	113
285	113
291	113
304	113
325	113
334	113
342	113
115	116
115	137
137	115
115	140
115	144
115	149
149	115
115	192
192	115
115	214
214	115
115	220
220	115
115	226
115	262
262	115
115	312
312	115
115	326
326	115
115	343
343	115
149	116
162	116
214	116
312	116
326	116
343	116
117	231
117	280
280	117
117	285
285	117
200	118
222	118
239	118
261	118
268	118
271	118
277	118
304	118
322	118
325	118
342	118
119	122
122	119
119	125
125	119
119	128
128	119
119	132
132	119
119	146
146	119
119	148
148	119
119	150
119	163
163	119
119	170
170	119
119	171
171	119
119	176
176	119
119	185
185	119
119	188
188	119
119	189
189	119
119	199
119	200
200	119
119	203
119	208
208	119
119	217
119	229
229	119
119	239
239	119
119	248
248	119
119	252
119	261
261	119
119	269
269	119
119	271
271	119
119	277
277	119
119	280
280	119
119	285
285	119
119	297
297	119
119	313
119	318
318	119
119	323
323	119
119	324
119	325
325	119
119	329
119	331
119	332
119	339
339	119
119	342
342	119
247	120
277	120
121	165
121	169
169	121
121	206
206	121
121	236
236	121
121	280
280	121
121	315
315	121
122	123
123	122
122	128
128	122
122	136
122	141
141	122
122	142
142	122
122	156
156	122
122	161
122	169
169	122
122	170
170	122
122	176
176	122
122	186
186	122
122	188
188	122
122	200
200	122
122	203
122	213
213	122
122	224
224	122
122	232
122	235
122	236
236	122
122	239
239	122
122	248
248	122
122	251
251	122
122	252
122	261
261	122
122	271
271	122
122	272
122	274
274	122
122	276
276	122
122	277
277	122
122	280
280	122
122	281
281	122
122	284
122	285
285	122
122	297
297	122
122	303
303	122
122	304
304	122
122	315
315	122
122	322
322	122
122	323
323	122
122	325
325	122
122	332
122	342
342	122
122	344
344	122
122	345
345	122
123	142
142	123
123	186
186	123
123	200
200	123
123	239
239	123
123	252
123	261
261	123
123	318
318	123
123	334
334	123
123	342
342	123
124	157
157	124
124	170
170	124
125	136
125	169
169	125
322	126
127	135
135	127
127	139
139	127
127	159
127	184
127	197
197	127
127	251
251	127
127	272
127	281
281	127
127	284
127	309
309	127
127	320
127	346
128	150
128	169
169	128
128	170
170	128
128	172
128	176
176	128
128	186
186	128
128	199
128	203
128	211
128	213
213	128
128	223
223	128
128	248
248	128
128	252
128	265
128	271
271	128
128	313
128	315
315	128
128	322
322	128
128	334
334	128
129	168
168	129
129	291
291	129
129	339
339	129
129	347
347	129
204	130
213	130
257	130
277	130
322	130
131	143
143	131
131	177
177	131
131	225
131	227
131	278
132	134
132	158
132	242
242	132
132	277
277	132
132	303
303	132
132	311
132	315
315	132
132	317
317	132
132	334
334	132
133	141
141	133
133	183
183	133
133	188
188	133
133	224
224	133
133	232
133	236
236	133
133	271
271	133
133	276
276	133
133	280
280	133
133	315
315	133
133	322
322	133
142	134
248	134
277	134
304	134
334	134
135	184
135	197
197	135
135	251
251	135
135	281
281	135
135	284
135	309
309	135
135	320
146	136
156	136
169	136
213	136
246	136
285	136
304	136
308	136
315	136
322	136
339	136
1972	136
1973	136
2225	136
2445	136
2502	136
2529	136
137	140
137	167
137	214
214	137
137	243
137	289
289	137
137	310
310	137
137	312
312	137
137	326
326	137
137	337
337	137
139	159
139	184
139	197
197	139
139	251
251	139
139	281
281	139
139	284
139	320
214	140
312	140
326	140
141	172
141	199
141	224
224	141
141	236
236	141
141	239
239	141
141	257
257	141
141	258
258	141
141	271
271	141
141	272
141	276
276	141
141	280
280	141
141	291
291	141
141	304
304	141
141	323
323	141
142	158
142	161
142	169
169	142
142	170
170	142
142	186
186	142
142	188
188	142
142	200
200	142
142	203
142	236
236	142
142	239
239	142
142	252
142	271
271	142
142	277
277	142
142	280
280	142
142	285
285	142
142	297
297	142
142	303
303	142
142	308
308	142
142	315
315	142
142	322
322	142
142	323
323	142
142	332
142	334
334	142
142	345
345	142
143	175
143	177
177	143
143	225
143	227
143	278
143	321
321	143
149	144
312	144
326	144
343	144
146	148
148	146
146	285
285	146
146	313
146	317
317	146
146	339
339	146
219	147
319	147
148	176
176	148
148	185
185	148
148	224
224	148
148	229
229	148
148	261
261	148
148	271
271	148
148	272
148	339
339	148
149	162
162	149
149	226
149	312
312	149
149	326
326	149
149	333
149	343
343	149
163	150
171	150
189	150
310	151
312	151
152	181
152	275
152	339
339	152
280	153
154	219
219	154
157	155
156	188
188	156
156	235
156	258
258	156
156	272
156	295
295	156
168	158
242	158
248	158
291	158
304	158
315	158
317	158
322	158
325	158
339	158
197	159
277	159
281	159
345	159
213	161
258	161
271	161
277	161
304	161
308	161
314	161
322	161
325	161
339	161
162	312
312	162
162	326
326	162
162	333
162	343
343	162
163	173
163	249
249	163
164	285
285	164
169	165
188	165
200	165
334	165
342	165
202	166
310	167
337	167
168	277
277	168
168	291
291	168
168	304
304	168
168	339
339	168
168	347
347	168
169	185
185	169
169	236
236	169
169	239
239	169
169	248
248	169
169	252
169	257
257	169
169	271
271	169
169	277
277	169
169	280
280	169
169	291
291	169
169	315
315	169
169	318
318	169
169	322
322	169
169	332
169	334
334	169
170	176
176	170
170	185
185	170
170	186
186	170
170	188
188	170
170	200
200	170
170	203
170	211
170	223
223	170
170	239
239	170
170	250
250	170
170	252
170	260
170	268
268	170
170	271
271	170
170	274
274	170
170	277
277	170
170	285
285	170
170	290
290	170
170	304
304	170
170	313
170	315
315	170
170	322
322	170
170	323
323	170
170	332
170	334
334	170
170	341
341	170
170	342
342	170
171	189
189	171
171	217
171	904
171	1171
1171	171
171	1193
171	1297
171	1387
171	1486
171	1549
171	1684
171	2704
171	2740
171	2838
171	2885
171	3003
171	3290
223	172
239	172
261	172
268	172
271	172
277	172
298	172
304	172
308	172
325	172
342	172
202	173
174	293
293	174
177	175
277	175
321	175
176	188
188	176
176	239
239	176
176	271
271	176
176	290
290	176
177	225
177	227
177	278
186	178
206	178
213	178
303	178
322	178
345	178
180	187
187	180
180	194
194	180
180	196
196	180
180	204
204	180
180	242
242	180
180	249
249	180
180	254
254	180
180	266
266	180
180	299
299	180
180	302
180	346
328	181
253	182
197	184
251	184
281	184
309	184
185	188
188	185
185	200
200	185
185	271
271	185
185	272
185	274
274	185
185	280
280	185
185	285
285	185
185	290
290	185
185	297
297	185
185	315
315	185
185	322
322	185
185	344
344	185
186	188
188	186
186	199
186	200
200	186
186	203
186	213
213	186
186	221
186	222
222	186
186	223
223	186
186	236
236	186
186	239
239	186
186	252
186	271
271	186
186	272
186	277
277	186
186	285
285	186
186	303
303	186
186	322
322	186
186	323
323	186
186	325
325	186
186	331
186	341
341	186
186	345
345	186
187	194
194	187
187	242
242	187
187	249
249	187
187	254
254	187
187	266
266	187
187	299
299	187
187	302
187	346
188	200
200	188
188	208
208	188
188	223
223	188
188	224
224	188
188	239
239	188
188	252
188	258
258	188
188	271
271	188
188	272
188	274
274	188
188	277
277	188
188	280
280	188
188	285
285	188
188	290
290	188
188	291
291	188
188	297
297	188
188	304
304	188
188	315
315	188
188	322
322	188
188	323
323	188
188	334
334	188
188	341
341	188
188	342
342	188
189	217
190	229
229	190
192	205
193	259
259	193
194	196
196	194
194	204
204	194
194	242
242	194
194	249
249	194
194	254
254	194
194	266
266	194
194	299
299	194
194	302
194	346
328	195
196	204
204	196
196	249
249	196
196	254
254	196
196	266
266	196
196	285
285	196
196	330
330	196
196	346
197	251
251	197
197	272
197	281
281	197
197	284
197	309
309	197
197	320
197	329
200	199
222	199
223	199
239	199
261	199
271	199
288	199
291	199
298	199
304	199
314	199
315	199
322	199
325	199
342	199
200	203
200	223
223	200
200	224
224	200
200	232
200	236
236	200
200	239
239	200
200	248
248	200
200	252
200	271
271	200
200	274
274	200
200	276
276	200
200	277
277	200
200	280
280	200
200	285
285	200
200	297
297	200
200	304
304	200
200	322
322	200
200	323
323	200
200	324
200	325
325	200
200	332
200	334
334	200
259	201
202	329
223	203
239	203
261	203
268	203
271	203
277	203
285	203
297	203
304	203
308	203
315	203
322	203
325	203
334	203
338	203
341	203
342	203
204	213
213	204
204	242
242	204
204	249
249	204
204	254
254	204
204	266
266	204
204	277
277	204
204	302
204	329
204	330
330	204
204	346
206	260
207	322
322	207
208	277
277	208
208	285
285	208
208	291
291	208
208	332
222	211
223	211
239	211
261	211
268	211
271	211
285	211
304	211
315	211
325	211
342	211
239	212
271	212
295	212
298	212
304	212
344	212
213	224
224	213
213	231
213	236
236	213
213	239
239	213
213	242
242	213
213	246
246	213
213	249
249	213
213	272
213	277
277	213
213	285
285	213
213	291
291	213
213	303
303	213
213	308
308	213
213	315
315	213
213	322
322	213
213	324
213	332
213	340
340	213
213	345
345	213
214	230
214	289
289	214
214	312
312	214
214	326
326	214
214	333
214	343
343	214
328	218
219	319
319	219
220	262
262	220
220	312
312	220
285	221
303	221
322	221
222	238
222	240
222	313
222	325
325	222
223	239
239	223
223	246
246	223
223	252
223	261
261	223
223	265
223	271
271	223
223	313
223	315
315	223
223	325
325	223
223	342
342	223
224	232
224	236
236	224
224	261
261	224
224	271
271	224
224	276
276	224
224	291
291	224
224	304
304	224
224	315
315	224
224	322
322	224
224	324
224	332
312	226
326	226
343	226
229	334
334	229
253	230
239	231
280	231
291	231
315	231
239	232
271	232
276	232
280	232
285	232
291	232
298	232
322	232
233	256
256	233
239	234
236	248
248	236
236	252
236	257
257	236
236	271
271	236
236	272
236	276
276	236
236	280
280	236
236	297
297	236
236	303
303	236
236	304
304	236
236	314
314	236
236	315
315	236
236	318
318	236
236	322
322	236
239	238
261	238
271	238
325	238
342	238
239	252
239	261
261	239
239	265
239	271
271	239
239	272
239	276
276	239
239	277
277	239
239	280
280	239
239	285
285	239
239	295
295	239
239	303
303	239
239	304
304	239
239	313
239	322
322	239
239	323
323	239
239	325
325	239
239	338
338	239
239	344
344	239
242	249
249	242
242	254
254	242
242	266
266	242
242	299
299	242
242	302
242	322
322	242
242	330
330	242
242	346
310	243
312	243
337	243
244	282
282	244
245	259
259	245
246	285
285	246
246	304
304	246
246	308
308	246
246	315
315	246
246	322
322	246
246	339
339	246
246	340
340	246
248	252
248	265
248	277
277	248
248	291
291	248
248	311
248	323
323	248
248	332
249	254
254	249
249	266
266	249
249	299
299	249
249	302
249	304
304	249
249	315
315	249
249	330
330	249
249	346
250	252
250	322
322	250
251	281
281	251
251	284
251	309
309	251
251	320
261	252
271	252
277	252
280	252
285	252
291	252
297	252
304	252
308	252
315	252
322	252
325	252
334	252
338	252
342	252
345	252
254	266
266	254
254	299
299	254
254	302
254	330
330	254
254	346
257	258
258	257
257	272
257	280
280	257
257	295
295	257
257	304
304	257
257	315
315	257
257	322
322	257
257	344
344	257
258	272
258	291
291	258
258	295
295	258
258	323
323	258
259	264
264	259
322	260
339	260
261	265
261	268
268	261
261	271
271	261
261	285
285	261
261	297
297	261
261	313
261	314
314	261
261	318
318	261
261	325
325	261
261	342
342	261
261	345
345	261
262	312
312	262
271	265
298	265
325	265
342	265
266	302
266	330
330	266
266	346
268	271
271	268
268	325
325	268
269	329
271	272
271	276
276	271
271	277
277	271
271	280
280	271
271	285
285	271
271	290
290	271
271	291
291	271
271	297
297	271
271	298
298	271
271	304
304	271
271	313
271	314
314	271
271	315
315	271
271	318
318	271
271	322
322	271
271	323
323	271
271	325
325	271
271	331
271	332
271	342
342	271
277	272
280	272
281	272
285	272
291	272
297	272
304	272
328	273
274	323
323	274
274	341
341	274
328	275
276	322
322	276
277	280
280	277
277	285
285	277
277	290
290	277
277	291
291	277
277	294
277	304
304	277
277	308
308	277
277	311
277	315
315	277
277	322
322	277
277	323
323	277
277	324
277	325
325	277
277	332
277	334
334	277
277	339
339	277
277	342
342	277
280	290
290	280
280	291
291	280
280	297
297	280
280	304
304	280
280	315
315	280
280	322
322	280
280	323
323	280
280	329
280	332
281	284
281	309
309	281
281	320
309	284
285	303
303	285
285	304
304	285
285	313
285	315
315	285
285	322
322	285
285	323
323	285
285	332
285	342
342	285
285	345
345	285
288	315
315	288
290	322
322	290
290	323
323	290
290	342
342	290
291	315
315	291
291	329
291	332
291	339
339	291
297	322
322	297
297	323
323	297
297	324
299	300
299	302
299	330
330	299
299	346
301	324
315	302
330	302
303	315
315	303
303	322
322	303
303	345
345	303
304	308
308	304
304	315
315	304
304	322
322	304
304	324
304	325
325	304
304	332
304	334
334	304
304	341
341	304
304	347
347	304
312	305
328	306
308	322
322	308
308	323
323	308
308	329
308	334
334	308
308	338
338	308
309	320
310	337
337	310
325	311
344	311
312	326
326	312
312	343
343	312
314	313
315	313
325	313
339	313
342	313
314	342
342	314
315	322
322	315
315	323
323	315
315	324
315	329
315	339
339	315
315	345
345	315
318	334
334	318
319	327
322	323
323	322
322	329
322	339
339	322
322	341
341	322
322	342
342	322
322	345
345	322
323	332
323	341
341	323
340	324
325	342
342	325
326	343
343	326
330	346
343	333
334	339
339	334
339	340
340	339
339	347
347	339
349	348
357	348
373	348
375	348
380	348
381	348
389	348
408	348
411	348
419	348
422	348
424	348
435	348
440	348
453	348
457	348
459	348
468	348
469	348
477	348
485	348
486	348
498	348
505	348
509	348
516	348
518	348
524	348
551	348
554	348
349	434
349	478
349	508
349	534
419	350
375	352
408	352
373	353
408	353
419	353
524	353
601	353
637	353
641	353
373	355
411	356
357	369
357	389
389	357
357	397
357	419
419	357
357	424
424	357
357	457
457	357
357	459
459	357
357	469
469	357
357	477
477	357
357	486
486	357
357	505
505	357
357	509
509	357
357	516
516	357
357	518
518	357
357	551
551	357
357	554
554	357
357	563
422	359
373	360
422	360
524	360
373	362
373	363
419	363
524	363
637	363
408	365
373	366
408	366
524	366
637	366
373	367
422	367
375	368
408	368
419	368
380	369
381	369
389	369
419	369
424	369
435	369
457	369
469	369
477	369
486	369
509	369
516	369
518	369
551	369
554	369
373	370
419	370
469	370
524	370
666	370
422	372
373	374
373	376
373	378
373	387
373	388
373	390
373	391
373	392
373	395
373	397
373	400
373	402
373	408
408	373
373	412
373	413
373	414
373	417
373	421
373	423
373	425
373	428
373	431
373	434
373	436
373	438
373	439
373	446
373	450
373	456
373	460
373	461
373	463
373	465
373	471
373	473
373	475
373	483
373	491
373	492
373	496
373	497
373	498
498	373
373	500
373	502
373	506
373	507
373	513
373	514
373	515
373	517
373	520
373	523
373	524
524	373
373	525
373	527
373	528
373	542
373	544
373	545
373	546
373	548
373	553
373	556
373	558
373	559
373	561
373	563
373	565
373	566
373	567
373	580
373	587
373	590
590	373
373	591
373	604
373	606
373	614
373	634
373	637
637	373
373	641
641	373
373	645
373	651
373	669
373	680
680	373
373	683
419	374
524	374
375	398
375	404
375	408
408	375
375	409
375	431
375	456
375	479
375	484
375	493
375	494
375	503
375	525
375	526
375	538
419	376
524	376
637	376
524	378
637	378
641	378
380	389
389	380
380	424
424	380
380	457
457	380
380	486
486	380
380	505
505	380
380	509
509	380
380	516
516	380
380	518
518	380
380	554
554	380
381	389
389	381
381	419
419	381
381	424
424	381
381	457
457	381
381	469
469	381
381	486
486	381
381	509
509	381
381	516
516	381
381	551
551	381
381	554
554	381
524	385
408	387
524	387
389	397
389	419
419	389
389	424
424	389
389	435
435	389
389	457
457	389
389	459
459	389
389	469
469	389
389	486
486	389
389	497
389	505
505	389
389	509
509	389
389	516
516	389
389	518
518	389
389	551
551	389
389	554
554	389
389	949
389	1010
389	1013
389	1037
389	1041
389	1070
389	1109
389	1121
389	1189
389	1259
389	1275
389	1296
389	1348
389	1385
389	1415
389	1428
389	1469
389	1472
389	1473
389	1496
389	1507
389	1545
389	1630
389	1681
389	1699
389	1745
389	1770
524	391
637	391
408	394
601	394
620	394
408	395
419	395
422	395
524	395
574	395
601	395
620	395
630	395
637	395
678	395
422	396
419	397
422	397
457	397
469	397
477	397
485	397
509	397
516	397
518	397
554	397
408	398
408	400
419	400
524	400
601	400
637	400
641	400
422	402
524	402
408	404
419	404
440	404
408	409
408	412
408	417
408	419
419	408
408	428
408	430
408	431
408	438
408	439
408	440
440	408
408	444
408	445
408	456
408	461
408	465
408	473
408	479
408	483
408	484
408	487
408	488
408	493
408	500
408	503
408	511
408	512
408	513
408	514
408	517
408	520
408	524
524	408
408	525
408	526
408	536
408	537
408	538
408	545
408	556
408	559
408	560
408	561
419	409
411	498
498	411
422	412
524	412
609	412
422	414
524	414
573	414
574	414
575	414
579	414
584	414
588	414
589	414
590	414
592	414
596	414
597	414
598	414
601	414
602	414
603	414
605	414
609	414
611	414
612	414
616	414
617	414
618	414
619	414
620	414
621	414
622	414
623	414
625	414
626	414
629	414
630	414
631	414
633	414
636	414
637	414
638	414
639	414
641	414
644	414
653	414
654	414
655	414
657	414
663	414
664	414
666	414
672	414
674	414
677	414
678	414
679	414
680	414
682	414
684	414
685	414
419	416
524	417
419	422
422	419
419	423
419	424
424	419
419	428
419	430
419	431
419	440
440	419
419	452
419	456
419	469
469	419
419	471
419	475
419	483
419	484
419	486
486	419
419	487
419	488
419	492
419	493
419	503
419	505
505	419
419	513
419	516
516	419
419	517
419	518
518	419
419	525
419	526
419	527
419	536
419	537
419	538
419	540
419	544
419	551
551	419
419	559
419	561
419	565
419	567
524	420
596	420
457	421
422	432
422	438
422	444
422	449
422	455
422	460
422	474
422	481
422	483
422	489
422	497
422	504
422	520
422	523
422	545
422	546
422	547
422	553
422	555
422	561
422	570
422	579
579	422
422	584
584	422
422	592
592	422
422	593
422	596
596	422
422	597
597	422
422	601
601	422
422	604
422	609
609	422
422	614
422	617
617	422
422	618
618	422
422	619
619	422
422	620
620	422
422	630
630	422
422	631
631	422
422	636
636	422
422	644
644	422
422	653
653	422
422	654
654	422
422	655
655	422
422	657
657	422
422	663
663	422
422	678
678	422
422	680
680	422
422	682
682	422
422	685
685	422
524	423
637	423
424	435
435	424
424	457
457	424
424	469
469	424
424	486
486	424
424	505
505	424
424	509
509	424
424	516
516	424
424	518
518	424
424	551
551	424
424	554
554	424
477	425
524	426
524	428
601	428
609	428
641	428
469	430
440	431
435	459
459	435
435	497
435	518
518	435
435	551
551	435
435	555
435	563
524	436
637	436
453	437
498	437
524	438
596	438
477	439
440	449
440	456
440	479
440	484
440	493
440	496
440	508
440	525
440	538
453	443
453	468
468	453
453	498
498	453
524	456
457	459
459	457
457	469
469	457
457	477
477	457
457	486
486	457
457	505
505	457
457	509
509	457
457	516
516	457
457	518
518	457
457	551
551	457
457	554
554	457
457	563
469	458
459	486
486	459
459	516
516	459
459	518
518	459
459	551
551	459
459	563
524	460
524	461
590	461
653	461
524	463
524	465
601	465
469	486
486	469
469	497
469	505
505	469
469	516
516	469
469	518
518	469
469	540
469	551
551	469
469	553
469	554
554	469
469	563
524	471
524	475
641	475
477	485
485	477
477	516
516	477
477	518
518	477
477	554
554	477
477	563
524	483
596	483
601	483
637	483
639	483
641	483
637	484
485	518
518	485
485	563
486	505
505	486
486	509
509	486
486	516
516	486
486	551
551	486
486	554
554	486
524	488
524	492
637	492
641	492
637	496
641	496
524	497
498	532
524	500
601	500
637	500
524	503
505	509
509	505
505	516
516	505
505	551
551	505
505	554
554	505
524	506
524	507
509	516
516	509
509	518
518	509
509	551
551	509
509	554
554	509
524	513
601	513
637	513
641	513
524	514
524	515
620	515
637	515
641	515
654	515
516	518
518	516
516	551
551	516
516	554
554	516
516	563
524	517
601	517
637	517
518	551
551	518
518	554
554	518
518	563
524	520
524	523
524	525
524	527
524	542
524	544
524	553
524	559
524	561
524	565
524	566
524	567
524	590
590	524
524	591
524	606
524	614
524	637
637	524
524	651
524	683
637	526
637	538
551	554
554	551
609	553
620	553
644	553
666	553
554	563
637	559
637	566
590	567
573	575
575	573
573	579
579	573
573	588
588	573
573	589
589	573
573	592
592	573
573	597
597	573
573	598
598	573
573	603
603	573
573	605
605	573
573	609
609	573
573	611
611	573
573	617
617	573
573	618
618	573
573	619
619	573
573	622
622	573
573	623
623	573
573	625
625	573
573	626
626	573
573	630
630	573
573	633
633	573
573	636
636	573
573	644
644	573
573	653
653	573
573	654
654	573
573	664
664	573
573	666
666	573
573	672
672	573
573	677
677	573
573	680
680	573
573	684
684	573
573	685
685	573
574	579
579	574
574	584
584	574
574	596
596	574
574	616
616	574
574	621
621	574
574	630
630	574
574	631
631	574
574	663
663	574
574	678
678	574
575	579
579	575
575	589
589	575
575	592
592	575
575	612
612	575
575	617
617	575
575	630
630	575
575	654
654	575
575	664
664	575
575	680
680	575
575	685
685	575
579	588
588	579
579	589
589	579
579	590
590	579
579	592
592	579
579	597
597	579
579	598
598	579
579	603
603	579
579	605
605	579
579	609
609	579
579	611
611	579
579	612
612	579
579	616
616	579
579	617
617	579
579	619
619	579
579	620
620	579
579	621
621	579
579	622
622	579
579	623
623	579
579	625
625	579
579	626
626	579
579	630
630	579
579	633
633	579
579	636
636	579
579	639
639	579
579	644
644	579
579	653
653	579
579	654
654	579
579	663
663	579
579	664
664	579
579	666
666	579
579	677
677	579
579	680
680	579
579	684
684	579
579	685
685	579
601	580
637	580
641	580
584	592
592	584
584	596
596	584
584	616
616	584
584	618
618	584
584	630
630	584
584	631
631	584
584	637
637	584
584	639
639	584
584	660
584	678
678	584
584	679
679	584
584	682
682	584
588	592
592	588
588	617
617	588
588	618
618	588
588	619
619	588
588	633
633	588
588	644
644	588
588	653
653	588
588	654
654	588
588	678
678	588
588	682
682	588
588	685
685	588
589	592
592	589
589	596
596	589
589	597
597	589
589	603
603	589
589	605
605	589
589	609
609	589
589	611
611	589
589	617
617	589
589	620
620	589
589	622
622	589
589	623
623	589
589	625
625	589
589	636
636	589
589	654
654	589
589	664
664	589
589	677
677	589
589	684
684	589
590	591
590	609
609	590
590	612
612	590
590	617
617	590
590	623
623	590
590	633
633	590
590	644
644	590
590	680
680	590
637	591
641	591
592	597
597	592
592	598
598	592
592	603
603	592
592	605
605	592
592	609
609	592
592	611
611	592
592	612
612	592
592	616
616	592
592	617
617	592
592	618
618	592
592	619
619	592
592	620
620	592
592	621
621	592
592	622
622	592
592	623
623	592
592	625
625	592
592	626
626	592
592	630
630	592
592	633
633	592
592	636
636	592
592	644
644	592
592	653
653	592
592	654
654	592
592	655
655	592
592	664
664	592
592	666
666	592
592	672
672	592
592	677
677	592
592	678
678	592
592	680
680	592
592	682
682	592
592	684
684	592
592	685
685	592
596	604
596	609
609	596
596	616
616	596
596	618
618	596
596	620
620	596
596	630
630	596
596	639
639	596
596	653
653	596
596	655
655	596
596	663
663	596
596	677
677	596
596	678
678	596
596	917
596	1019
596	1022
596	1032
596	1086
596	1103
596	1129
596	1148
596	1215
596	1229
596	1233
596	1235
596	1311
596	1322
596	1345
596	1412
596	1515
596	1576
596	1650
596	1680
596	1688
596	1720
596	1828
596	1859
596	1872
597	603
603	597
597	609
609	597
597	611
611	597
597	618
618	597
597	619
619	597
597	623
623	597
597	625
625	597
597	630
630	597
597	633
633	597
597	636
636	597
597	644
644	597
597	653
653	597
597	654
654	597
597	677
677	597
597	680
680	597
597	684
684	597
598	605
605	598
598	609
609	598
598	618
618	598
598	619
619	598
598	625
625	598
598	630
630	598
598	636
636	598
598	653
653	598
598	654
654	598
598	677
677	598
598	680
680	598
598	684
684	598
601	609
609	601
601	629
629	601
601	630
630	601
601	637
637	601
601	644
644	601
601	976
601	1122
601	1349
601	1512
601	1645
601	1679
603	605
605	603
603	609
609	603
603	611
611	603
603	612
612	603
603	619
619	603
603	623
623	603
603	625
625	603
603	644
644	603
603	654
654	603
603	677
677	603
603	680
680	603
603	684
684	603
637	604
605	609
609	605
605	617
617	605
605	619
619	605
605	626
626	605
605	630
630	605
605	644
644	605
605	653
653	605
605	654
654	605
605	677
677	605
605	678
678	605
605	680
680	605
641	606
609	612
612	609
609	617
617	609
609	619
619	609
609	620
620	609
609	623
623	609
609	626
626	609
609	630
630	609
609	636
636	609
609	644
644	609
609	653
653	609
609	654
654	609
609	664
664	609
609	666
666	609
609	680
680	609
611	618
618	611
611	625
625	611
611	636
636	611
611	653
653	611
611	654
654	611
611	664
664	611
611	677
677	611
611	680
680	611
611	684
684	611
612	617
617	612
612	619
619	612
612	630
630	612
612	636
636	612
612	654
654	612
612	664
664	612
612	678
678	612
612	680
680	612
637	614
616	618
618	616
616	621
621	616
616	622
622	616
616	623
623	616
616	625
625	616
616	630
630	616
616	631
631	616
616	639
639	616
616	657
657	616
616	660
616	663
663	616
616	678
678	616
616	684
684	616
617	619
619	617
617	620
620	617
617	625
625	617
617	626
626	617
617	630
630	617
617	644
644	617
617	648
617	654
654	617
617	664
664	617
617	666
666	617
617	677
677	617
617	680
680	617
617	685
685	617
618	619
619	618
618	630
630	618
618	631
631	618
618	633
633	618
618	636
636	618
618	653
653	618
618	666
666	618
618	678
678	618
618	679
679	618
618	680
680	618
618	682
682	618
618	684
684	618
618	685
685	618
619	623
623	619
619	625
625	619
619	630
630	619
619	633
633	619
619	636
636	619
619	644
644	619
619	653
653	619
619	654
654	619
619	677
677	619
619	678
678	619
619	684
684	619
619	685
685	619
620	630
630	620
620	636
636	620
620	644
644	620
620	653
653	620
620	654
654	620
620	666
666	620
620	672
672	620
620	678
678	620
621	622
622	621
621	663
663	621
622	623
623	622
622	625
625	622
622	639
639	622
622	663
663	622
622	678
678	622
622	684
684	622
623	625
625	623
623	636
636	623
623	654
654	623
623	677
677	623
623	684
684	623
625	630
630	625
625	633
633	625
625	644
644	625
625	653
653	625
625	654
654	625
625	677
677	625
625	684
684	625
626	630
630	626
626	644
644	626
626	654
654	626
626	657
657	626
626	664
664	626
626	677
677	626
626	680
680	626
629	630
630	629
629	637
637	629
629	641
641	629
629	1223
629	1400
629	1679
629	1850
629	1893
630	631
631	630
630	636
636	630
630	641
641	630
630	644
644	630
630	653
653	630
630	655
655	630
630	657
657	630
630	663
663	630
630	664
664	630
630	666
666	630
630	672
672	630
630	678
678	630
630	682
682	630
630	684
684	630
630	685
685	630
631	639
639	631
631	678
678	631
631	679
679	631
631	682
682	631
633	636
636	633
633	644
644	633
633	653
653	633
633	666
666	633
633	680
680	633
636	644
644	636
636	653
653	636
636	666
666	636
636	677
677	636
636	678
678	636
636	680
680	636
636	684
684	636
636	685
685	636
637	639
639	637
637	641
641	637
637	645
637	669
637	678
678	637
637	679
679	637
637	896
637	936
637	957
637	968
637	1001
637	1012
637	1018
637	1025
637	1060
637	1067
637	1080
637	1086
637	1104
637	1113
637	1128
637	1142
637	1143
637	1148
637	1155
637	1179
637	1189
637	1192
637	1204
637	1277
637	1300
637	1313
637	1318
637	1320
637	1324
637	1332
637	1358
637	1374
637	1423
637	1427
637	1429
637	1436
637	1448
637	1464
637	1473
637	1475
637	1479
637	1487
637	1512
637	1526
637	1536
637	1543
637	1545
637	1573
637	1574
637	1578
637	1584
637	1595
637	1606
637	1616
637	1628
637	1645
637	1647
637	1671
637	1673
637	1677
637	1679
637	1692
637	1694
637	1716
637	1720
637	1744
637	1766
637	1778
637	1790
637	1808
637	1830
637	1853
637	1871
637	1882
637	1897
637	1901
639	678
678	639
639	682
682	639
641	651
641	915
641	930
641	962
641	1060
641	1070
641	1086
641	1113
641	1114
641	1122
641	1179
641	1210
641	1231
641	1235
641	1237
641	1273
641	1300
641	1313
641	1318
641	1320
641	1332
641	1358
641	1374
641	1400
641	1425
641	1436
641	1446
641	1448
641	1459
641	1475
641	1549
641	1565
641	1573
641	1574
641	1606
641	1616
641	1625
641	1671
641	1744
641	1763
641	1766
641	1767
641	1778
641	1830
641	1844
641	1881
641	1882
644	654
654	644
644	664
664	644
644	666
666	644
644	680
680	644
653	654
654	653
653	664
664	653
653	666
666	653
653	672
672	653
653	677
677	653
653	678
678	653
653	680
680	653
653	685
685	653
654	664
664	654
654	666
666	654
654	672
672	654
654	677
677	654
654	678
678	654
654	680
680	654
654	683
654	684
684	654
654	685
685	654
655	657
657	655
657	682
682	657
664	666
666	664
664	685
685	664
666	680
680	666
672	678
678	672
677	680
680	677
677	682
682	677
677	684
684	677
678	679
679	678
678	682
682	678
678	685
685	678
679	682
682	679
680	684
684	680
680	685
685	680
688	686
689	686
690	686
691	686
695	686
696	686
699	686
704	686
707	686
711	686
712	686
716	686
719	686
720	686
721	686
722	686
723	686
724	686
726	686
727	686
728	686
731	686
732	686
733	686
734	686
736	686
737	686
738	686
741	686
742	686
743	686
744	686
746	686
751	686
753	686
755	686
756	686
757	686
760	686
762	686
763	686
767	686
768	686
771	686
772	686
777	686
780	686
781	686
782	686
784	686
785	686
786	686
787	686
788	686
789	686
794	686
795	686
798	686
799	686
806	686
808	686
813	686
814	686
816	686
821	686
826	686
827	686
829	686
832	686
833	686
841	686
842	686
845	686
846	686
847	686
848	686
849	686
850	686
853	686
854	686
688	687
728	687
777	687
780	687
688	694
688	695
695	688
688	696
696	688
688	697
688	701
688	713
688	719
719	688
688	723
723	688
688	724
724	688
688	726
726	688
688	727
727	688
688	734
734	688
688	739
688	740
688	747
688	751
751	688
688	752
688	754
688	756
756	688
688	766
688	770
688	771
771	688
688	772
772	688
688	774
688	777
777	688
688	780
780	688
688	792
688	800
688	805
688	815
688	819
688	821
821	688
688	823
688	824
688	828
688	830
688	834
688	840
688	845
845	688
688	847
847	688
688	849
849	688
688	853
853	688
688	856
689	702
689	712
712	689
689	714
689	732
732	689
689	771
771	689
689	789
789	689
689	839
690	694
690	713
690	731
731	690
690	773
690	784
784	690
690	820
690	831
690	853
853	690
691	746
746	691
691	771
771	691
691	782
782	691
691	822
691	833
833	691
695	693
726	693
734	693
695	694
696	694
711	694
719	694
722	694
724	694
726	694
727	694
731	694
737	694
738	694
756	694
760	694
772	694
780	694
781	694
784	694
795	694
798	694
821	694
827	694
829	694
842	694
845	694
847	694
848	694
853	694
695	696
696	695
695	697
695	700
695	701
695	706
695	711
711	695
695	713
695	718
695	719
719	695
695	724
724	695
695	726
726	695
695	734
734	695
695	738
738	695
695	745
695	751
751	695
695	752
695	754
695	760
760	695
695	766
695	777
777	695
695	778
695	780
780	695
695	781
781	695
695	784
784	695
695	794
794	695
695	805
695	810
695	815
695	824
695	829
829	695
695	830
695	834
695	840
695	842
842	695
695	844
695	847
847	695
695	853
853	695
696	697
696	711
711	696
696	713
696	719
719	696
696	724
724	696
696	727
727	696
696	738
738	696
696	739
696	745
696	747
696	773
696	774
696	778
696	780
780	696
696	784
784	696
696	795
795	696
696	805
696	823
696	824
696	828
696	829
829	696
696	830
696	834
696	840
696	842
842	696
696	845
845	696
696	853
853	696
719	697
721	697
724	697
726	697
727	697
731	697
753	697
760	697
772	697
777	697
780	697
781	697
827	697
842	697
848	697
849	697
719	698
753	698
772	698
798	698
858	698
866	698
867	698
870	698
871	698
872	698
873	698
874	698
877	698
879	698
881	698
885	698
887	698
895	698
699	833
833	699
784	700
794	700
795	700
724	701
726	701
760	701
777	701
780	701
781	701
794	701
821	701
842	701
845	701
732	702
789	702
719	703
728	703
741	703
781	703
787	703
827	703
845	703
704	770
704	777
777	704
704	799
799	704
704	848
848	704
719	705
720	705
722	705
724	705
726	705
728	705
731	705
737	705
738	705
741	705
755	705
760	705
762	705
763	705
772	705
780	705
781	705
784	705
787	705
799	705
808	705
814	705
827	705
829	705
842	705
845	705
847	705
849	705
853	705
719	706
731	706
784	706
847	706
853	706
707	712
712	707
707	714
707	736
736	707
707	742
742	707
707	746
746	707
707	767
767	707
707	768
768	707
707	816
816	707
707	833
833	707
719	708
724	708
753	708
755	708
760	708
781	708
814	708
827	708
849	708
777	709
848	709
711	710
847	710
853	710
711	722
722	711
711	724
724	711
711	727
727	711
711	738
738	711
711	745
711	752
711	766
711	784
784	711
711	795
795	711
711	810
711	828
711	829
829	711
711	842
842	711
711	847
847	711
711	853
853	711
712	714
712	736
736	712
712	742
742	712
712	767
767	712
712	768
768	712
712	782
782	712
712	789
789	712
712	816
816	712
712	822
712	839
719	713
721	713
722	713
724	713
726	713
731	713
734	713
736	713
738	713
742	713
746	713
751	713
760	713
762	713
772	713
777	713
780	713
781	713
782	713
784	713
787	713
794	713
813	713
814	713
816	713
827	713
829	713
833	713
842	713
845	713
847	713
848	713
850	713
853	713
732	714
767	714
771	714
789	714
806	714
738	715
781	715
814	715
827	715
842	715
716	718
716	728
728	716
716	741
741	716
716	747
716	763
763	716
716	770
716	795
795	716
716	797
716	799
799	716
716	820
716	849
849	716
798	717
719	718
720	718
762	718
781	718
787	718
814	718
827	718
719	720
720	719
719	722
722	719
719	724
724	719
719	726
726	719
719	727
727	719
719	728
728	719
719	731
731	719
719	733
733	719
719	734
734	719
719	737
737	719
719	745
719	747
719	752
719	755
755	719
719	756
756	719
719	759
719	760
760	719
719	762
762	719
719	764
719	766
719	768
768	719
719	772
772	719
719	773
719	774
719	781
781	719
719	784
784	719
719	787
787	719
719	794
794	719
719	799
799	719
719	800
719	805
719	810
719	814
814	719
719	815
719	817
719	819
719	820
719	823
719	824
719	827
827	719
719	828
719	829
829	719
719	830
719	834
719	840
719	842
842	719
719	845
845	719
719	847
847	719
719	848
848	719
719	849
849	719
719	853
853	719
720	730
720	739
720	745
720	755
755	720
720	764
720	774
720	781
781	720
720	787
787	720
720	790
720	793
720	803
720	808
808	720
720	809
720	832
832	720
721	736
736	721
721	848
848	721
722	737
737	722
722	738
738	722
722	745
722	768
768	722
722	784
784	722
722	820
722	829
829	722
722	853
853	722
723	727
727	723
723	734
734	723
723	745
723	766
723	770
723	824
723	826
826	723
723	828
723	830
723	849
849	723
724	726
726	724
724	731
731	724
724	734
734	724
724	736
736	724
724	738
738	724
724	742
742	724
724	745
724	752
724	754
724	760
760	724
724	766
724	773
724	777
777	724
724	778
724	781
781	724
724	784
784	724
724	786
786	724
724	794
794	724
724	795
795	724
724	805
724	814
814	724
724	819
724	820
724	821
821	724
724	823
724	824
724	826
826	724
724	827
827	724
724	828
724	829
829	724
724	830
724	834
724	842
842	724
724	848
848	724
724	853
853	724
732	725
771	725
806	725
726	731
731	726
726	745
726	751
751	726
726	752
726	754
726	760
760	726
726	766
726	773
726	778
726	780
780	726
726	781
781	726
726	784
784	726
726	805
726	812
726	815
726	820
726	821
821	726
726	823
726	824
726	828
726	830
726	834
726	844
726	845
845	726
726	853
853	726
727	752
727	756
756	727
727	766
727	770
727	784
784	727
727	800
727	805
727	824
727	828
727	830
727	842
842	727
727	845
845	727
727	846
846	727
727	847
847	727
727	848
848	727
727	849
849	727
727	853
853	727
727	854
854	727
728	730
728	737
737	728
728	739
728	741
741	728
728	747
728	754
728	759
728	764
728	765
728	773
728	774
728	779
728	780
780	728
728	781
781	728
728	783
728	787
787	728
728	792
728	797
728	803
728	805
728	807
728	809
728	817
728	819
728	820
728	823
728	824
728	828
728	835
728	838
728	843
728	856
753	729
763	730
787	730
849	730
731	745
731	752
731	766
731	773
731	774
731	781
781	731
731	784
784	731
731	805
731	810
731	815
731	827
827	731
731	828
731	830
731	834
731	847
847	731
731	853
853	731
732	771
771	732
732	788
788	732
732	789
789	732
732	791
732	802
732	806
806	732
732	818
732	822
732	839
733	768
768	733
733	782
782	733
733	786
786	733
733	795
795	733
733	829
829	733
733	839
734	756
756	734
734	760
760	734
734	766
734	770
734	778
734	784
784	734
734	785
785	734
734	803
734	805
734	829
829	734
734	842
842	734
734	846
846	734
734	847
847	734
734	849
849	734
734	853
853	734
736	742
742	736
736	746
746	736
736	782
782	736
736	788
788	736
736	816
816	736
736	818
736	833
833	736
736	850
850	736
737	745
737	773
737	805
737	815
737	820
737	824
737	828
737	830
737	837
737	843
738	745
738	751
751	738
738	752
738	760
760	738
738	774
738	781
781	738
738	784
784	738
738	794
794	738
738	795
795	738
738	805
738	813
813	738
738	826
826	738
738	829
829	738
738	842
842	738
738	853
853	738
757	739
777	739
780	739
787	739
841	740
741	747
741	763
763	741
741	770
741	781
781	741
741	800
741	807
741	820
741	823
741	827
827	741
741	828
741	835
741	836
742	746
746	742
742	759
742	768
768	742
742	786
786	742
742	789
789	742
742	829
829	742
743	782
782	743
743	833
833	743
744	848
848	744
751	745
755	745
760	745
762	745
781	745
784	745
787	745
794	745
795	745
799	745
813	745
814	745
827	745
829	745
842	745
845	745
847	745
853	745
746	782
782	746
746	816
816	746
746	833
833	746
753	747
763	747
780	747
848	747
849	747
787	748
849	748
757	749
751	784
784	751
751	795
795	751
751	828
751	830
751	842
842	751
781	752
784	752
827	752
829	752
842	752
847	752
853	752
753	769
753	819
753	823
753	856
753	861
753	889
753	890
777	754
780	754
821	754
848	754
755	758
755	781
781	755
755	783
755	787
787	755
755	793
755	797
755	808
808	755
755	809
755	814
814	755
755	827
827	755
755	836
755	845
845	755
755	849
849	755
756	805
756	826
826	756
756	827
827	756
756	847
847	756
757	775
781	758
787	758
808	758
814	758
827	758
849	758
760	766
760	781
781	760
760	784
784	760
760	794
794	760
760	800
760	805
760	814
814	760
760	820
760	823
760	824
760	827
827	760
760	828
760	829
829	760
760	830
760	834
760	842
842	760
772	761
827	761
842	761
848	761
762	781
781	762
762	799
799	762
762	805
762	810
762	814
814	762
762	827
827	762
762	842
842	762
763	770
763	787
787	763
763	797
763	803
763	804
763	820
763	836
763	849
849	763
781	764
787	764
827	764
780	765
771	766
780	766
784	766
826	766
827	766
847	766
849	766
853	766
767	768
768	767
767	796
767	822
767	839
768	786
786	768
768	789
789	768
768	816
816	768
768	822
768	833
833	768
768	839
798	769
772	770
777	770
781	770
799	770
845	770
849	770
771	789
789	771
771	791
771	802
771	806
806	771
771	818
771	839
771	850
850	771
772	781
781	772
772	800
772	805
772	814
814	772
772	827
827	772
772	828
772	845
845	772
772	856
780	773
781	773
784	773
821	773
827	773
829	773
842	773
847	773
853	773
784	774
853	774
867	776
872	776
873	776
874	776
877	776
885	776
887	776
777	779
777	780
780	777
777	824
777	829
829	777
777	830
780	779
780	792
780	803
780	805
780	815
780	819
780	823
780	824
780	828
780	830
780	834
780	835
780	838
780	840
780	845
845	780
781	783
781	784
784	781
781	787
787	781
781	793
781	794
794	781
781	800
781	805
781	809
781	810
781	814
814	781
781	815
781	817
781	823
781	824
781	827
827	781
781	828
781	829
829	781
781	830
781	834
781	836
781	842
842	781
781	849
849	781
781	853
853	781
782	786
786	782
782	804
782	813
813	782
782	829
829	782
782	833
833	782
787	783
827	783
849	783
784	794
794	784
784	795
795	784
784	800
784	810
784	813
813	784
784	824
784	826
826	784
784	827
827	784
784	828
784	829
829	784
784	834
784	842
842	784
784	853
853	784
784	854
854	784
785	846
846	785
786	813
813	786
786	829
829	786
786	833
833	786
787	793
787	797
787	803
787	808
808	787
787	809
787	814
814	787
787	817
787	823
787	827
827	787
787	836
787	849
849	787
788	806
806	788
789	806
806	789
789	818
789	833
833	789
789	839
832	790
806	791
850	792
808	793
849	793
850	793
794	795
795	794
794	842
842	794
795	813
813	795
795	820
795	829
829	795
795	842
842	795
795	853
853	795
806	796
829	796
808	797
827	797
849	797
798	852
798	855
799	813
813	799
799	814
814	799
799	835
799	845
845	799
814	800
827	800
842	800
845	800
853	800
806	802
832	803
849	804
814	805
827	805
829	805
842	805
847	805
853	805
806	818
806	822
806	833
833	806
806	839
806	850
850	806
808	809
827	809
814	810
827	810
842	810
847	810
853	810
813	833
833	813
814	827
827	814
814	828
814	829
829	814
814	834
814	842
842	814
814	853
853	814
845	815
847	815
853	815
816	833
833	816
816	850
850	816
827	817
850	817
827	819
848	819
845	820
848	820
849	820
853	820
821	836
829	822
850	822
827	823
848	823
853	823
826	824
827	824
829	824
842	824
847	824
848	824
849	824
853	824
826	828
826	830
826	842
842	826
827	828
827	830
827	834
827	842
842	827
827	849
849	827
827	853
853	827
829	828
842	828
845	828
846	828
847	828
848	828
849	828
853	828
829	834
829	842
842	829
829	847
847	829
829	853
853	829
845	830
846	830
847	830
849	830
853	830
853	831
842	834
847	834
853	834
853	836
848	840
842	853
853	842
848	844
845	849
849	845
847	853
853	847
871	857
3586	857
858	870
870	858
858	871
871	858
858	881
881	858
858	895
895	858
885	859
3586	862
3633	862
866	879
879	866
866	881
881	866
866	894
866	895
895	866
867	872
872	867
867	873
873	867
867	874
874	867
867	877
877	867
867	885
885	867
867	887
887	867
870	871
871	870
870	879
879	870
870	881
881	870
870	894
870	895
895	870
871	879
879	871
871	881
881	871
871	895
895	871
872	873
873	872
872	874
874	872
872	885
885	872
872	887
887	872
873	874
874	873
873	885
885	873
874	885
885	874
874	887
887	874
877	885
885	877
879	881
881	879
879	894
881	895
895	881
885	887
887	885
3005	990
1171	995
1171	1029
1171	1053
1171	1058
1171	1074
1171	1077
3633	1085
1171	1151
1171	1173
1171	1182
1171	1297
1171	1387
1171	1450
1171	1465
1171	1486
1171	1534
1171	1642
1171	1684
1171	1883
1171	1908
1171	2677
1171	2826
1171	3290
2869	1405
3406	1405
2976	1450
3179	1450
2065	1465
2169	1465
2512	1465
2530	1465
2976	1505
3005	1505
3079	1505
3386	1505
3101	1534
3265	1534
1913	1577
2010	1577
2137	1577
2169	1577
2215	1577
2295	1577
2355	1577
2389	1577
2413	1577
2445	1577
2502	1577
2512	1577
2529	1577
2605	1577
3201	1642
3355	1642
2869	1666
3111	1666
2661	1684
2672	1684
2674	1684
2684	1684
2687	1684
2701	1684
2708	1684
2716	1684
2719	1684
2720	1684
2733	1684
2742	1684
2748	1684
2753	1684
2765	1684
2770	1684
2778	1684
2783	1684
2785	1684
2793	1684
2796	1684
2797	1684
2828	1684
2833	1684
2840	1684
2846	1684
2849	1684
2863	1684
2869	1684
2875	1684
2881	1684
2886	1684
2894	1684
2901	1684
2904	1684
2936	1684
2937	1684
2939	1684
2949	1684
2965	1684
2970	1684
2973	1684
2976	1684
2989	1684
2991	1684
2992	1684
3005	1684
3013	1684
3016	1684
3017	1684
3021	1684
3035	1684
3038	1684
3039	1684
3041	1684
3046	1684
3049	1684
3051	1684
3058	1684
3060	1684
3066	1684
3070	1684
3076	1684
3079	1684
3082	1684
3083	1684
3089	1684
3101	1684
3102	1684
3106	1684
3109	1684
3111	1684
3112	1684
3113	1684
3115	1684
3116	1684
3120	1684
3126	1684
3128	1684
3132	1684
3145	1684
3146	1684
3148	1684
3150	1684
3152	1684
3169	1684
3170	1684
3172	1684
3175	1684
3179	1684
3182	1684
3185	1684
3188	1684
3192	1684
3194	1684
3197	1684
3198	1684
3201	1684
3204	1684
3206	1684
3209	1684
3212	1684
3224	1684
3225	1684
3239	1684
3240	1684
3247	1684
3252	1684
3254	1684
3260	1684
3261	1684
3262	1684
3265	1684
3267	1684
3272	1684
3274	1684
3277	1684
3280	1684
3281	1684
3287	1684
3288	1684
3291	1684
3296	1684
3297	1684
3298	1684
3299	1684
3306	1684
3310	1684
3313	1684
3316	1684
3320	1684
3321	1684
3322	1684
3332	1684
3336	1684
3344	1684
3345	1684
3347	1684
3350	1684
3351	1684
3352	1684
3353	1684
3355	1684
3357	1684
3360	1684
3367	1684
3377	1684
3378	1684
3381	1684
3386	1684
3391	1684
3396	1684
3397	1684
3403	1684
3406	1684
3411	1684
3416	1684
3419	1684
3422	1684
3434	1684
2010	1718
2169	1718
2512	1718
2529	1718
3179	1726
1913	1912
1915	1912
1943	1912
1952	1912
1956	1912
1957	1912
1958	1912
1972	1912
1973	1912
1974	1912
1977	1912
1980	1912
1987	1912
2010	1912
2036	1912
2051	1912
2057	1912
2061	1912
2065	1912
2066	1912
2067	1912
2082	1912
2098	1912
2099	1912
2100	1912
2106	1912
2113	1912
2121	1912
2129	1912
2130	1912
2137	1912
2169	1912
2177	1912
2208	1912
2214	1912
2215	1912
2218	1912
2225	1912
2227	1912
2230	1912
2249	1912
2251	1912
2252	1912
2256	1912
2263	1912
2265	1912
2270	1912
2288	1912
2291	1912
2295	1912
2312	1912
2345	1912
2348	1912
2349	1912
2355	1912
2358	1912
2365	1912
2371	1912
2389	1912
2395	1912
2400	1912
2402	1912
2413	1912
2422	1912
2426	1912
2431	1912
2441	1912
2445	1912
2448	1912
2449	1912
2450	1912
2453	1912
2454	1912
2488	1912
2497	1912
2502	1912
2505	1912
2506	1912
2512	1912
2513	1912
2514	1912
2517	1912
2518	1912
2524	1912
2528	1912
2529	1912
2530	1912
2534	1912
2560	1912
2561	1912
2568	1912
2573	1912
2605	1912
2614	1912
2628	1912
2632	1912
2651	1912
1913	2116
1913	2127
1913	2203
1913	2250
1913	2312
2312	1913
1913	2319
1913	2355
2355	1913
1913	2384
1913	2389
2389	1913
1913	2400
2400	1913
1913	2413
2413	1913
1913	2502
2502	1913
1913	2529
2529	1913
1913	2530
2530	1913
1913	2531
1913	2582
1913	2616
1972	1914
1973	1914
1980	1914
2061	1914
2225	1914
2365	1914
1915	1922
1915	2107
1915	2114
1915	2146
1915	2156
1915	2251
2251	1915
1915	2341
1915	2412
1915	2455
1915	2587
1952	1916
2010	1916
2169	1916
2512	1916
2518	1916
1943	1917
2098	1917
2121	1917
2218	1917
2395	1917
2560	1917
2561	1917
2573	1917
1943	1918
2098	1918
2121	1918
2218	1918
2348	1918
2506	1918
2560	1918
2561	1918
2573	1918
1958	1919
1972	1919
1973	1919
1980	1919
2061	1919
2225	1919
2365	1919
1987	1920
2010	1920
2137	1920
2215	1920
2502	1920
2512	1920
1973	1921
1980	1921
2061	1921
2365	1921
2129	1922
2270	1923
2518	1923
2098	1925
2218	1925
2348	1925
2395	1925
2506	1925
2560	1925
2561	1925
2573	1925
2036	1926
2082	1926
2169	1926
2214	1926
2291	1926
2345	1926
1957	1927
1958	1927
1972	1927
1973	1927
1980	1927
2061	1927
2225	1927
2365	1927
1972	1928
1973	1928
1943	1929
2121	1929
2218	1929
2395	1929
2560	1929
2561	1929
2573	1929
2129	1930
1957	1931
1972	1931
1973	1931
1980	1931
2061	1931
2225	1931
2010	1932
2445	1932
2512	1932
2129	1933
2488	1933
2497	1933
1957	1935
1958	1935
1972	1935
1973	1935
1980	1935
2061	1935
2225	1935
2365	1935
2389	1935
2497	1936
2534	1936
1943	1938
2098	1938
2121	1938
2218	1938
2348	1938
2395	1938
2449	1938
2560	1938
2561	1938
2573	1938
2518	1939
2010	1940
2169	1940
2295	1940
2502	1940
2057	1941
2065	1941
2099	1941
2121	1941
2137	1941
2169	1941
2208	1941
2215	1941
2348	1941
2355	1941
2395	1941
2518	1941
2530	1941
2560	1941
2561	1941
2573	1941
2067	1942
2218	1942
2449	1942
1943	1946
1943	1953
1943	1962
1943	1963
1943	1966
1943	1971
1943	1979
1943	1983
1943	1984
1943	1985
1943	1986
1943	1993
1943	1997
1943	2005
1943	2020
1943	2030
1943	2033
1943	2037
1943	2040
1943	2043
1943	2045
1943	2046
1943	2055
1943	2058
1943	2059
1943	2060
1943	2063
1943	2064
1943	2069
1943	2073
1943	2074
1943	2077
1943	2078
1943	2083
1943	2084
1943	2088
1943	2090
1943	2092
1943	2093
1943	2095
1943	2098
2098	1943
1943	2103
1943	2104
1943	2108
1943	2109
1943	2112
1943	2115
1943	2118
1943	2121
2121	1943
1943	2122
1943	2123
1943	2124
1943	2131
1943	2136
1943	2139
1943	2140
1943	2142
1943	2147
1943	2150
1943	2154
1943	2165
1943	2172
1943	2179
1943	2184
1943	2188
1943	2190
1943	2200
1943	2201
1943	2206
1943	2212
1943	2213
1943	2216
1943	2218
2218	1943
1943	2220
1943	2229
1943	2233
1943	2237
1943	2240
1943	2244
1943	2253
1943	2257
1943	2266
1943	2271
1943	2275
1943	2276
1943	2278
1943	2290
1943	2300
1943	2303
1943	2306
1943	2307
1943	2308
1943	2309
1943	2323
1943	2324
1943	2326
1943	2329
1943	2331
1943	2334
1943	2339
1943	2340
1943	2347
1943	2348
2348	1943
1943	2350
1943	2352
1943	2353
1943	2354
1943	2356
1943	2359
1943	2363
1943	2369
1943	2370
1943	2374
1943	2376
1943	2381
1943	2386
1943	2391
1943	2392
1943	2395
2395	1943
1943	2404
1943	2408
1943	2409
1943	2410
1943	2414
1943	2423
1943	2428
1943	2430
1943	2433
1943	2446
1943	2460
1943	2462
1943	2464
1943	2467
1943	2469
1943	2477
1943	2478
1943	2482
1943	2484
1943	2485
1943	2489
1943	2492
1943	2495
1943	2500
1943	2504
1943	2506
2506	1943
1943	2507
1943	2520
1943	2521
1943	2526
1943	2542
1943	2543
1943	2546
1943	2549
1943	2550
1943	2551
1943	2552
1943	2553
1943	2556
1943	2559
1943	2560
2560	1943
1943	2561
2561	1943
1943	2564
1943	2573
2573	1943
1943	2575
1943	2576
1943	2578
1943	2579
1943	2586
1943	2590
1943	2593
1943	2600
1943	2601
1943	2602
1943	2604
1943	2606
1943	2607
1943	2611
1943	2615
1943	2619
1943	2624
1943	2625
1943	2630
1943	2631
1943	2638
1943	2646
1943	2654
1943	2655
2270	1944
2010	1945
2169	1945
2345	1945
2445	1945
2512	1945
2518	1945
2098	1946
2121	1946
2218	1946
2348	1946
2395	1946
2506	1946
2560	1946
2561	1946
2573	1946
2010	1947
2169	1947
2355	1947
2512	1947
2518	1947
2010	1948
2169	1948
2295	1948
2524	1948
1957	1950
1980	1950
2061	1950
1957	1951
1958	1951
1972	1951
1973	1951
1980	1951
2061	1951
2225	1951
1952	1970
1952	2003
1952	2062
1952	2084
1952	2110
1952	2111
1952	2221
1952	2222
1952	2226
1952	2296
1952	2368
1952	2384
1952	2416
1952	2438
1952	2458
2121	1953
2218	1953
2395	1953
2560	1953
2573	1953
1972	1954
1973	1954
2010	1954
2169	1954
2365	1954
2169	1955
2345	1955
2445	1955
1956	2245
1956	2281
1956	2301
1956	2481
1956	2487
1956	2570
1956	2634
1957	1968
1957	1972
1972	1957
1957	1973
1973	1957
1957	1980
1980	1957
1957	1991
1957	1995
1957	1998
1957	2001
1957	2006
1957	2018
1957	2025
1957	2061
2061	1957
1957	2097
1957	2116
1957	2159
1957	2171
1957	2202
1957	2225
2225	1957
1957	2284
1957	2364
1957	2365
2365	1957
1957	2378
1957	2435
1957	2585
1957	2620
1957	2626
1957	2627
1957	2633
1957	2636
1957	2640
1957	2648
1957	2657
1957	2659
1958	1980
1980	1958
1958	1998
1958	2000
1958	2006
1958	2022
1958	2024
1958	2027
1958	2050
1958	2061
2061	1958
1958	2097
1958	2116
1958	2159
1958	2171
1958	2284
1958	2297
1958	2337
1958	2364
1958	2365
2365	1958
1958	2494
1958	2538
1958	2583
1958	2585
1958	2620
1958	2626
1958	2639
1958	2640
1958	2645
1958	2647
1958	2659
1987	1959
2057	1959
2169	1959
2215	1959
2445	1959
2129	1960
2371	1960
2448	1960
2488	1960
2628	1960
2098	1962
2121	1962
2218	1962
2395	1962
2506	1962
2560	1962
2561	1962
2573	1962
2098	1963
2121	1963
2218	1963
2395	1963
2506	1963
2560	1963
2573	1963
1974	1964
1977	1964
2036	1964
2066	1964
2214	1964
2256	1964
2265	1964
2288	1964
2291	1964
2345	1964
2371	1964
2448	1964
2453	1964
2488	1964
2505	1964
2514	1964
2517	1964
2651	1964
2121	1966
2218	1966
2348	1966
2449	1966
2454	1966
2506	1966
2560	1966
2561	1966
2573	1966
1973	1968
1980	1968
2365	1968
2389	1968
2389	1970
2605	1970
2098	1971
2121	1971
2218	1971
2348	1971
2395	1971
2506	1971
2560	1971
2561	1971
2573	1971
1972	1973
1973	1972
1972	1976
1972	1991
1972	1995
1972	1998
1972	2000
1972	2001
1972	2004
1972	2006
1972	2009
1972	2011
1972	2012
1972	2013
1972	2018
1972	2022
1972	2024
1972	2025
1972	2027
1972	2061
2061	1972
1972	2097
1972	2116
1972	2128
1972	2143
1972	2159
1972	2171
1972	2192
1972	2202
1972	2225
2225	1972
1972	2268
1972	2284
1972	2297
1972	2302
1972	2337
1972	2364
1972	2378
1972	2389
2389	1972
1972	2435
1972	2447
1972	2459
1972	2472
1972	2494
1972	2531
1972	2538
1972	2583
1972	2585
1972	2620
1972	2627
1972	2629
1972	2633
1972	2636
1972	2639
1972	2640
1972	2645
1972	2647
1972	2648
1972	2657
1972	2658
1972	2659
1972	2660
1973	1976
1973	1980
1980	1973
1973	1995
1973	1999
1973	2001
1973	2004
1973	2006
1973	2009
1973	2011
1973	2016
1973	2018
1973	2022
1973	2024
1973	2050
1973	2061
2061	1973
1973	2097
1973	2116
1973	2127
1973	2143
1973	2159
1973	2171
1973	2192
1973	2202
1973	2225
2225	1973
1973	2268
1973	2284
1973	2297
1973	2319
1973	2337
1973	2346
1973	2364
1973	2365
2365	1973
1973	2378
1973	2384
1973	2435
1973	2459
1973	2494
1973	2538
1973	2583
1973	2616
1973	2620
1973	2626
1973	2627
1973	2633
1973	2636
1973	2640
1973	2647
1973	2648
1973	2657
1973	2659
1973	2660
1974	2214
2214	1974
1974	2368
1974	2453
2453	1974
1974	2505
2505	1974
1974	2651
2651	1974
2488	1975
2534	1975
2099	1976
2365	1976
1977	2036
2036	1977
1977	2211
1977	2214
2214	1977
1977	2256
2256	1977
1977	2265
2265	1977
1977	2291
2291	1977
1977	2566
2497	1978
2534	1978
2098	1979
2121	1979
2218	1979
2395	1979
2506	1979
2560	1979
2573	1979
1980	1991
1980	1995
1980	1998
1980	1999
1980	2001
1980	2006
1980	2009
1980	2011
1980	2012
1980	2014
1980	2018
1980	2022
1980	2024
1980	2025
1980	2027
1980	2050
1980	2061
2061	1980
1980	2097
1980	2116
1980	2143
1980	2159
1980	2171
1980	2202
1980	2284
1980	2297
1980	2337
1980	2346
1980	2364
1980	2365
2365	1980
1980	2378
1980	2435
1980	2538
1980	2583
1980	2585
1980	2620
1980	2626
1980	2633
1980	2636
1980	2640
1980	2645
1980	2647
1980	2648
1980	2657
1980	2659
2345	1982
2349	1982
2512	1982
2513	1982
2560	1982
2121	1983
2218	1983
2288	1983
2348	1983
2395	1983
2454	1983
2506	1983
2512	1983
2560	1983
2561	1983
2573	1983
2098	1984
2121	1984
2218	1984
2348	1984
2395	1984
2506	1984
2560	1984
2561	1984
2573	1984
2065	1985
2121	1985
2137	1985
2208	1985
2215	1985
2218	1985
2348	1985
2395	1985
2449	1985
2506	1985
2512	1985
2524	1985
2530	1985
2560	1985
2561	1985
2573	1985
2121	1986
2218	1986
2348	1986
2395	1986
2449	1986
2506	1986
2560	1986
1987	2038
1987	2039
1987	2042
1987	2047
1987	2057
2057	1987
1987	2087
1987	2111
1987	2133
1987	2134
1987	2138
1987	2169
2169	1987
1987	2174
1987	2191
1987	2194
1987	2199
1987	2215
2215	1987
1987	2223
1987	2232
1987	2254
1987	2268
1987	2273
1987	2278
1987	2289
1987	2305
1987	2332
1987	2344
1987	2372
1987	2385
1987	2417
1987	2419
1987	2445
2445	1987
1987	2510
1987	2581
2349	1988
2426	1988
2513	1988
2218	1989
2573	1989
2497	1990
2534	1990
2061	1991
2225	1991
2365	1991
2349	1992
2426	1992
2513	1992
2098	1993
2121	1993
2218	1993
2348	1993
2395	1993
2506	1993
2560	1993
2561	1993
2573	1993
2512	1994
2061	1995
2225	1995
2365	1995
2218	1997
2348	1997
2506	1997
2560	1997
2561	1997
2225	1998
2365	1998
2365	1999
2365	2000
2061	2001
2225	2001
2365	2001
2010	2002
2137	2002
2169	2002
2512	2002
2518	2002
2605	2002
2453	2003
2365	2004
2098	2005
2218	2005
2348	2005
2395	2005
2506	2005
2560	2005
2061	2006
2225	2006
2365	2006
2010	2007
2067	2007
2137	2007
2169	2007
2218	2007
2249	2007
2345	2007
2445	2007
2449	2007
2512	2007
2560	2007
2365	2009
2010	2028
2010	2032
2010	2039
2010	2047
2010	2052
2010	2054
2010	2068
2010	2071
2010	2081
2010	2087
2010	2102
2010	2111
2010	2125
2010	2133
2010	2143
2010	2149
2010	2151
2010	2153
2010	2155
2010	2169
2169	2010
2010	2174
2010	2176
2010	2183
2010	2187
2010	2194
2010	2196
2010	2199
2010	2203
2010	2224
2010	2241
2010	2246
2010	2247
2010	2250
2010	2254
2010	2267
2010	2273
2010	2282
2010	2283
2010	2289
2010	2292
2010	2294
2010	2325
2010	2328
2010	2333
2010	2336
2010	2343
2010	2344
2010	2347
2010	2351
2010	2377
2010	2384
2010	2399
2010	2419
2010	2461
2010	2463
2010	2471
2010	2475
2010	2498
2010	2509
2010	2512
2512	2010
2010	2516
2010	2555
2010	2567
2010	2582
2010	2588
2010	2592
2010	2598
2010	2616
2010	2629
2010	2642
2010	2649
2061	2011
2225	2011
2365	2012
2061	2014
2225	2014
2225	2016
2365	2018
2067	2019
2449	2019
2098	2020
2121	2020
2218	2020
2348	2020
2395	2020
2506	2020
2560	2020
2561	2020
2573	2020
2348	2021
2560	2021
2225	2022
2365	2022
2129	2023
2371	2023
2488	2023
2628	2023
2365	2024
2061	2025
2225	2025
2365	2025
2365	2027
2295	2028
2502	2028
2512	2028
2605	2028
2605	2029
2098	2030
2121	2030
2218	2030
2348	2030
2395	2030
2506	2030
2560	2030
2561	2030
2573	2030
2036	2031
2066	2031
2214	2031
2270	2031
2291	2031
2514	2031
2517	2031
2169	2032
2445	2032
2512	2032
2518	2032
2098	2033
2121	2033
2218	2033
2348	2033
2395	2033
2506	2033
2560	2033
2561	2033
2573	2033
2082	2035
2129	2035
2371	2035
2402	2035
2448	2035
2488	2035
2614	2035
2628	2035
2036	2047
2036	2133
2036	2211
2036	2214
2214	2036
2036	2265
2265	2036
2036	2288
2288	2036
2036	2289
2036	2291
2291	2036
2036	2318
2036	2345
2345	2036
2036	2366
2036	2406
2036	2453
2453	2036
2036	2566
2036	2610
2036	2612
2067	2037
2098	2037
2121	2037
2218	2037
2395	2037
2506	2037
2560	2037
2561	2037
2573	2037
2169	2038
2215	2038
2345	2038
2445	2038
2512	2038
2057	2039
2169	2039
2215	2039
2445	2039
2512	2039
2065	2040
2098	2040
2121	2040
2208	2040
2218	2040
2348	2040
2395	2040
2506	2040
2560	2040
2561	2040
2573	2040
2057	2042
2137	2042
2169	2042
2215	2042
2445	2042
2502	2042
2098	2043
2121	2043
2218	2043
2395	2043
2506	2043
2560	2043
2561	2043
2573	2043
2288	2044
2449	2044
2454	2044
2512	2044
2098	2045
2121	2045
2218	2045
2348	2045
2395	2045
2506	2045
2560	2045
2561	2045
2573	2045
2098	2046
2218	2046
2395	2046
2506	2046
2560	2046
2573	2046
2057	2047
2065	2047
2066	2047
2137	2047
2169	2047
2208	2047
2214	2047
2215	2047
2345	2047
2371	2047
2445	2047
2453	2047
2497	2047
2512	2047
2530	2047
2534	2047
2082	2049
2371	2049
2448	2049
2488	2049
2497	2049
2534	2049
2628	2049
2365	2050
2051	2113
2113	2051
2051	2126
2051	2313
2051	2342
2051	2450
2450	2051
2051	2558
2051	2614
2614	2051
2051	2632
2632	2051
2099	2052
2169	2052
2057	2053
2215	2053
2169	2054
2249	2054
2445	2054
2512	2054
2518	2054
2568	2054
2218	2055
2506	2055
2560	2055
2067	2056
2098	2056
2218	2056
2395	2056
2506	2056
2573	2056
2057	2065
2065	2057
2057	2068
2057	2081
2057	2087
2057	2102
2057	2111
2057	2134
2057	2138
2057	2149
2057	2199
2057	2208
2208	2057
2057	2210
2057	2215
2215	2057
2057	2223
2057	2254
2057	2268
2057	2292
2057	2302
2057	2305
2057	2332
2057	2333
2057	2336
2057	2372
2057	2384
2057	2385
2057	2445
2445	2057
2057	2491
2057	2508
2057	2511
2057	2530
2530	2057
2057	2572
2057	2575
2057	2592
2057	2608
2121	2058
2218	2058
2395	2058
2454	2058
2573	2058
2098	2059
2121	2059
2218	2059
2348	2059
2395	2059
2506	2059
2560	2059
2561	2059
2573	2059
2121	2060
2218	2060
2348	2060
2395	2060
2506	2060
2560	2060
2061	2097
2061	2116
2061	2143
2061	2159
2061	2171
2061	2202
2061	2225
2225	2061
2061	2284
2061	2297
2061	2346
2061	2364
2061	2538
2061	2583
2061	2585
2061	2620
2061	2626
2061	2627
2061	2633
2061	2636
2061	2640
2061	2645
2061	2647
2061	2648
2061	2657
2061	2658
2061	2659
2061	2660
2121	2062
2137	2062
2098	2063
2218	2063
2560	2063
2573	2063
2121	2064
2218	2064
2348	2064
2395	2064
2506	2064
2560	2064
2561	2064
2573	2064
2065	2081
2065	2087
2065	2154
2065	2183
2065	2208
2208	2065
2065	2215
2215	2065
2065	2292
2065	2302
2065	2324
2065	2333
2065	2384
2065	2385
2065	2462
2065	2530
2530	2065
2065	2536
2065	2560
2560	2065
2065	2567
2065	2592
2065	2608
2066	2133
2066	2211
2066	2514
2514	2066
2066	2517
2517	2066
2066	2642
2067	2084
2067	2092
2067	2147
2067	2154
2067	2189
2067	2200
2067	2234
2067	2262
2067	2300
2067	2303
2067	2334
2067	2387
2067	2391
2067	2393
2067	2428
2067	2429
2067	2430
2067	2449
2449	2067
2067	2476
2067	2478
2067	2489
2067	2507
2067	2526
2067	2576
2067	2584
2067	2602
2067	2646
2169	2068
2215	2068
2249	2068
2345	2068
2445	2068
2512	2068
2098	2069
2121	2069
2218	2069
2348	2069
2395	2069
2524	2069
2560	2069
2561	2069
2573	2069
2129	2070
2488	2070
2137	2071
2512	2071
2137	2072
2169	2072
2445	2072
2518	2072
2568	2072
2098	2073
2121	2073
2218	2073
2348	2073
2395	2073
2506	2073
2524	2073
2560	2073
2561	2073
2573	2073
2098	2074
2218	2074
2348	2074
2395	2074
2560	2074
2573	2074
2349	2076
2426	2076
2513	2076
2121	2077
2218	2077
2348	2077
2395	2077
2560	2077
2561	2077
2098	2078
2121	2078
2137	2078
2218	2078
2348	2078
2395	2078
2506	2078
2560	2078
2561	2078
2573	2078
2614	2080
2137	2081
2177	2081
2215	2081
2252	2081
2445	2081
2530	2081
2082	2089
2082	2120
2082	2152
2082	2228
2082	2371
2371	2082
2082	2397
2082	2402
2402	2082
2082	2412
2082	2440
2082	2448
2448	2082
2082	2488
2488	2082
2082	2540
2082	2570
2082	2644
2218	2083
2348	2083
2395	2083
2506	2083
2560	2083
2561	2083
2573	2083
2098	2084
2218	2084
2288	2084
2348	2084
2395	2084
2449	2084
2454	2084
2506	2084
2512	2084
2560	2084
2561	2084
2573	2084
2265	2085
2218	2086
2348	2086
2395	2086
2560	2086
2169	2087
2208	2087
2215	2087
2249	2087
2445	2087
2512	2087
2530	2087
2098	2088
2121	2088
2218	2088
2348	2088
2395	2088
2506	2088
2560	2088
2561	2088
2573	2088
2371	2089
2402	2089
2448	2089
2488	2089
2614	2089
2628	2089
2121	2090
2218	2090
2348	2090
2395	2090
2506	2090
2560	2090
2561	2090
2573	2090
2099	2091
2129	2091
2130	2091
2371	2091
2448	2091
2488	2091
2288	2092
2449	2092
2121	2093
2218	2093
2348	2093
2395	2093
2560	2093
2561	2093
2121	2095
2218	2095
2395	2095
2560	2095
2518	2096
2568	2096
2225	2097
2098	2104
2098	2109
2098	2115
2098	2118
2098	2122
2098	2123
2098	2131
2098	2140
2098	2142
2098	2150
2098	2164
2098	2172
2098	2184
2098	2188
2098	2190
2098	2201
2098	2206
2098	2210
2098	2213
2098	2218
2218	2098
2098	2220
2098	2229
2098	2233
2098	2244
2098	2257
2098	2266
2098	2271
2098	2278
2098	2290
2098	2299
2098	2300
2098	2308
2098	2323
2098	2324
2098	2331
2098	2339
2098	2340
2098	2347
2098	2348
2348	2098
2098	2352
2098	2359
2098	2369
2098	2376
2098	2395
2395	2098
2098	2404
2098	2410
2098	2423
2098	2428
2098	2460
2098	2462
2098	2464
2098	2468
2098	2492
2098	2499
2098	2500
2098	2506
2506	2098
2098	2507
2098	2520
2098	2542
2098	2543
2098	2549
2098	2550
2098	2551
2098	2553
2098	2556
2098	2560
2560	2098
2098	2561
2561	2098
2098	2573
2573	2098
2098	2574
2098	2575
2098	2578
2098	2579
2098	2586
2098	2590
2098	2591
2098	2600
2098	2601
2098	2602
2098	2604
2098	2611
2098	2615
2098	2624
2098	2625
2098	2630
2098	2631
2098	2638
2099	2126
2099	2197
2099	2199
2099	2230
2230	2099
2099	2247
2099	2283
2099	2313
2099	2358
2358	2099
2099	2461
2099	2510
2099	2555
2100	2113
2113	2100
2100	2217
2100	2313
2100	2450
2450	2100
2100	2558
2345	2101
2568	2101
2169	2102
2215	2102
2400	2102
2413	2102
2529	2102
2121	2103
2218	2103
2348	2103
2395	2103
2449	2103
2524	2103
2560	2103
2561	2103
2573	2103
2121	2104
2218	2104
2348	2104
2395	2104
2506	2104
2560	2104
2561	2104
2573	2104
2106	2168
2106	2421
2106	2437
2227	2107
2488	2107
2497	2107
2628	2107
2121	2108
2218	2108
2348	2108
2395	2108
2506	2108
2560	2108
2561	2108
2573	2108
2121	2109
2348	2109
2395	2109
2506	2109
2560	2109
2561	2109
2573	2109
2169	2111
2215	2111
2249	2111
2295	2111
2445	2111
2502	2111
2512	2111
2121	2112
2218	2112
2348	2112
2506	2112
2560	2112
2561	2112
2573	2112
2113	2217
2113	2313
2113	2439
2113	2450
2450	2113
2113	2548
2113	2558
2113	2614
2614	2113
2218	2115
2348	2115
2395	2115
2560	2115
2561	2115
2225	2116
2312	2116
2355	2116
2365	2116
2389	2116
2413	2116
2529	2116
2137	2117
2169	2117
2215	2117
2345	2117
2530	2117
2628	2117
2121	2118
2218	2118
2348	2118
2395	2118
2560	2118
2561	2118
2573	2118
2129	2119
2371	2119
2488	2119
2129	2120
2448	2120
2628	2120
2121	2122
2121	2123
2121	2124
2121	2131
2121	2139
2121	2140
2121	2142
2121	2150
2121	2172
2121	2184
2121	2188
2121	2190
2121	2201
2121	2206
2121	2212
2121	2218
2218	2121
2121	2220
2121	2229
2121	2233
2121	2237
2121	2240
2121	2244
2121	2253
2121	2257
2121	2266
2121	2271
2121	2275
2121	2276
2121	2278
2121	2290
2121	2299
2121	2306
2121	2307
2121	2308
2121	2309
2121	2323
2121	2324
2121	2326
2121	2329
2121	2331
2121	2334
2121	2339
2121	2340
2121	2347
2121	2352
2121	2354
2121	2356
2121	2359
2121	2363
2121	2369
2121	2370
2121	2374
2121	2376
2121	2381
2121	2392
2121	2395
2395	2121
2121	2408
2121	2409
2121	2410
2121	2414
2121	2418
2121	2423
2121	2427
2121	2428
2121	2430
2121	2433
2121	2460
2121	2464
2121	2467
2121	2468
2121	2469
2121	2477
2121	2482
2121	2489
2121	2492
2121	2499
2121	2500
2121	2504
2121	2507
2121	2520
2121	2521
2121	2526
2121	2532
2121	2536
2121	2542
2121	2549
2121	2550
2121	2553
2121	2556
2121	2559
2121	2560
2560	2121
2121	2561
2561	2121
2121	2564
2121	2573
2573	2121
2121	2575
2121	2578
2121	2586
2121	2590
2121	2593
2121	2600
2121	2601
2121	2602
2121	2604
2121	2607
2121	2611
2121	2615
2121	2619
2121	2623
2121	2624
2121	2625
2121	2638
2121	2654
2121	2655
2218	2122
2348	2122
2560	2122
2218	2123
2348	2123
2395	2123
2506	2123
2560	2123
2561	2123
2573	2123
2218	2124
2395	2124
2560	2124
2561	2124
2573	2124
2169	2125
2295	2125
2502	2125
2512	2125
2518	2125
2605	2125
2129	2126
2371	2126
2448	2126
2488	2126
2628	2126
2312	2127
2355	2127
2389	2127
2400	2127
2445	2127
2512	2127
2529	2127
2355	2128
2400	2128
2502	2128
2512	2128
2529	2128
2129	2146
2129	2181
2129	2231
2129	2236
2129	2260
2129	2313
2129	2317
2129	2342
2129	2357
2129	2371
2371	2129
2129	2373
2129	2397
2129	2402
2402	2129
2129	2405
2129	2412
2129	2440
2129	2448
2448	2129
2129	2488
2488	2129
2129	2540
2129	2570
2129	2577
2129	2587
2129	2614
2614	2129
2129	2628
2628	2129
2129	2644
2129	2656
2130	2156
2130	2160
2130	2197
2130	2313
2130	2341
2130	2397
2130	2448
2448	2130
2130	2618
2130	2659
2218	2131
2348	2131
2395	2131
2449	2131
2506	2131
2560	2131
2561	2131
2573	2131
2169	2132
2512	2132
2518	2132
2169	2133
2214	2133
2256	2133
2291	2133
2445	2133
2512	2133
2514	2133
2517	2133
2169	2134
2215	2134
2137	2135
2502	2135
2512	2135
2137	2143
2137	2148
2137	2153
2137	2183
2137	2267
2137	2279
2137	2282
2137	2283
2137	2293
2137	2319
2137	2328
2137	2333
2137	2347
2137	2351
2137	2384
2137	2385
2137	2398
2137	2420
2137	2468
2137	2491
2137	2502
2502	2137
2137	2506
2506	2137
2137	2510
2137	2533
2137	2543
2137	2555
2137	2561
2561	2137
2137	2573
2573	2137
2137	2592
2137	2594
2137	2597
2137	2608
2137	2629
2169	2138
2215	2138
2445	2138
2512	2138
2218	2139
2348	2139
2395	2139
2560	2139
2561	2139
2218	2140
2395	2140
2506	2140
2560	2140
2561	2140
2573	2140
2270	2141
2218	2142
2348	2142
2395	2142
2449	2142
2454	2142
2506	2142
2512	2142
2518	2142
2560	2142
2561	2142
2573	2142
2169	2143
2365	2143
2512	2143
2445	2144
2502	2145
2371	2146
2488	2146
2218	2147
2288	2147
2295	2148
2530	2148
2169	2149
2215	2149
2445	2149
2512	2149
2529	2149
2218	2150
2348	2150
2395	2150
2560	2150
2561	2150
2573	2150
2169	2151
2512	2151
2169	2153
2215	2153
2218	2154
2395	2154
2573	2154
2270	2155
2251	2156
2225	2157
2365	2157
2488	2158
2225	2159
2365	2159
2251	2160
2371	2162
2395	2163
2502	2163
2348	2164
2560	2164
2561	2164
2218	2165
2449	2165
2524	2165
2560	2165
2573	2165
2371	2166
2169	2174
2169	2176
2169	2180
2169	2183
2169	2187
2169	2189
2169	2194
2169	2196
2169	2198
2169	2199
2169	2203
2169	2224
2169	2246
2169	2247
2169	2249
2249	2169
2169	2250
2169	2273
2169	2279
2169	2283
2169	2289
2169	2292
2169	2294
2169	2295
2295	2169
2169	2302
2169	2304
2169	2327
2169	2328
2169	2332
2169	2336
2169	2338
2169	2343
2169	2344
2169	2347
2169	2368
2169	2372
2169	2377
2169	2384
2169	2385
2169	2398
2169	2399
2169	2419
2169	2434
2169	2436
2169	2451
2169	2461
2169	2463
2169	2471
2169	2472
2169	2475
2169	2491
2169	2498
2169	2502
2502	2169
2169	2509
2169	2511
2169	2512
2512	2169
2169	2516
2169	2519
2169	2582
2169	2588
2169	2589
2169	2592
2169	2598
2169	2608
2169	2616
2169	2617
2169	2629
2169	2642
2169	2643
2169	2649
2349	2170
2426	2170
2513	2170
2225	2171
2365	2171
2218	2172
2348	2172
2395	2172
2506	2172
2560	2172
2561	2172
2573	2172
2251	2173
2497	2173
2534	2173
2249	2174
2445	2174
2512	2174
2453	2176
2512	2176
2177	2252
2252	2177
2177	2282
2177	2294
2177	2304
2177	2325
2177	2328
2177	2333
2177	2451
2177	2509
2218	2179
2215	2180
2371	2181
2497	2181
2215	2183
2345	2183
2518	2183
2529	2183
2218	2184
2348	2184
2395	2184
2449	2184
2560	2184
2561	2184
2573	2184
2518	2185
2295	2187
2445	2187
2502	2187
2512	2187
2218	2188
2348	2188
2395	2188
2506	2188
2560	2188
2573	2188
2288	2189
2395	2189
2449	2189
2512	2189
2218	2190
2348	2190
2395	2190
2506	2190
2560	2190
2573	2190
2225	2192
2365	2192
2497	2193
2215	2196
2371	2197
2502	2198
2518	2198
2215	2199
2252	2199
2345	2199
2512	2199
2518	2199
2530	2199
2218	2200
2348	2200
2395	2200
2506	2200
2560	2200
2573	2200
2218	2201
2348	2201
2395	2201
2506	2201
2560	2201
2561	2201
2573	2201
2225	2202
2365	2202
2389	2202
2312	2203
2355	2203
2389	2203
2400	2203
2413	2203
2445	2203
2512	2203
2529	2203
2218	2206
2348	2206
2395	2206
2506	2206
2560	2206
2561	2206
2573	2206
2349	2207
2426	2207
2513	2207
2208	2215
2215	2208
2208	2229
2208	2292
2208	2302
2208	2324
2208	2333
2208	2347
2208	2384
2208	2385
2208	2462
2208	2530
2530	2208
2208	2560
2560	2208
2208	2592
2208	2608
2270	2209
2215	2210
2218	2210
2348	2210
2395	2210
2560	2210
2561	2210
2573	2210
2214	2211
2291	2211
2345	2211
2218	2212
2395	2212
2560	2212
2561	2212
2573	2212
2218	2213
2506	2213
2560	2213
2561	2213
2214	2219
2214	2228
2214	2256
2256	2214
2214	2265
2265	2214
2214	2288
2288	2214
2214	2289
2214	2291
2291	2214
2214	2302
2214	2313
2214	2318
2214	2345
2345	2214
2214	2366
2214	2367
2214	2406
2214	2453
2453	2214
2214	2514
2514	2214
2214	2624
2215	2223
2215	2239
2215	2254
2215	2259
2215	2264
2215	2267
2215	2268
2215	2279
2215	2283
2215	2285
2215	2292
2215	2302
2215	2333
2215	2336
2215	2372
2215	2384
2215	2385
2215	2417
2215	2445
2445	2215
2215	2501
2215	2508
2215	2530
2530	2215
2215	2543
2215	2547
2215	2567
2215	2572
2215	2592
2215	2629
2218	2216
2560	2216
2561	2216
2422	2217
2448	2217
2450	2217
2218	2220
2218	2229
2218	2233
2218	2237
2218	2240
2218	2244
2218	2253
2218	2261
2218	2266
2218	2271
2218	2275
2218	2276
2218	2278
2218	2290
2218	2299
2218	2300
2218	2303
2218	2306
2218	2307
2218	2308
2218	2309
2218	2323
2218	2324
2218	2326
2218	2329
2218	2331
2218	2334
2218	2339
2218	2340
2218	2347
2218	2348
2348	2218
2218	2352
2218	2354
2218	2356
2218	2359
2218	2363
2218	2369
2218	2370
2218	2374
2218	2376
2218	2381
2218	2386
2218	2387
2218	2391
2218	2392
2218	2395
2395	2218
2218	2404
2218	2408
2218	2409
2218	2410
2218	2414
2218	2418
2218	2423
2218	2427
2218	2428
2218	2429
2218	2430
2218	2433
2218	2446
2218	2460
2218	2464
2218	2467
2218	2468
2218	2469
2218	2477
2218	2482
2218	2484
2218	2485
2218	2489
2218	2492
2218	2495
2218	2499
2218	2500
2218	2504
2218	2506
2506	2218
2218	2507
2218	2520
2218	2521
2218	2526
2218	2532
2218	2539
2218	2542
2218	2543
2218	2546
2218	2549
2218	2550
2218	2551
2218	2552
2218	2553
2218	2554
2218	2556
2218	2559
2218	2560
2560	2218
2218	2561
2561	2218
2218	2563
2218	2564
2218	2573
2573	2218
2218	2574
2218	2575
2218	2578
2218	2579
2218	2586
2218	2590
2218	2591
2218	2593
2218	2600
2218	2601
2218	2602
2218	2604
2218	2606
2218	2607
2218	2611
2218	2615
2218	2619
2218	2623
2218	2624
2218	2625
2218	2630
2218	2631
2218	2638
2218	2646
2218	2654
2218	2655
2345	2219
2348	2220
2395	2220
2560	2220
2561	2220
2573	2220
2568	2221
2568	2222
2651	2222
2295	2223
2345	2223
2445	2223
2502	2223
2512	2223
2605	2223
2295	2224
2345	2224
2445	2224
2502	2224
2512	2224
2605	2224
2225	2284
2225	2364
2225	2378
2225	2472
2225	2494
2225	2620
2225	2627
2225	2639
2225	2640
2225	2645
2225	2648
2225	2657
2225	2660
2345	2226
2518	2226
2227	2263
2263	2227
2227	2313
2227	2371
2371	2227
2227	2534
2534	2227
2227	2558
2371	2228
2402	2228
2448	2228
2488	2228
2614	2228
2628	2228
2348	2229
2395	2229
2506	2229
2524	2229
2560	2229
2561	2229
2573	2229
2230	2283
2230	2313
2230	2358
2358	2230
2371	2231
2448	2231
2488	2231
2497	2231
2628	2231
2345	2232
2445	2232
2614	2232
2348	2233
2395	2233
2506	2233
2560	2233
2561	2233
2573	2233
2449	2234
2506	2234
2265	2235
2288	2235
2371	2236
2448	2236
2488	2236
2628	2236
2348	2237
2395	2237
2560	2237
2561	2237
2251	2238
2512	2239
2518	2239
2348	2240
2395	2240
2449	2240
2506	2240
2560	2240
2561	2240
2573	2240
2445	2241
2512	2241
2518	2241
2395	2242
2512	2242
2605	2242
2518	2243
2348	2244
2395	2244
2506	2244
2560	2244
2561	2244
2573	2244
2355	2246
2389	2246
2512	2246
2518	2246
2355	2247
2389	2247
2413	2247
2518	2247
2529	2247
2497	2248
2534	2248
2249	2250
2249	2268
2249	2279
2249	2313
2249	2332
2249	2336
2249	2372
2249	2434
2249	2491
2249	2558
2249	2589
2312	2250
2355	2250
2389	2250
2400	2250
2413	2250
2445	2250
2502	2250
2512	2250
2529	2250
2251	2313
2251	2618
2251	2644
2252	2282
2252	2294
2252	2304
2252	2328
2252	2333
2252	2509
2348	2253
2395	2253
2449	2253
2560	2253
2561	2253
2573	2253
2445	2254
2512	2254
2453	2255
2256	2265
2265	2256
2256	2291
2291	2256
2506	2257
2573	2257
2560	2258
2345	2259
2445	2259
2506	2261
2560	2261
2506	2262
2263	2313
2263	2431
2431	2263
2263	2528
2528	2263
2263	2558
2263	2621
2265	2291
2291	2265
2265	2406
2265	2566
2288	2266
2348	2266
2395	2266
2449	2266
2454	2266
2506	2266
2512	2266
2518	2266
2560	2266
2561	2266
2573	2266
2502	2267
2529	2267
2445	2268
2502	2268
2512	2268
2530	2268
2270	2318
2270	2416
2270	2425
2270	2525
2270	2557
2270	2610
2270	2641
2270	2642
2348	2271
2395	2271
2560	2271
2561	2271
2573	2271
2512	2273
2518	2273
2568	2274
2348	2275
2395	2275
2506	2275
2560	2275
2561	2275
2573	2275
2348	2276
2395	2276
2506	2276
2560	2276
2561	2276
2573	2276
2488	2277
2497	2277
2348	2278
2395	2278
2506	2278
2560	2278
2561	2278
2573	2278
2345	2279
2445	2279
2512	2279
2345	2280
2518	2280
2512	2282
2355	2283
2358	2283
2445	2283
2502	2283
2518	2283
2529	2283
2365	2284
2371	2286
2488	2286
2497	2286
2534	2286
2288	2300
2288	2309
2288	2345
2345	2288
2288	2350
2288	2383
2288	2391
2288	2406
2288	2468
2288	2478
2291	2289
2445	2289
2448	2289
2512	2289
2348	2290
2395	2290
2506	2290
2560	2290
2561	2290
2573	2290
2291	2318
2291	2345
2345	2291
2291	2406
2291	2453
2453	2291
2291	2624
2400	2292
2512	2292
2560	2292
2512	2294
2295	2434
2295	2502
2502	2295
2295	2516
2295	2519
2295	2543
2295	2557
2295	2582
2295	2629
2295	2642
2295	2643
2295	2649
2345	2296
2365	2297
2502	2298
2605	2298
2348	2299
2395	2299
2506	2299
2560	2299
2573	2299
2395	2300
2449	2300
2506	2300
2561	2300
2502	2302
2512	2302
2530	2302
2449	2303
2355	2304
2389	2304
2512	2304
2518	2304
2348	2306
2395	2306
2560	2306
2561	2306
2573	2306
2348	2307
2395	2307
2560	2307
2561	2307
2573	2307
2348	2308
2395	2308
2560	2308
2573	2308
2348	2309
2395	2309
2506	2309
2524	2309
2560	2309
2561	2309
2573	2309
2605	2309
2395	2311
2560	2311
2312	2319
2312	2355
2355	2312
2312	2384
2312	2389
2389	2312
2312	2400
2400	2312
2312	2413
2413	2312
2312	2529
2529	2312
2312	2531
2312	2610
2312	2616
2358	2313
2371	2313
2402	2313
2422	2313
2431	2313
2441	2313
2448	2313
2450	2313
2488	2313
2528	2313
2534	2313
2614	2313
2628	2313
2632	2313
2497	2314
2534	2314
2402	2316
2371	2317
2402	2317
2448	2317
2488	2317
2628	2317
2651	2318
2355	2319
2400	2319
2445	2319
2512	2319
2529	2319
2349	2320
2426	2320
2371	2322
2348	2323
2395	2323
2506	2323
2560	2323
2561	2323
2573	2323
2348	2324
2395	2324
2506	2324
2530	2324
2560	2324
2561	2324
2573	2324
2502	2325
2348	2326
2395	2326
2560	2326
2561	2326
2573	2326
2345	2327
2445	2328
2512	2328
2529	2328
2395	2329
2506	2329
2560	2329
2445	2330
2348	2331
2395	2331
2506	2331
2560	2331
2561	2331
2573	2331
2512	2332
2512	2333
2529	2333
2530	2333
2348	2334
2395	2334
2449	2334
2560	2334
2561	2334
2573	2334
2371	2335
2488	2335
2497	2335
2534	2335
2445	2336
2502	2336
2365	2337
2512	2338
2529	2338
2348	2339
2395	2339
2449	2339
2506	2339
2560	2339
2561	2339
2573	2339
2348	2340
2395	2340
2506	2340
2560	2340
2561	2340
2573	2340
2371	2342
2402	2342
2448	2342
2450	2342
2488	2342
2628	2342
2632	2342
2530	2343
2345	2344
2355	2344
2512	2344
2345	2366
2345	2367
2345	2379
2345	2394
2345	2406
2345	2443
2345	2449
2449	2345
2345	2453
2453	2345
2345	2461
2345	2468
2345	2491
2345	2510
2345	2537
2345	2555
2345	2560
2560	2345
2345	2566
2345	2594
2345	2598
2345	2610
2345	2612
2345	2617
2345	2635
2365	2346
2389	2346
2348	2347
2395	2347
2506	2347
2518	2347
2530	2347
2560	2347
2561	2347
2573	2347
2348	2352
2348	2354
2348	2356
2348	2369
2348	2376
2348	2381
2348	2385
2348	2386
2348	2395
2395	2348
2348	2409
2348	2410
2348	2414
2348	2423
2348	2428
2348	2430
2348	2446
2348	2460
2348	2464
2348	2467
2348	2468
2348	2469
2348	2478
2348	2482
2348	2492
2348	2495
2348	2506
2506	2348
2348	2507
2348	2520
2348	2521
2348	2532
2348	2539
2348	2542
2348	2543
2348	2549
2348	2550
2348	2551
2348	2553
2348	2556
2348	2559
2348	2560
2560	2348
2348	2561
2561	2348
2348	2564
2348	2573
2573	2348
2348	2578
2348	2579
2348	2586
2348	2590
2348	2593
2348	2600
2348	2601
2348	2602
2348	2604
2348	2607
2348	2611
2348	2615
2348	2619
2348	2623
2348	2624
2348	2625
2348	2630
2348	2631
2348	2638
2348	2646
2348	2654
2348	2655
2349	2401
2349	2426
2426	2349
2349	2444
2349	2466
2349	2486
2349	2490
2349	2513
2513	2349
2349	2515
2349	2622
2349	2650
2529	2351
2395	2352
2506	2352
2561	2352
2573	2352
2561	2353
2395	2354
2560	2354
2561	2354
2573	2354
2355	2384
2355	2389
2389	2355
2355	2400
2400	2355
2355	2413
2413	2355
2355	2459
2355	2461
2355	2529
2529	2355
2355	2531
2355	2543
2355	2594
2355	2610
2355	2616
2355	2641
2395	2356
2560	2356
2561	2356
2573	2356
2358	2411
2395	2359
2506	2359
2560	2359
2488	2360
2371	2361
2402	2361
2448	2361
2488	2361
2628	2361
2395	2363
2560	2363
2561	2363
2573	2363
2365	2364
2365	2378
2365	2447
2365	2538
2365	2583
2365	2620
2365	2627
2365	2633
2365	2636
2365	2639
2365	2640
2365	2645
2365	2647
2365	2657
2365	2659
2395	2369
2506	2369
2560	2369
2561	2369
2573	2369
2395	2370
2560	2370
2371	2402
2402	2371
2371	2440
2371	2448
2448	2371
2371	2488
2488	2371
2371	2540
2371	2618
2371	2628
2628	2371
2445	2372
2395	2374
2506	2374
2560	2374
2561	2374
2395	2376
2506	2376
2560	2376
2561	2376
2573	2376
2512	2377
2518	2377
2448	2380
2395	2381
2560	2381
2561	2381
2573	2381
2389	2384
2400	2384
2413	2384
2445	2384
2502	2384
2512	2384
2529	2384
2530	2384
2445	2385
2530	2385
2395	2386
2560	2386
2561	2386
2449	2387
2454	2387
2389	2400
2400	2389
2389	2413
2413	2389
2389	2459
2389	2512
2512	2389
2389	2529
2529	2389
2389	2531
2389	2610
2389	2616
2389	2626
2395	2391
2395	2392
2560	2392
2449	2393
2445	2394
2395	2404
2395	2407
2395	2408
2395	2410
2395	2414
2395	2423
2395	2428
2395	2430
2395	2433
2395	2446
2395	2460
2395	2462
2395	2464
2395	2467
2395	2468
2395	2477
2395	2482
2395	2485
2395	2492
2395	2495
2395	2499
2395	2500
2395	2504
2395	2506
2506	2395
2395	2507
2395	2520
2395	2521
2395	2526
2395	2532
2395	2539
2395	2542
2395	2543
2395	2549
2395	2550
2395	2551
2395	2553
2395	2556
2395	2559
2395	2560
2560	2395
2395	2561
2561	2395
2395	2564
2395	2573
2573	2395
2395	2574
2395	2578
2395	2579
2395	2586
2395	2590
2395	2593
2395	2600
2395	2601
2395	2602
2395	2604
2395	2606
2395	2607
2395	2611
2395	2615
2395	2619
2395	2623
2395	2624
2395	2625
2395	2638
2395	2654
2395	2655
2448	2397
2488	2397
2497	2397
2628	2397
2445	2398
2512	2398
2518	2398
2512	2399
2400	2413
2413	2400
2400	2529
2529	2400
2400	2531
2400	2610
2400	2616
2400	2629
2426	2401
2513	2401
2402	2448
2448	2402
2402	2488
2488	2402
2402	2614
2614	2402
2497	2403
2534	2403
2506	2404
2560	2404
2573	2404
2453	2406
2514	2406
2560	2408
2561	2408
2560	2409
2561	2409
2573	2409
2449	2410
2512	2410
2560	2410
2561	2410
2573	2410
2488	2411
2497	2411
2628	2412
2413	2459
2413	2529
2529	2413
2413	2531
2413	2616
2506	2414
2560	2414
2561	2414
2573	2414
2560	2418
2445	2419
2512	2419
2518	2419
2422	2441
2441	2422
2422	2558
2506	2423
2560	2423
2573	2423
2426	2444
2426	2486
2426	2490
2426	2510
2426	2513
2513	2426
2426	2526
2426	2553
2426	2622
2426	2650
2449	2427
2454	2427
2512	2427
2560	2428
2561	2428
2573	2428
2449	2429
2512	2429
2561	2429
2449	2430
2560	2430
2561	2430
2573	2430
2431	2528
2528	2431
2431	2558
2560	2433
2512	2434
2518	2434
2445	2436
2502	2436
2518	2438
2568	2438
2450	2439
2528	2439
2448	2440
2488	2440
2497	2440
2628	2440
2441	2558
2513	2444
2445	2451
2445	2458
2445	2463
2445	2471
2445	2491
2445	2508
2445	2510
2445	2511
2445	2526
2445	2533
2445	2567
2445	2589
2445	2597
2445	2598
2445	2616
2445	2617
2445	2649
2445	2653
2560	2446
2561	2446
2573	2446
2448	2488
2488	2448
2448	2540
2448	2562
2448	2614
2614	2448
2448	2618
2448	2628
2628	2448
2448	2644
2449	2454
2454	2449
2449	2476
2449	2478
2449	2499
2449	2512
2512	2449
2449	2526
2449	2561
2561	2449
2449	2594
2449	2602
2449	2611
2449	2623
2449	2631
2449	2655
2450	2548
2450	2558
2450	2614
2614	2450
2450	2632
2632	2450
2512	2451
2453	2505
2505	2453
2453	2651
2651	2453
2454	2478
2454	2542
2454	2545
2454	2611
2454	2631
2518	2458
2529	2459
2506	2460
2560	2460
2573	2460
2512	2461
2506	2462
2561	2462
2573	2462
2512	2463
2529	2463
2506	2464
2560	2464
2561	2464
2573	2464
2560	2467
2561	2467
2573	2467
2506	2468
2560	2468
2561	2468
2573	2468
2560	2469
2561	2469
2512	2471
2518	2471
2497	2474
2628	2474
2512	2475
2561	2476
2560	2477
2561	2477
2512	2478
2560	2478
2561	2478
2518	2480
2560	2482
2561	2482
2573	2482
2560	2484
2560	2485
2573	2485
2513	2486
2488	2523
2488	2570
2488	2628
2628	2488
2488	2644
2560	2489
2513	2490
2506	2492
2560	2492
2561	2492
2573	2492
2497	2503
2497	2534
2534	2497
2497	2644
2512	2498
2506	2499
2524	2499
2560	2499
2561	2499
2506	2500
2560	2500
2561	2500
2573	2500
2524	2501
2560	2501
2568	2501
2502	2516
2502	2519
2502	2529
2529	2502
2502	2530
2530	2502
2502	2533
2502	2543
2502	2544
2502	2582
2502	2605
2605	2502
2502	2629
2502	2643
2502	2649
2534	2503
2560	2504
2561	2504
2505	2651
2651	2505
2506	2507
2506	2520
2506	2521
2506	2526
2506	2542
2506	2543
2506	2550
2506	2551
2506	2553
2506	2560
2560	2506
2506	2561
2561	2506
2506	2573
2573	2506
2506	2574
2506	2575
2506	2576
2506	2579
2506	2590
2506	2593
2506	2600
2506	2601
2506	2602
2506	2604
2506	2607
2506	2611
2506	2615
2506	2619
2506	2624
2506	2625
2506	2630
2506	2631
2560	2507
2561	2507
2573	2507
2512	2509
2518	2509
2512	2510
2518	2510
2512	2511
2512	2516
2512	2519
2512	2520
2512	2543
2512	2544
2512	2560
2560	2512
2512	2576
2512	2582
2512	2588
2512	2598
2512	2611
2512	2629
2512	2637
2512	2649
2513	2622
2513	2650
2514	2517
2517	2514
2514	2588
2518	2516
2605	2516
2518	2519
2518	2594
2518	2598
2518	2602
2518	2611
2518	2642
2560	2520
2561	2520
2573	2520
2530	2521
2560	2521
2524	2526
2524	2611
2560	2526
2561	2526
2528	2558
2528	2621
2529	2530
2530	2529
2529	2531
2529	2555
2529	2592
2529	2610
2529	2616
2530	2560
2560	2530
2530	2567
2530	2592
2560	2532
2534	2659
2560	2539
2560	2542
2561	2542
2573	2542
2560	2543
2561	2543
2573	2543
2605	2543
2560	2546
2560	2549
2561	2549
2573	2549
2560	2550
2561	2550
2573	2550
2560	2551
2573	2551
2561	2552
2561	2553
2573	2553
2560	2554
2561	2556
2573	2556
2614	2558
2632	2558
2560	2559
2561	2559
2560	2561
2561	2560
2560	2563
2560	2564
2560	2567
2560	2573
2573	2560
2560	2574
2560	2578
2560	2579
2560	2586
2560	2590
2560	2593
2560	2600
2560	2601
2560	2602
2560	2604
2560	2606
2560	2607
2560	2611
2560	2613
2560	2615
2560	2619
2560	2623
2560	2624
2560	2625
2560	2630
2560	2638
2560	2646
2560	2654
2560	2655
2561	2564
2561	2573
2573	2561
2561	2576
2561	2579
2561	2586
2561	2590
2561	2591
2561	2593
2561	2601
2561	2602
2561	2604
2561	2607
2561	2611
2561	2615
2561	2619
2561	2624
2561	2625
2561	2630
2561	2638
2561	2654
2561	2655
2573	2564
2568	2603
2573	2576
2573	2578
2573	2579
2573	2586
2573	2590
2573	2593
2573	2600
2573	2601
2573	2602
2573	2604
2573	2607
2573	2611
2573	2615
2573	2619
2573	2624
2573	2625
2573	2630
2573	2631
2573	2638
2628	2577
2605	2643
2605	2649
2614	2618
2614	2632
2632	2614
2614	2656
2628	2618
2628	2644
2661	2674
2674	2661
2661	2687
2687	2661
2661	2708
2708	2661
2661	2716
2716	2661
2661	2719
2719	2661
2661	2742
2742	2661
2661	2765
2765	2661
2661	2770
2770	2661
2661	2778
2778	2661
2661	2780
2661	2785
2785	2661
2661	2790
2661	2793
2793	2661
2661	2828
2828	2661
2661	2833
2833	2661
2661	2849
2849	2661
2661	2853
2661	2863
2863	2661
2661	2869
2869	2661
2661	2875
2875	2661
2661	2876
2661	2894
2894	2661
2661	2901
2901	2661
2661	2904
2904	2661
2661	2914
2661	2937
2937	2661
2661	2939
2939	2661
2661	2950
2661	2970
2970	2661
2661	2973
2973	2661
2661	2989
2989	2661
2661	2991
2991	2661
2661	3007
2661	3021
3021	2661
2661	3035
3035	2661
2661	3038
3038	2661
2661	3049
3049	2661
2661	3060
3060	2661
2661	3070
3070	2661
2661	3076
3076	2661
2661	3082
3082	2661
2661	3101
3101	2661
2661	3102
3102	2661
2661	3115
3115	2661
2661	3116
3116	2661
2661	3120
3120	2661
2661	3132
3132	2661
2661	3140
2661	3146
3146	2661
2661	3150
3150	2661
2661	3152
3152	2661
2661	3154
2661	3169
3169	2661
2661	3172
3172	2661
2661	3179
3179	2661
2661	3182
3182	2661
2661	3185
3185	2661
2661	3188
3188	2661
2661	3198
3198	2661
2661	3201
3201	2661
2661	3206
3206	2661
2661	3224
3224	2661
2661	3239
3239	2661
2661	3247
3247	2661
2661	3252
3252	2661
2661	3261
3261	2661
2661	3265
3265	2661
2661	3272
3272	2661
2661	3274
3274	2661
2661	3276
2661	3277
3277	2661
2661	3280
3280	2661
2661	3291
3291	2661
2661	3296
3296	2661
2661	3297
3297	2661
2661	3302
2661	3316
3316	2661
2661	3320
3320	2661
2661	3321
3321	2661
2661	3330
2661	3332
3332	2661
2661	3335
2661	3344
3344	2661
2661	3347
3347	2661
2661	3350
3350	2661
2661	3351
3351	2661
2661	3353
3353	2661
2661	3355
3355	2661
2661	3360
3360	2661
2661	3381
3381	2661
2661	3391
3391	2661
2661	3396
3396	2661
2661	3397
3397	2661
2661	3406
3406	2661
2661	3411
3411	2661
2661	3416
3416	2661
2661	3419
3419	2661
2661	3434
3434	2661
2716	2662
2753	2662
2783	2662
3051	2662
3152	2662
3192	2662
3198	2662
3206	2662
3274	2662
3291	2662
3316	2662
3353	2662
3397	2662
2716	2665
2753	2665
2989	2665
3017	2665
3035	2665
3082	2665
3198	2665
3224	2665
3240	2665
3274	2665
3299	2665
3345	2665
3386	2665
3397	2665
3406	2665
3411	2665
3277	2667
3313	2667
3353	2667
3038	2668
3204	2668
3291	2668
3321	2668
3357	2668
3274	2669
2672	2684
2684	2672
2672	2701
2701	2672
2672	2708
2708	2672
2672	2719
2719	2672
2672	2778
2778	2672
2672	2781
2672	2796
2796	2672
2672	2797
2797	2672
2672	2823
2672	2875
2875	2672
2672	2881
2881	2672
2672	2894
2894	2672
2672	2937
2937	2672
2672	3011
2672	3076
3076	2672
2672	3079
3079	2672
2672	3113
3113	2672
2672	3145
3145	2672
2672	3179
3179	2672
2672	3182
3182	2672
2672	3185
3185	2672
2672	3255
2672	3258
2672	3261
3261	2672
2672	3262
3262	2672
2672	3274
3274	2672
2672	3280
3280	2672
2672	3298
3298	2672
2672	3319
2672	3320
3320	2672
2672	3332
3332	2672
2672	3350
3350	2672
2672	3351
3351	2672
2672	3386
3386	2672
2672	3396
3396	2672
2672	3411
3411	2672
2674	2742
2742	2674
2674	2765
2765	2674
2674	2770
2770	2674
2674	2772
2674	2778
2778	2674
2674	2781
2674	2793
2793	2674
2674	2796
2796	2674
2674	2828
2828	2674
2674	2833
2833	2674
2674	2849
2849	2674
2674	2853
2674	2863
2863	2674
2674	2869
2869	2674
2674	2939
2939	2674
2674	2970
2970	2674
2674	2991
2991	2674
2674	3016
3016	2674
2674	3017
3017	2674
2674	3021
3021	2674
2674	3035
3035	2674
2674	3049
3049	2674
2674	3051
3051	2674
2674	3070
3070	2674
2674	3082
3082	2674
2674	3097
2674	3101
3101	2674
2674	3102
3102	2674
2674	3113
3113	2674
2674	3115
3115	2674
2674	3116
3116	2674
2674	3120
3120	2674
2674	3132
3132	2674
2674	3140
2674	3145
3145	2674
2674	3146
3146	2674
2674	3150
3150	2674
2674	3152
3152	2674
2674	3169
3169	2674
2674	3179
3179	2674
2674	3185
3185	2674
2674	3192
3192	2674
2674	3201
3201	2674
2674	3204
3204	2674
2674	3206
3206	2674
2674	3239
3239	2674
2674	3247
3247	2674
2674	3252
3252	2674
2674	3265
3265	2674
2674	3267
3267	2674
2674	3277
3277	2674
2674	3280
3280	2674
2674	3288
3288	2674
2674	3291
3291	2674
2674	3296
3296	2674
2674	3297
3297	2674
2674	3316
3316	2674
2674	3330
2674	3344
3344	2674
2674	3347
3347	2674
2674	3350
3350	2674
2674	3351
3351	2674
2674	3381
3381	2674
2674	3391
3391	2674
2674	3397
3397	2674
2674	3416
3416	2674
2674	3419
3419	2674
2674	3434
3434	2674
2833	2675
2904	2675
3132	2675
3150	2675
3198	2675
3411	2675
3185	2677
3046	2679
2684	2701
2701	2684
2684	2708
2708	2684
2684	2737
2684	2775
2684	2797
2797	2684
2684	2823
2684	2875
2875	2684
2684	2894
2894	2684
2684	2937
2937	2684
2684	2976
2976	2684
2684	3011
2684	3051
3051	2684
2684	3060
3060	2684
2684	3076
3076	2684
2684	3079
3079	2684
2684	3152
3152	2684
2684	3172
3172	2684
2684	3179
3179	2684
2684	3182
3182	2684
2684	3258
2684	3262
3262	2684
2684	3320
3320	2684
2684	3332
3332	2684
2684	3350
3350	2684
2684	3396
3396	2684
2684	3434
3434	2684
3345	2685
3111	2686
3115	2686
3198	2686
2687	2716
2716	2687
2687	2742
2742	2687
2687	2748
2748	2687
2687	2780
2687	2785
2785	2687
2687	2846
2846	2687
2687	2914
2687	3013
3013	2687
2687	3038
3038	2687
2687	3046
3046	2687
2687	3089
3089	2687
2687	3194
3194	2687
2687	3209
3209	2687
2687	3212
3212	2687
2687	3320
3320	2687
2687	3321
3321	2687
2687	3345
3345	2687
2687	3360
3360	2687
2687	3397
3397	2687
3146	2688
2881	2690
3353	2690
2949	2693
3310	2693
3397	2693
2863	2694
3274	2696
3360	2696
2992	2697
3288	2697
2701	2708
2708	2701
2701	2719
2719	2701
2701	2797
2797	2701
2701	2823
2701	2875
2875	2701
2701	2894
2894	2701
2701	2937
2937	2701
2701	2976
2976	2701
2701	3011
2701	3076
3076	2701
2701	3079
3079	2701
2701	3179
3179	2701
2701	3182
3182	2701
2701	3258
2701	3261
3261	2701
2701	3262
3262	2701
2701	3280
3280	2701
2701	3287
3287	2701
2701	3298
3298	2701
2701	3320
3320	2701
2701	3332
3332	2701
2701	3350
3350	2701
2701	3396
3396	2701
2748	2702
3198	2702
2719	2707
2778	2707
3145	2707
3182	2707
3320	2707
2708	2719
2719	2708
2708	2796
2796	2708
2708	2797
2797	2708
2708	2823
2708	2828
2828	2708
2708	2845
2708	2869
2869	2708
2708	2875
2875	2708
2708	2894
2894	2708
2708	2937
2937	2708
2708	2995
2708	3011
2708	3051
3051	2708
2708	3076
3076	2708
2708	3079
3079	2708
2708	3115
3115	2708
2708	3145
3145	2708
2708	3172
3172	2708
2708	3179
3179	2708
2708	3182
3182	2708
2708	3258
2708	3262
3262	2708
2708	3298
3298	2708
2708	3320
3320	2708
2708	3332
3332	2708
2708	3350
3350	2708
2708	3396
3396	2708
2708	3397
3397	2708
2708	3434
3434	2708
2748	2711
2881	2711
2989	2711
3198	2711
3296	2711
2716	2712
2742	2712
2748	2712
2778	2712
2785	2712
2796	2712
2833	2712
2849	2712
2989	2712
2991	2712
3035	2712
3038	2712
3070	2712
3101	2712
3120	2712
3132	2712
3150	2712
3188	2712
3198	2712
3201	2712
3224	2712
3240	2712
3252	2712
3277	2712
3280	2712
3288	2712
3291	2712
3296	2712
3299	2712
3321	2712
3345	2712
3347	2712
3350	2712
3351	2712
3357	2712
3411	2712
3434	2712
3038	2713
3082	2713
3106	2713
3120	2713
3224	2713
3240	2713
3252	2713
3291	2713
3321	2713
3344	2713
3391	2713
3406	2713
2863	2715
2881	2715
2901	2715
2936	2715
3146	2715
3291	2715
3347	2715
2716	2719
2719	2716
2716	2720
2720	2716
2716	2730
2716	2742
2742	2716
2716	2748
2748	2716
2716	2753
2753	2716
2716	2780
2716	2783
2783	2716
2716	2785
2785	2716
2716	2793
2793	2716
2716	2796
2796	2716
2716	2797
2797	2716
2716	2828
2828	2716
2716	2830
2716	2844
2716	2845
2716	2846
2846	2716
2716	2853
2716	2859
2716	2863
2863	2716
2716	2868
2716	2901
2901	2716
2716	2904
2904	2716
2716	2914
2716	2936
2936	2716
2716	2939
2939	2716
2716	2951
2716	2973
2973	2716
2716	2984
2716	2989
2989	2716
2716	2990
2716	2992
2992	2716
2716	3002
2716	3007
2716	3013
3013	2716
2716	3015
2716	3017
3017	2716
2716	3027
2716	3034
2716	3038
3038	2716
2716	3041
3041	2716
2716	3046
3046	2716
2716	3051
3051	2716
2716	3058
3058	2716
2716	3060
3060	2716
2716	3070
3070	2716
2716	3077
2716	3082
3082	2716
2716	3089
3089	2716
2716	3097
2716	3101
3101	2716
2716	3106
3106	2716
2716	3107
2716	3109
3109	2716
2716	3110
2716	3140
2716	3150
3150	2716
2716	3154
2716	3188
3188	2716
2716	3191
2716	3198
3198	2716
2716	3206
3206	2716
2716	3209
3209	2716
2716	3212
3212	2716
2716	3240
3240	2716
2716	3260
3260	2716
2716	3263
2716	3267
3267	2716
2716	3274
3274	2716
2716	3276
2716	3280
3280	2716
2716	3287
3287	2716
2716	3288
3288	2716
2716	3291
3291	2716
2716	3299
3299	2716
2716	3313
3313	2716
2716	3320
3320	2716
2716	3321
3321	2716
2716	3345
3345	2716
2716	3347
3347	2716
2716	3350
3350	2716
2716	3352
3352	2716
2716	3353
3353	2716
2716	3360
3360	2716
2716	3385
2716	3397
3397	2716
2716	3403
3403	2716
2716	3406
3406	2716
2716	3434
3434	2716
2901	2718
3076	2718
3115	2718
3198	2718
3296	2718
3350	2718
3396	2718
2719	2720
2720	2719
2719	2742
2742	2719
2719	2753
2753	2719
2719	2778
2778	2719
2719	2785
2785	2719
2719	2793
2793	2719
2719	2796
2796	2719
2719	2797
2797	2719
2719	2823
2719	2828
2828	2719
2719	2833
2833	2719
2719	2840
2840	2719
2719	2853
2719	2863
2863	2719
2719	2869
2869	2719
2719	2875
2875	2719
2719	2881
2881	2719
2719	2894
2894	2719
2719	2936
2936	2719
2719	2937
2937	2719
2719	2939
2939	2719
2719	2973
2973	2719
2719	2976
2976	2719
2719	2991
2991	2719
2719	2992
2992	2719
2719	3005
3005	2719
2719	3017
3017	2719
2719	3035
3035	2719
2719	3039
3039	2719
2719	3051
3051	2719
2719	3060
3060	2719
2719	3076
3076	2719
2719	3079
3079	2719
2719	3082
3082	2719
2719	3100
2719	3101
3101	2719
2719	3102
3102	2719
2719	3106
3106	2719
2719	3111
3111	2719
2719	3113
3113	2719
2719	3115
3115	2719
2719	3116
3116	2719
2719	3120
3120	2719
2719	3132
3132	2719
2719	3145
3145	2719
2719	3150
3150	2719
2719	3169
3169	2719
2719	3170
3170	2719
2719	3172
3172	2719
2719	3179
3179	2719
2719	3182
3182	2719
2719	3185
3185	2719
2719	3201
3201	2719
2719	3204
3204	2719
2719	3206
3206	2719
2719	3225
3225	2719
2719	3239
3239	2719
2719	3240
3240	2719
2719	3252
3252	2719
2719	3258
2719	3261
3261	2719
2719	3262
3262	2719
2719	3267
3267	2719
2719	3274
3274	2719
2719	3277
3277	2719
2719	3280
3280	2719
2719	3281
3281	2719
2719	3287
3287	2719
2719	3288
3288	2719
2719	3291
3291	2719
2719	3297
3297	2719
2719	3298
3298	2719
2719	3320
3320	2719
2719	3330
2719	3332
3332	2719
2719	3344
3344	2719
2719	3345
3345	2719
2719	3347
3347	2719
2719	3350
3350	2719
2719	3351
3351	2719
2719	3353
3353	2719
2719	3355
3355	2719
2719	3367
3367	2719
2719	3377
3377	2719
2719	3378
3378	2719
2719	3381
3381	2719
2719	3386
3386	2719
2719	3391
3391	2719
2719	3396
3396	2719
2719	3397
3397	2719
2719	3406
3406	2719
2719	3422
3422	2719
2719	3434
3434	2719
2720	2753
2753	2720
2720	2783
2783	2720
2720	2793
2793	2720
2720	2859
2720	2868
2720	2932
2720	2936
2936	2720
2720	2937
2937	2720
2720	2973
2973	2720
2720	2984
2720	2989
2989	2720
2720	3002
2720	3009
2720	3017
3017	2720
2720	3038
3038	2720
2720	3051
3051	2720
2720	3060
3060	2720
2720	3070
3070	2720
2720	3076
3076	2720
2720	3082
3082	2720
2720	3087
2720	3089
3089	2720
2720	3106
3106	2720
2720	3140
2720	3154
2720	3160
2720	3182
3182	2720
2720	3191
2720	3198
3198	2720
2720	3201
3201	2720
2720	3215
2720	3224
3224	2720
2720	3239
3239	2720
2720	3240
3240	2720
2720	3263
2720	3291
3291	2720
2720	3320
3320	2720
2720	3321
3321	2720
2720	3342
2720	3344
3344	2720
2720	3345
3345	2720
2720	3353
3353	2720
2720	3355
3355	2720
2720	3386
3386	2720
2720	3397
3397	2720
2720	3406
3406	2720
2863	2722
3265	2722
2901	2723
3291	2723
3051	2724
3332	2724
2840	2727
3089	2729
2783	2730
2863	2730
3016	2730
3082	2730
3403	2730
2733	2797
2797	2733
2733	2812
2733	2894
2894	2733
2733	2936
2936	2733
2733	2937
2937	2733
2733	2958
2733	3011
2733	3060
3060	2733
2733	3076
3076	2733
2733	3079
3079	2733
2733	3152
3152	2733
2733	3172
3172	2733
2733	3179
3179	2733
2733	3182
3182	2733
2733	3185
3185	2733
2733	3258
2733	3262
3262	2733
2733	3272
3272	2733
2733	3298
3298	2733
2733	3320
3320	2733
2733	3350
3350	2733
2733	3396
3396	2733
2733	3434
3434	2733
2840	2734
3005	2734
3254	2734
3287	2734
3347	2734
2976	2735
2796	2737
2869	2737
2937	2737
2991	2737
3051	2737
3204	2737
3298	2737
3240	2739
2742	2748
2748	2742
2742	2753
2753	2742
2742	2765
2765	2742
2742	2770
2770	2742
2742	2778
2778	2742
2742	2780
2742	2781
2742	2785
2785	2742
2742	2793
2793	2742
2742	2796
2796	2742
2742	2828
2828	2742
2742	2846
2846	2742
2742	2849
2849	2742
2742	2863
2863	2742
2742	2869
2869	2742
2742	2875
2875	2742
2742	2894
2894	2742
2742	2901
2901	2742
2742	2904
2904	2742
2742	2937
2937	2742
2742	2939
2939	2742
2742	2970
2970	2742
2742	2973
2973	2742
2742	2989
2989	2742
2742	2991
2991	2742
2742	2992
2992	2742
2742	3007
2742	3013
3013	2742
2742	3017
3017	2742
2742	3021
3021	2742
2742	3027
2742	3035
3035	2742
2742	3038
3038	2742
2742	3041
3041	2742
2742	3046
3046	2742
2742	3049
3049	2742
2742	3051
3051	2742
2742	3058
3058	2742
2742	3060
3060	2742
2742	3070
3070	2742
2742	3076
3076	2742
2742	3079
3079	2742
2742	3082
3082	2742
2742	3089
3089	2742
2742	3101
3101	2742
2742	3102
3102	2742
2742	3106
3106	2742
2742	3115
3115	2742
2742	3116
3116	2742
2742	3120
3120	2742
2742	3132
3132	2742
2742	3140
2742	3146
3146	2742
2742	3148
3148	2742
2742	3150
3150	2742
2742	3152
3152	2742
2742	3160
2742	3169
3169	2742
2742	3172
3172	2742
2742	3179
3179	2742
2742	3182
3182	2742
2742	3185
3185	2742
2742	3188
3188	2742
2742	3194
3194	2742
2742	3198
3198	2742
2742	3199
2742	3201
3201	2742
2742	3206
3206	2742
2742	3209
3209	2742
2742	3212
3212	2742
2742	3224
3224	2742
2742	3239
3239	2742
2742	3240
3240	2742
2742	3247
3247	2742
2742	3252
3252	2742
2742	3258
2742	3260
3260	2742
2742	3265
3265	2742
2742	3267
3267	2742
2742	3277
3277	2742
2742	3280
3280	2742
2742	3288
3288	2742
2742	3291
3291	2742
2742	3297
3297	2742
2742	3298
3298	2742
2742	3299
3299	2742
2742	3316
3316	2742
2742	3319
2742	3320
3320	2742
2742	3321
3321	2742
2742	3330
2742	3332
3332	2742
2742	3335
2742	3344
3344	2742
2742	3345
3345	2742
2742	3347
3347	2742
2742	3350
3350	2742
2742	3351
3351	2742
2742	3352
3352	2742
2742	3355
3355	2742
2742	3360
3360	2742
2742	3378
3378	2742
2742	3391
3391	2742
2742	3396
3396	2742
2742	3397
3397	2742
2742	3406
3406	2742
2742	3411
3411	2742
2742	3416
3416	2742
2742	3419
3419	2742
2863	2747
2901	2747
2748	2751
2748	2753
2753	2748
2748	2765
2765	2748
2748	2772
2748	2780
2748	2785
2785	2748
2748	2793
2793	2748
2748	2818
2748	2846
2846	2748
2748	2853
2748	2869
2869	2748
2748	2901
2901	2748
2748	2936
2936	2748
2748	2946
2748	2950
2748	2973
2973	2748
2748	2976
2976	2748
2748	2989
2989	2748
2748	2991
2991	2748
2748	3013
3013	2748
2748	3038
3038	2748
2748	3041
3041	2748
2748	3046
3046	2748
2748	3049
3049	2748
2748	3051
3051	2748
2748	3058
3058	2748
2748	3060
3060	2748
2748	3070
3070	2748
2748	3076
3076	2748
2748	3082
3082	2748
2748	3089
3089	2748
2748	3101
3101	2748
2748	3106
3106	2748
2748	3107
2748	3116
3116	2748
2748	3117
2748	3124
2748	3140
2748	3154
2748	3160
2748	3175
3175	2748
2748	3188
3188	2748
2748	3194
3194	2748
2748	3198
3198	2748
2748	3215
2748	3224
3224	2748
2748	3240
3240	2748
2748	3247
3247	2748
2748	3252
3252	2748
2748	3274
3274	2748
2748	3291
3291	2748
2748	3299
3299	2748
2748	3302
2748	3313
3313	2748
2748	3320
3320	2748
2748	3321
3321	2748
2748	3335
2748	3342
2748	3344
3344	2748
2748	3345
3345	2748
2748	3350
3350	2748
2748	3355
3355	2748
2748	3360
3360	2748
2748	3378
3378	2748
2748	3386
3386	2748
2748	3397
3397	2748
2748	3406
3406	2748
2748	3411
3411	2748
2901	2751
3017	2751
3035	2751
3038	2751
3113	2751
3115	2751
3150	2751
3198	2751
3204	2751
3224	2751
3291	2751
3321	2751
3353	2751
3357	2751
2753	2793
2793	2753
2753	2869
2869	2753
2753	2901
2901	2753
2753	2936
2936	2753
2753	2937
2937	2753
2753	2965
2965	2753
2753	2973
2973	2753
2753	2976
2976	2753
2753	2989
2989	2753
2753	2992
2992	2753
2753	3019
2753	3038
3038	2753
2753	3051
3051	2753
2753	3060
3060	2753
2753	3070
3070	2753
2753	3075
2753	3079
3079	2753
2753	3082
3082	2753
2753	3101
3101	2753
2753	3106
3106	2753
2753	3116
3116	2753
2753	3120
3120	2753
2753	3132
3132	2753
2753	3140
2753	3145
3145	2753
2753	3150
3150	2753
2753	3154
2753	3160
2753	3198
3198	2753
2753	3240
3240	2753
2753	3261
3261	2753
2753	3267
3267	2753
2753	3280
3280	2753
2753	3291
3291	2753
2753	3320
3320	2753
2753	3321
3321	2753
2753	3344
3344	2753
2753	3350
3350	2753
2753	3355
3355	2753
2753	3378
3378	2753
2753	3386
3386	2753
2753	3397
3397	2753
2753	3406
3406	2753
2753	3434
3434	2753
2863	2754
3198	2758
3041	2759
2904	2762
3277	2762
3353	2762
3201	2764
2765	2770
2770	2765
2765	2780
2765	2793
2793	2765
2765	2828
2828	2765
2765	2849
2849	2765
2765	2853
2765	2863
2863	2765
2765	2939
2939	2765
2765	2970
2970	2765
2765	2973
2973	2765
2765	3007
2765	3021
3021	2765
2765	3035
3035	2765
2765	3049
3049	2765
2765	3070
3070	2765
2765	3082
3082	2765
2765	3094
2765	3101
3101	2765
2765	3102
3102	2765
2765	3116
3116	2765
2765	3120
3120	2765
2765	3132
3132	2765
2765	3146
3146	2765
2765	3169
3169	2765
2765	3201
3201	2765
2765	3206
3206	2765
2765	3239
3239	2765
2765	3247
3247	2765
2765	3252
3252	2765
2765	3265
3265	2765
2765	3267
3267	2765
2765	3277
3277	2765
2765	3297
3297	2765
2765	3316
3316	2765
2765	3330
2765	3344
3344	2765
2765	3351
3351	2765
2765	3391
3391	2765
2765	3397
3397	2765
2765	3416
3416	2765
2765	3419
3419	2765
2765	3434
3434	2765
2973	2768
3017	2768
3274	2768
3287	2768
3299	2768
3313	2768
3353	2768
3403	2768
2770	2778
2778	2770
2770	2849
2849	2770
2770	2853
2770	2863
2863	2770
2770	2904
2904	2770
2770	2939
2939	2770
2770	3021
3021	2770
2770	3035
3035	2770
2770	3049
3049	2770
2770	3070
3070	2770
2770	3101
3101	2770
2770	3102
3102	2770
2770	3116
3116	2770
2770	3132
3132	2770
2770	3146
3146	2770
2770	3150
3150	2770
2770	3152
3152	2770
2770	3169
3169	2770
2770	3185
3185	2770
2770	3188
3188	2770
2770	3201
3201	2770
2770	3239
3239	2770
2770	3247
3247	2770
2770	3252
3252	2770
2770	3265
3265	2770
2770	3277
3277	2770
2770	3280
3280	2770
2770	3291
3291	2770
2770	3297
3297	2770
2770	3330
2770	3347
3347	2770
2770	3351
3351	2770
2770	3411
3411	2770
2770	3416
3416	2770
2770	3419
3419	2770
2770	3434
3434	2770
2785	2772
3017	2772
3192	2772
3274	2772
3296	2772
3313	2772
3357	2772
3406	2772
3411	2772
2881	2775
3051	2775
2778	2781
2778	2796
2796	2778
2778	2823
2778	2828
2828	2778
2778	2833
2833	2778
2778	2849
2849	2778
2778	2853
2778	2863
2863	2778
2778	2869
2869	2778
2778	2875
2875	2778
2778	2881
2881	2778
2778	2894
2894	2778
2778	2901
2901	2778
2778	2904
2904	2778
2778	2921
2778	2938
2778	2939
2939	2778
2778	2991
2991	2778
2778	2992
2992	2778
2778	3016
3016	2778
2778	3017
3017	2778
2778	3035
3035	2778
2778	3039
3039	2778
2778	3049
3049	2778
2778	3051
3051	2778
2778	3060
3060	2778
2778	3076
3076	2778
2778	3082
3082	2778
2778	3100
2778	3101
3101	2778
2778	3102
3102	2778
2778	3109
3109	2778
2778	3111
3111	2778
2778	3112
3112	2778
2778	3113
3113	2778
2778	3115
3115	2778
2778	3116
3116	2778
2778	3118
2778	3120
3120	2778
2778	3132
3132	2778
2778	3145
3145	2778
2778	3146
3146	2778
2778	3148
3148	2778
2778	3150
3150	2778
2778	3169
3169	2778
2778	3172
3172	2778
2778	3179
3179	2778
2778	3182
3182	2778
2778	3185
3185	2778
2778	3199
2778	3201
3201	2778
2778	3204
3204	2778
2778	3225
3225	2778
2778	3239
3239	2778
2778	3247
3247	2778
2778	3252
3252	2778
2778	3261
3261	2778
2778	3265
3265	2778
2778	3267
3267	2778
2778	3272
3272	2778
2778	3274
3274	2778
2778	3277
3277	2778
2778	3280
3280	2778
2778	3287
3287	2778
2778	3297
3297	2778
2778	3298
3298	2778
2778	3306
3306	2778
2778	3320
3320	2778
2778	3327
2778	3330
2778	3332
3332	2778
2778	3335
2778	3345
3345	2778
2778	3347
3347	2778
2778	3350
3350	2778
2778	3351
3351	2778
2778	3366
2778	3377
3377	2778
2778	3378
3378	2778
2778	3381
3381	2778
2778	3396
3396	2778
2778	3397
3397	2778
2778	3416
3416	2778
2778	3419
3419	2778
2778	3422
3422	2778
2778	3434
3434	2778
2785	2780
2793	2780
2846	2780
2863	2780
2939	2780
3013	2780
3041	2780
3049	2780
3089	2780
3101	2780
3102	2780
3109	2780
3116	2780
3146	2780
3152	2780
3172	2780
3188	2780
3198	2780
3201	2780
3209	2780
3212	2780
3240	2780
3247	2780
3265	2780
3297	2780
3299	2780
3351	2780
3352	2780
3360	2780
3419	2780
2796	2781
2849	2781
2863	2781
2869	2781
2894	2781
2901	2781
2939	2781
2991	2781
3005	2781
3035	2781
3049	2781
3060	2781
3076	2781
3082	2781
3101	2781
3113	2781
3116	2781
3120	2781
3148	2781
3150	2781
3169	2781
3179	2781
3182	2781
3201	2781
3204	2781
3252	2781
3261	2781
3267	2781
3277	2781
3280	2781
3288	2781
3291	2781
3297	2781
3347	2781
3350	2781
3351	2781
3381	2781
3397	2781
3419	2781
3434	2781
2783	2787
2783	2819
2783	2932
2783	2955
2783	2976
2976	2783
2783	2984
2783	3017
3017	2783
2783	3027
2783	3028
2783	3060
3060	2783
2783	3076
3076	2783
2783	3087
2783	3152
3152	2783
2783	3172
3172	2783
2783	3182
3182	2783
2783	3185
3185	2783
2783	3192
3192	2783
2783	3198
3198	2783
2783	3255
2783	3274
3274	2783
2783	3291
3291	2783
2783	3341
2783	3353
3353	2783
2783	3369
2783	3383
2783	3385
2783	3395
2783	3422
3422	2783
3115	2784
3150	2784
3179	2784
3397	2784
2785	2846
2846	2785
2785	2849
2849	2785
2785	2863
2863	2785
2785	2904
2904	2785
2785	3013
3013	2785
2785	3041
3041	2785
2785	3046
3046	2785
2785	3058
3058	2785
2785	3067
2785	3072
2785	3081
2785	3089
3089	2785
2785	3101
3101	2785
2785	3109
3109	2785
2785	3138
2785	3146
3146	2785
2785	3152
3152	2785
2785	3188
3188	2785
2785	3209
3209	2785
2785	3212
3212	2785
2785	3233
2785	3240
3240	2785
2785	3249
2785	3272
3272	2785
2785	3280
3280	2785
2785	3299
3299	2785
2785	3302
2785	3306
3306	2785
2785	3335
2785	3341
2785	3345
3345	2785
2785	3352
3352	2785
2785	3360
3360	2785
2785	3431
2793	2787
2849	2787
2863	2787
2901	2787
2904	2787
2939	2787
3038	2787
3049	2787
3070	2787
3082	2787
3101	2787
3116	2787
3150	2787
3291	2787
3320	2787
3321	2787
3347	2787
3403	2787
3116	2791
2793	2795
2793	2828
2828	2793
2793	2833
2833	2793
2793	2849
2849	2793
2793	2853
2793	2863
2863	2793
2793	2875
2875	2793
2793	2901
2901	2793
2793	2936
2936	2793
2793	2937
2937	2793
2793	2939
2939	2793
2793	2950
2793	2970
2970	2793
2793	2973
2973	2793
2793	2989
2989	2793
2793	2991
2991	2793
2793	2992
2992	2793
2793	3007
2793	3021
3021	2793
2793	3027
2793	3035
3035	2793
2793	3038
3038	2793
2793	3041
3041	2793
2793	3046
3046	2793
2793	3049
3049	2793
2793	3051
3051	2793
2793	3060
3060	2793
2793	3070
3070	2793
2793	3072
2793	3082
3082	2793
2793	3089
3089	2793
2793	3097
2793	3101
3101	2793
2793	3103
2793	3106
3106	2793
2793	3115
3115	2793
2793	3116
3116	2793
2793	3120
3120	2793
2793	3132
3132	2793
2793	3136
2793	3140
2793	3146
3146	2793
2793	3150
3150	2793
2793	3152
3152	2793
2793	3154
2793	3160
2793	3169
3169	2793
2793	3191
2793	3198
3198	2793
2793	3201
3201	2793
2793	3206
3206	2793
2793	3212
3212	2793
2793	3214
2793	3224
3224	2793
2793	3239
3239	2793
2793	3240
3240	2793
2793	3247
3247	2793
2793	3252
3252	2793
2793	3253
2793	3267
3267	2793
2793	3277
3277	2793
2793	3280
3280	2793
2793	3288
3288	2793
2793	3291
3291	2793
2793	3297
3297	2793
2793	3316
3316	2793
2793	3319
2793	3320
3320	2793
2793	3321
3321	2793
2793	3330
2793	3332
3332	2793
2793	3335
2793	3342
2793	3344
3344	2793
2793	3345
3345	2793
2793	3347
3347	2793
2793	3350
3350	2793
2793	3351
3351	2793
2793	3353
3353	2793
2793	3355
3355	2793
2793	3386
3386	2793
2793	3391
3391	2793
2793	3396
3396	2793
2793	3397
3397	2793
2793	3406
3406	2793
2793	3416
3416	2793
2793	3434
3434	2793
2904	2795
3046	2795
3148	2795
3254	2795
3296	2795
3353	2795
2796	2828
2828	2796
2796	2833
2833	2796
2796	2849
2849	2796
2796	2853
2796	2863
2863	2796
2796	2869
2869	2796
2796	2881
2881	2796
2796	2894
2894	2796
2796	2921
2796	2936
2936	2796
2796	2939
2939	2796
2796	2991
2991	2796
2796	3016
3016	2796
2796	3017
3017	2796
2796	3035
3035	2796
2796	3039
3039	2796
2796	3049
3049	2796
2796	3051
3051	2796
2796	3060
3060	2796
2796	3076
3076	2796
2796	3082
3082	2796
2796	3101
3101	2796
2796	3111
3111	2796
2796	3113
3113	2796
2796	3132
3132	2796
2796	3145
3145	2796
2796	3172
3172	2796
2796	3185
3185	2796
2796	3199
2796	3201
3201	2796
2796	3204
3204	2796
2796	3261
3261	2796
2796	3267
3267	2796
2796	3274
3274	2796
2796	3277
3277	2796
2796	3280
3280	2796
2796	3287
3287	2796
2796	3297
3297	2796
2796	3320
3320	2796
2796	3347
3347	2796
2796	3350
3350	2796
2796	3351
3351	2796
2796	3377
3377	2796
2796	3378
3378	2796
2796	3381
3381	2796
2796	3396
3396	2796
2796	3419
3419	2796
2796	3422
3422	2796
2796	3434
3434	2796
2797	2823
2797	2845
2797	2894
2894	2797
2797	2901
2901	2797
2797	2936
2936	2797
2797	2937
2937	2797
2797	2995
2797	3011
2797	3076
3076	2797
2797	3079
3079	2797
2797	3179
3179	2797
2797	3182
3182	2797
2797	3258
2797	3262
3262	2797
2797	3320
3320	2797
2797	3332
3332	2797
2797	3350
3350	2797
2797	3378
3378	2797
2797	3396
3396	2797
2863	2802
3035	2802
3106	2802
3150	2802
3267	2802
3397	2802
3419	2802
2881	2803
3280	2803
2992	2804
3316	2804
3377	2804
3416	2804
2904	2811
3272	2811
3280	2811
2869	2812
3041	2812
3287	2812
3291	2812
3403	2812
3152	2816
3261	2818
3350	2818
3353	2818
2904	2819
3017	2819
3035	2819
3148	2819
3192	2819
3272	2819
3280	2819
3306	2819
3313	2819
2828	2823
2875	2823
2894	2823
2937	2823
2992	2823
3051	2823
3060	2823
3076	2823
3079	2823
3082	2823
3145	2823
3170	2823
3172	2823
3179	2823
3182	2823
3261	2823
3262	2823
3267	2823
3287	2823
3320	2823
3332	2823
3350	2823
3378	2823
3396	2823
3403	2823
3434	2823
2989	2825
3198	2825
2828	2833
2833	2828
2828	2849
2849	2828
2828	2869
2869	2828
2828	2875
2875	2828
2828	2901
2901	2828
2828	2936
2936	2828
2828	2937
2937	2828
2828	2939
2939	2828
2828	2970
2970	2828
2828	2973
2973	2828
2828	2989
2989	2828
2828	2991
2991	2828
2828	2992
2992	2828
2828	3027
2828	3035
3035	2828
2828	3038
3038	2828
2828	3049
3049	2828
2828	3051
3051	2828
2828	3060
3060	2828
2828	3076
3076	2828
2828	3082
3082	2828
2828	3101
3101	2828
2828	3102
3102	2828
2828	3106
3106	2828
2828	3113
3113	2828
2828	3115
3115	2828
2828	3116
3116	2828
2828	3120
3120	2828
2828	3132
3132	2828
2828	3146
3146	2828
2828	3148
3148	2828
2828	3152
3152	2828
2828	3169
3169	2828
2828	3170
3170	2828
2828	3172
3172	2828
2828	3179
3179	2828
2828	3185
3185	2828
2828	3201
3201	2828
2828	3209
3209	2828
2828	3247
3247	2828
2828	3252
3252	2828
2828	3261
3261	2828
2828	3265
3265	2828
2828	3272
3272	2828
2828	3277
3277	2828
2828	3280
3280	2828
2828	3291
3291	2828
2828	3298
3298	2828
2828	3320
3320	2828
2828	3330
2828	3332
3332	2828
2828	3335
2828	3344
3344	2828
2828	3347
3347	2828
2828	3350
3350	2828
2828	3351
3351	2828
2828	3377
3377	2828
2828	3378
3378	2828
2828	3381
3381	2828
2828	3391
3391	2828
2828	3396
3396	2828
2828	3397
3397	2828
2828	3406
3406	2828
2828	3411
3411	2828
2828	3416
3416	2828
2828	3434
3434	2828
2992	2830
3434	2830
2863	2831
2901	2831
2863	2832
2901	2832
3016	2832
3017	2832
3082	2832
3267	2832
3277	2832
3353	2832
2833	2849
2849	2833
2833	2863
2863	2833
2833	2869
2869	2833
2833	2875
2875	2833
2833	2894
2894	2833
2833	2904
2904	2833
2833	2914
2833	2936
2936	2833
2833	2937
2937	2833
2833	2939
2939	2833
2833	2973
2973	2833
2833	2991
2991	2833
2833	2992
2992	2833
2833	3011
2833	3017
3017	2833
2833	3021
3021	2833
2833	3035
3035	2833
2833	3038
3038	2833
2833	3049
3049	2833
2833	3051
3051	2833
2833	3060
3060	2833
2833	3076
3076	2833
2833	3079
3079	2833
2833	3082
3082	2833
2833	3089
3089	2833
2833	3101
3101	2833
2833	3102
3102	2833
2833	3113
3113	2833
2833	3115
3115	2833
2833	3116
3116	2833
2833	3132
3132	2833
2833	3146
3146	2833
2833	3150
3150	2833
2833	3152
3152	2833
2833	3154
2833	3179
3179	2833
2833	3182
3182	2833
2833	3185
3185	2833
2833	3188
3188	2833
2833	3201
3201	2833
2833	3212
3212	2833
2833	3224
3224	2833
2833	3239
3239	2833
2833	3253
2833	3258
2833	3265
3265	2833
2833	3267
3267	2833
2833	3272
3272	2833
2833	3277
3277	2833
2833	3280
3280	2833
2833	3288
3288	2833
2833	3291
3291	2833
2833	3297
3297	2833
2833	3298
3298	2833
2833	3299
3299	2833
2833	3319
2833	3320
3320	2833
2833	3321
3321	2833
2833	3330
2833	3332
3332	2833
2833	3345
3345	2833
2833	3347
3347	2833
2833	3350
3350	2833
2833	3351
3351	2833
2833	3355
3355	2833
2833	3360
3360	2833
2833	3381
3381	2833
2833	3396
3396	2833
2833	3397
3397	2833
2833	3406
3406	2833
2833	3411
3411	2833
2833	3434
3434	2833
2840	2836
3005	2836
3291	2836
3386	2836
2840	2881
2881	2840
2840	2904
2904	2840
2840	2958
2840	2973
2973	2840
2840	2976
2976	2840
2840	2992
2992	2840
2840	3002
2840	3017
3017	2840
2840	3034
2840	3039
3039	2840
2840	3060
3060	2840
2840	3082
3082	2840
2840	3111
3111	2840
2840	3112
3112	2840
2840	3118
2840	3145
3145	2840
2840	3172
3172	2840
2840	3185
3185	2840
2840	3225
3225	2840
2840	3267
3267	2840
2840	3281
3281	2840
2840	3287
3287	2840
2840	3320
3320	2840
2840	3367
3367	2840
2840	3377
3377	2840
2840	3378
3378	2840
2840	3396
3396	2840
2840	3403
3403	2840
3016	2841
3089	2841
3422	2841
3198	2843
2881	2844
2894	2844
2904	2844
3017	2844
3101	2844
3274	2844
2937	2845
3051	2845
3060	2845
3076	2845
3172	2845
3261	2845
3287	2845
3298	2845
3396	2845
3403	2845
2846	2914
2846	3013
3013	2846
2846	3038
3038	2846
2846	3041
3041	2846
2846	3046
3046	2846
2846	3058
3058	2846
2846	3089
3089	2846
2846	3109
3109	2846
2846	3175
3175	2846
2846	3188
3188	2846
2846	3209
3209	2846
2846	3212
3212	2846
2846	3260
3260	2846
2846	3299
3299	2846
2846	3320
3320	2846
2846	3321
3321	2846
2846	3345
3345	2846
2846	3352
3352	2846
2846	3360
3360	2846
2846	3397
3397	2846
2965	2847
2881	2848
2901	2848
3049	2848
3148	2848
3280	2848
3306	2848
2849	2853
2849	2863
2863	2849
2849	2869
2869	2849
2849	2875
2875	2849
2849	2894
2894	2849
2849	2901
2901	2849
2849	2904
2904	2849
2849	2939
2939	2849
2849	2970
2970	2849
2849	2973
2973	2849
2849	2991
2991	2849
2849	3021
3021	2849
2849	3027
2849	3035
3035	2849
2849	3038
3038	2849
2849	3046
3046	2849
2849	3049
3049	2849
2849	3070
3070	2849
2849	3076
3076	2849
2849	3082
3082	2849
2849	3089
3089	2849
2849	3101
3101	2849
2849	3102
3102	2849
2849	3106
3106	2849
2849	3115
3115	2849
2849	3116
3116	2849
2849	3132
3132	2849
2849	3146
3146	2849
2849	3150
3150	2849
2849	3152
3152	2849
2849	3169
3169	2849
2849	3179
3179	2849
2849	3185
3185	2849
2849	3201
3201	2849
2849	3206
3206	2849
2849	3212
3212	2849
2849	3239
3239	2849
2849	3240
3240	2849
2849	3247
3247	2849
2849	3252
3252	2849
2849	3265
3265	2849
2849	3267
3267	2849
2849	3277
3277	2849
2849	3280
3280	2849
2849	3288
3288	2849
2849	3291
3291	2849
2849	3297
3297	2849
2849	3299
3299	2849
2849	3316
3316	2849
2849	3319
2849	3321
3321	2849
2849	3330
2849	3332
3332	2849
2849	3335
2849	3344
3344	2849
2849	3345
3345	2849
2849	3347
3347	2849
2849	3350
3350	2849
2849	3351
3351	2849
2849	3381
3381	2849
2849	3396
3396	2849
2849	3397
3397	2849
2849	3406
3406	2849
2849	3416
3416	2849
2849	3419
3419	2849
2849	3434
3434	2849
2863	2853
2869	2853
2894	2853
2939	2853
2991	2853
2992	2853
3016	2853
3021	2853
3035	2853
3049	2853
3070	2853
3082	2853
3101	2853
3102	2853
3106	2853
3113	2853
3116	2853
3120	2853
3132	2853
3145	2853
3146	2853
3150	2853
3169	2853
3201	2853
3206	2853
3239	2853
3240	2853
3247	2853
3252	2853
3265	2853
3267	2853
3277	2853
3280	2853
3297	2853
3316	2853
3320	2853
3344	2853
3347	2853
3351	2853
3381	2853
3391	2853
3397	2853
3416	2853
3419	2853
2904	2855
3272	2855
3280	2855
3115	2856
3185	2856
3212	2856
3291	2859
3397	2859
2863	2869
2869	2863
2863	2901
2901	2863
2863	2904
2904	2863
2863	2939
2939	2863
2863	2980
2863	2991
2991	2863
2863	2992
2992	2863
2863	3006
2863	3016
3016	2863
2863	3021
3021	2863
2863	3034
2863	3035
3035	2863
2863	3038
3038	2863
2863	3049
3049	2863
2863	3050
2863	3051
3051	2863
2863	3070
3070	2863
2863	3082
3082	2863
2863	3094
2863	3097
2863	3101
3101	2863
2863	3102
3102	2863
2863	3113
3113	2863
2863	3115
3115	2863
2863	3116
3116	2863
2863	3120
3120	2863
2863	3124
2863	3132
3132	2863
2863	3145
3145	2863
2863	3146
3146	2863
2863	3150
3150	2863
2863	3151
2863	3152
3152	2863
2863	3154
2863	3169
3169	2863
2863	3171
2863	3172
3172	2863
2863	3185
3185	2863
2863	3187
2863	3198
3198	2863
2863	3201
3201	2863
2863	3204
3204	2863
2863	3206
3206	2863
2863	3214
2863	3235
2863	3239
3239	2863
2863	3247
3247	2863
2863	3252
3252	2863
2863	3256
2863	3258
2863	3265
3265	2863
2863	3267
3267	2863
2863	3270
2863	3274
3274	2863
2863	3277
3277	2863
2863	3280
3280	2863
2863	3296
3296	2863
2863	3297
3297	2863
2863	3316
3316	2863
2863	3320
3320	2863
2863	3330
2863	3335
2863	3344
3344	2863
2863	3347
3347	2863
2863	3349
2863	3351
3351	2863
2863	3357
3357	2863
2863	3365
2863	3380
2863	3381
3381	2863
2863	3386
3386	2863
2863	3391
3391	2863
2863	3397
3397	2863
2863	3416
3416	2863
2863	3419
3419	2863
2863	3429
2863	3434
3434	2863
2936	2868
3051	2868
3212	2868
3224	2868
2869	2881
2881	2869
2869	2936
2936	2869
2869	2937
2937	2869
2869	2939
2939	2869
2869	2950
2869	2980
2869	2991
2991	2869
2869	2992
2992	2869
2869	3016
3016	2869
2869	3021
3021	2869
2869	3035
3035	2869
2869	3049
3049	2869
2869	3051
3051	2869
2869	3060
3060	2869
2869	3082
3082	2869
2869	3101
3101	2869
2869	3113
3113	2869
2869	3116
3116	2869
2869	3132
3132	2869
2869	3145
3145	2869
2869	3152
3152	2869
2869	3169
3169	2869
2869	3170
3170	2869
2869	3172
3172	2869
2869	3199
2869	3201
3201	2869
2869	3204
3204	2869
2869	3239
3239	2869
2869	3252
3252	2869
2869	3267
3267	2869
2869	3270
2869	3277
3277	2869
2869	3280
3280	2869
2869	3289
2869	3297
3297	2869
2869	3302
2869	3320
3320	2869
2869	3330
2869	3335
2869	3340
2869	3347
3347	2869
2869	3350
3350	2869
2869	3351
3351	2869
2869	3378
3378	2869
2869	3381
3381	2869
2869	3386
3386	2869
2869	3396
3396	2869
2869	3397
3397	2869
2869	3416
3416	2869
2869	3419
3419	2869
3017	2870
3347	2870
3406	2870
2875	2871
2881	2871
3038	2871
3111	2871
3198	2871
3299	2871
3313	2871
3344	2871
3353	2871
3360	2871
2875	2894
2894	2875
2875	2904
2904	2875
2875	2937
2937	2875
2875	2958
2875	2976
2976	2875
2875	3005
3005	2875
2875	3043
2875	3060
3060	2875
2875	3076
3076	2875
2875	3079
3079	2875
2875	3101
3101	2875
2875	3111
3111	2875
2875	3115
3115	2875
2875	3116
3116	2875
2875	3150
3150	2875
2875	3170
3170	2875
2875	3172
3172	2875
2875	3179
3179	2875
2875	3182
3182	2875
2875	3185
3185	2875
2875	3248
2875	3258
2875	3261
3261	2875
2875	3272
3272	2875
2875	3280
3280	2875
2875	3287
3287	2875
2875	3302
2875	3313
3313	2875
2875	3320
3320	2875
2875	3327
2875	3332
3332	2875
2875	3335
2875	3350
3350	2875
2875	3360
3360	2875
2875	3386
3386	2875
2875	3396
3396	2875
2875	3411
3411	2875
2904	2876
3116	2876
3152	2876
3188	2876
3272	2876
3280	2876
3306	2876
2904	2878
3049	2878
2881	2894
2894	2881
2881	3007
2881	3015
2881	3017
3017	2881
2881	3019
2881	3024
2881	3039
3039	2881
2881	3076
3076	2881
2881	3111
3111	2881
2881	3112
3112	2881
2881	3113
3113	2881
2881	3124
2881	3133
2881	3145
3145	2881
2881	3172
3172	2881
2881	3185
3185	2881
2881	3188
3188	2881
2881	3199
2881	3233
2881	3261
3261	2881
2881	3273
2881	3274
3274	2881
2881	3287
3287	2881
2881	3320
3320	2881
2881	3365
2881	3366
2881	3377
3377	2881
2881	3378
3378	2881
2881	3395
2881	3422
3422	2881
3347	2882
3101	2883
3150	2883
2886	2949
2949	2886
2886	2999
2886	3066
3066	2886
2886	3083
3083	2886
2886	3126
3126	2886
2886	3128
3128	2886
2886	3310
3310	2886
2886	3322
3322	2886
2886	3336
3336	2886
3204	2892
3288	2892
3298	2892
2894	2937
2937	2894
2894	2958
2894	2973
2973	2894
2894	2991
2991	2894
2894	3005
3005	2894
2894	3011
2894	3017
3017	2894
2894	3035
3035	2894
2894	3049
3049	2894
2894	3060
3060	2894
2894	3076
3076	2894
2894	3079
3079	2894
2894	3111
3111	2894
2894	3112
3112	2894
2894	3115
3115	2894
2894	3116
3116	2894
2894	3124
2894	3145
3145	2894
2894	3172
3172	2894
2894	3173
2894	3179
3179	2894
2894	3182
3182	2894
2894	3185
3185	2894
2894	3198
3198	2894
2894	3225
3225	2894
2894	3253
2894	3258
2894	3261
3261	2894
2894	3262
3262	2894
2894	3274
3274	2894
2894	3280
3280	2894
2894	3306
3306	2894
2894	3320
3320	2894
2894	3327
2894	3331
2894	3332
3332	2894
2894	3350
3350	2894
2894	3381
3381	2894
2894	3396
3396	2894
2894	3403
3403	2894
2894	3411
3411	2894
3017	2895
3274	2895
2901	2904
2904	2901
2901	2932
2901	2939
2939	2901
2901	2989
2989	2901
2901	2992
2992	2901
2901	2996
2901	3009
2901	3027
2901	3035
3035	2901
2901	3038
3038	2901
2901	3049
3049	2901
2901	3051
3051	2901
2901	3070
3070	2901
2901	3082
3082	2901
2901	3101
3101	2901
2901	3106
3106	2901
2901	3110
2901	3113
3113	2901
2901	3116
3116	2901
2901	3120
3120	2901
2901	3140
2901	3150
3150	2901
2901	3154
2901	3167
2901	3173
2901	3198
3198	2901
2901	3201
3201	2901
2901	3206
3206	2901
2901	3214
2901	3224
3224	2901
2901	3252
3252	2901
2901	3256
2901	3267
3267	2901
2901	3275
2901	3277
3277	2901
2901	3288
3288	2901
2901	3291
3291	2901
2901	3299
3299	2901
2901	3321
3321	2901
2901	3330
2901	3342
2901	3344
3344	2901
2901	3345
3345	2901
2901	3347
3347	2901
2901	3351
3351	2901
2901	3355
3355	2901
2901	3360
3360	2901
2901	3378
3378	2901
2901	3380
2901	3397
3397	2901
2901	3406
3406	2901
2901	3411
3411	2901
2901	3418
2901	3431
2901	3434
3434	2901
2904	2914
2904	2946
2904	3009
2904	3016
3016	2904
2904	3017
3017	2904
2904	3027
2904	3035
3035	2904
2904	3046
3046	2904
2904	3049
3049	2904
2904	3082
3082	2904
2904	3088
2904	3089
3089	2904
2904	3109
3109	2904
2904	3116
3116	2904
2904	3132
3132	2904
2904	3144
2904	3146
3146	2904
2904	3148
3148	2904
2904	3150
3150	2904
2904	3152
3152	2904
2904	3154
2904	3188
3188	2904
2904	3198
3198	2904
2904	3201
3201	2904
2904	3206
3206	2904
2904	3211
2904	3212
3212	2904
2904	3214
2904	3215
2904	3247
3247	2904
2904	3253
2904	3267
3267	2904
2904	3272
3272	2904
2904	3280
3280	2904
2904	3291
3291	2904
2904	3298
3298	2904
2904	3306
3306	2904
2904	3319
2904	3321
3321	2904
2904	3330
2904	3341
2904	3342
2904	3345
3345	2904
2904	3353
3353	2904
2904	3360
3360	2904
2904	3378
3378	2904
2904	3406
3406	2904
2904	3411
3411	2904
2904	3434
3434	2904
3345	2910
3224	2913
3013	2914
3038	2914
3101	2914
3132	2914
3150	2914
3179	2914
3188	2914
3194	2914
3209	2914
3320	2914
3321	2914
3360	2914
3397	2914
3411	2914
2989	2921
3017	2921
3198	2921
3204	2921
3299	2921
3345	2921
3353	2921
3360	2921
3397	2921
3406	2921
3411	2921
3005	2923
3046	2923
3265	2923
3296	2923
3411	2923
3016	2932
3111	2932
3198	2932
3299	2932
2949	2933
3066	2933
2949	2935
3066	2935
3274	2935
2936	2937
2937	2936
2936	2965
2965	2936
2936	2973
2973	2936
2936	2989
2989	2936
2936	2992
2992	2936
2936	2998
2936	3015
2936	3027
2936	3035
3035	2936
2936	3038
3038	2936
2936	3051
3051	2936
2936	3060
3060	2936
2936	3082
3082	2936
2936	3101
3101	2936
2936	3106
3106	2936
2936	3113
3113	2936
2936	3145
3145	2936
2936	3152
3152	2936
2936	3154
2936	3160
2936	3170
3170	2936
2936	3172
3172	2936
2936	3198
3198	2936
2936	3224
3224	2936
2936	3260
3260	2936
2936	3261
3261	2936
2936	3267
3267	2936
2936	3272
3272	2936
2936	3288
3288	2936
2936	3291
3291	2936
2936	3298
3298	2936
2936	3302
2936	3320
3320	2936
2936	3330
2936	3332
3332	2936
2936	3344
3344	2936
2936	3347
3347	2936
2936	3355
3355	2936
2936	3373
2936	3378
3378	2936
2936	3386
3386	2936
2936	3396
3396	2936
2936	3397
3397	2936
2936	3403
3403	2936
2936	3434
3434	2936
2937	2973
2973	2937
2937	2991
2991	2937
2937	2992
2992	2937
2937	2995
2937	3011
2937	3035
3035	2937
2937	3051
3051	2937
2937	3060
3060	2937
2937	3076
3076	2937
2937	3079
3079	2937
2937	3082
3082	2937
2937	3101
3101	2937
2937	3115
3115	2937
2937	3116
3116	2937
2937	3145
3145	2937
2937	3152
3152	2937
2937	3170
3170	2937
2937	3172
3172	2937
2937	3179
3179	2937
2937	3182
3182	2937
2937	3201
3201	2937
2937	3206
3206	2937
2937	3224
3224	2937
2937	3247
3247	2937
2937	3252
3252	2937
2937	3258
2937	3262
3262	2937
2937	3267
3267	2937
2937	3280
3280	2937
2937	3291
3291	2937
2937	3298
3298	2937
2937	3320
3320	2937
2937	3332
3332	2937
2937	3350
3350	2937
2937	3353
3353	2937
2937	3378
3378	2937
2937	3396
3396	2937
2937	3397
3397	2937
2937	3406
3406	2937
2937	3422
3422	2937
2937	3434
3434	2937
2965	2938
3182	2938
3396	2938
2939	2970
2970	2939
2939	2973
2973	2939
2939	2992
2992	2939
2939	3021
3021	2939
2939	3027
2939	3035
3035	2939
2939	3049
3049	2939
2939	3051
3051	2939
2939	3070
3070	2939
2939	3082
3082	2939
2939	3094
2939	3101
3101	2939
2939	3102
3102	2939
2939	3113
3113	2939
2939	3116
3116	2939
2939	3120
3120	2939
2939	3132
3132	2939
2939	3146
3146	2939
2939	3148
3148	2939
2939	3150
3150	2939
2939	3152
3152	2939
2939	3169
3169	2939
2939	3179
3179	2939
2939	3185
3185	2939
2939	3201
3201	2939
2939	3206
3206	2939
2939	3239
3239	2939
2939	3247
3247	2939
2939	3252
3252	2939
2939	3265
3265	2939
2939	3267
3267	2939
2939	3277
3277	2939
2939	3280
3280	2939
2939	3291
3291	2939
2939	3297
3297	2939
2939	3302
2939	3316
3316	2939
2939	3330
2939	3335
2939	3344
3344	2939
2939	3347
3347	2939
2939	3351
3351	2939
2939	3373
2939	3381
3381	2939
2939	3391
3391	2939
2939	3397
3397	2939
2939	3416
3416	2939
2939	3434
3434	2939
2989	2942
2949	2983
2949	2997
2949	2999
2949	3012
2949	3020
2949	3028
2949	3063
2949	3066
3066	2949
2949	3083
3083	2949
2949	3126
3126	2949
2949	3128
3128	2949
2949	3155
2949	3310
3310	2949
2949	3322
3322	2949
2949	3336
3336	2949
2976	2950
3035	2950
3060	2950
3070	2950
3076	2950
3101	2950
3113	2950
3115	2950
3116	2950
3150	2950
3152	2950
3172	2950
3182	2950
3185	2950
3198	2950
3261	2950
3272	2950
3280	2950
3320	2950
3321	2950
3351	2950
3357	2950
3360	2950
3411	2950
2989	2951
3016	2951
3017	2951
3038	2951
3051	2951
3082	2951
3106	2951
3120	2951
3150	2951
3198	2951
3224	2951
3240	2951
3252	2951
3274	2951
3291	2951
3299	2951
3313	2951
3321	2951
3344	2951
3345	2951
3353	2951
3360	2951
3391	2951
3397	2951
3406	2951
3411	2951
3397	2955
3403	2955
3419	2955
3254	2957
2976	2958
3076	2958
3079	2958
3111	2958
3179	2958
3182	2958
3261	2958
3262	2958
3280	2958
3288	2958
3313	2958
3350	2958
3353	2958
3377	2958
3386	2958
3396	2958
3038	2964
3051	2964
2965	3005
3005	2965
2965	3051
3051	2965
2965	3060
3060	2965
2965	3107
2965	3148
3148	2965
2965	3162
2965	3242
2965	3274
3274	2965
2965	3280
3280	2965
2965	3298
3298	2965
2965	3328
2965	3378
3378	2965
2970	3021
3021	2970
2970	3035
3035	2970
2970	3049
3049	2970
2970	3070
3070	2970
2970	3082
3082	2970
2970	3101
3101	2970
2970	3102
3102	2970
2970	3106
3106	2970
2970	3115
3115	2970
2970	3116
3116	2970
2970	3120
3120	2970
2970	3132
3132	2970
2970	3146
3146	2970
2970	3150
3150	2970
2970	3169
3169	2970
2970	3179
3179	2970
2970	3185
3185	2970
2970	3201
3201	2970
2970	3206
3206	2970
2970	3239
3239	2970
2970	3247
3247	2970
2970	3252
3252	2970
2970	3265
3265	2970
2970	3280
3280	2970
2970	3297
3297	2970
2970	3316
3316	2970
2970	3330
2970	3332
3332	2970
2970	3344
3344	2970
2970	3351
3351	2970
2970	3391
3391	2970
2970	3411
3411	2970
2970	3416
3416	2970
2970	3419
3419	2970
2970	3434
3434	2970
2973	2976
2976	2973
2973	2989
2989	2973
2973	2992
2992	2973
2973	3021
3021	2973
2973	3035
3035	2973
2973	3038
3038	2973
2973	3041
3041	2973
2973	3046
3046	2973
2973	3049
3049	2973
2973	3051
3051	2973
2973	3060
3060	2973
2973	3070
3070	2973
2973	3082
3082	2973
2973	3089
3089	2973
2973	3101
3101	2973
2973	3106
3106	2973
2973	3115
3115	2973
2973	3116
3116	2973
2973	3120
3120	2973
2973	3132
3132	2973
2973	3146
3146	2973
2973	3152
3152	2973
2973	3154
2973	3160
2973	3169
3169	2973
2973	3201
3201	2973
2973	3206
3206	2973
2973	3212
3212	2973
2973	3223
2973	3239
3239	2973
2973	3240
3240	2973
2973	3247
3247	2973
2973	3252
3252	2973
2973	3280
3280	2973
2973	3291
3291	2973
2973	3299
3299	2973
2973	3319
2973	3320
3320	2973
2973	3321
3321	2973
2973	3330
2973	3332
3332	2973
2973	3344
3344	2973
2973	3345
3345	2973
2973	3347
3347	2973
2973	3351
3351	2973
2973	3355
3355	2973
2973	3360
3360	2973
2973	3386
3386	2973
2973	3391
3391	2973
2973	3396
3396	2973
2973	3397
3397	2973
2973	3406
3406	2973
2973	3422
3422	2973
2973	3434
3434	2973
2976	2989
2989	2976
2976	3017
3017	2976
2976	3060
3060	2976
2976	3076
3076	2976
2976	3089
3089	2976
2976	3111
3111	2976
2976	3118
2976	3160
2976	3172
3172	2976
2976	3182
3182	2976
2976	3185
3185	2976
2976	3258
2976	3261
3261	2976
2976	3272
3272	2976
2976	3280
3280	2976
2976	3287
3287	2976
2976	3289
2976	3291
3291	2976
2976	3298
3298	2976
2976	3320
3320	2976
2976	3344
3344	2976
2976	3360
3360	2976
2976	3378
3378	2976
2976	3386
3386	2976
2976	3403
3403	2976
2976	3434
3434	2976
3101	2979
3201	2979
3297	2979
3267	2980
3066	2983
3083	2983
3128	2983
2992	2984
3192	2984
3206	2984
3274	2984
3291	2984
3316	2984
3353	2984
3377	2984
2989	2992
2992	2989
2989	3038
3038	2989
2989	3041
3041	2989
2989	3046
3046	2989
2989	3051
3051	2989
2989	3070
3070	2989
2989	3075
2989	3082
3082	2989
2989	3087
2989	3089
3089	2989
2989	3101
3101	2989
2989	3106
3106	2989
2989	3116
3116	2989
2989	3120
3120	2989
2989	3150
3150	2989
2989	3154
2989	3160
2989	3198
3198	2989
2989	3240
3240	2989
2989	3247
3247	2989
2989	3249
2989	3252
3252	2989
2989	3291
3291	2989
2989	3320
3320	2989
2989	3321
3321	2989
2989	3330
2989	3335
2989	3344
3344	2989
2989	3345
3345	2989
2989	3353
3353	2989
2989	3355
3355	2989
2989	3360
3360	2989
2989	3378
3378	2989
2989	3386
3386	2989
2989	3391
3391	2989
2989	3397
3397	2989
2989	3406
3406	2989
2989	3434
3434	2989
2991	2992
2992	2991
2991	3035
3035	2991
2991	3049
3049	2991
2991	3051
3051	2991
2991	3060
3060	2991
2991	3070
3070	2991
2991	3082
3082	2991
2991	3101
3101	2991
2991	3102
3102	2991
2991	3106
3106	2991
2991	3113
3113	2991
2991	3116
3116	2991
2991	3132
3132	2991
2991	3145
3145	2991
2991	3146
3146	2991
2991	3152
3152	2991
2991	3169
3169	2991
2991	3172
3172	2991
2991	3185
3185	2991
2991	3201
3201	2991
2991	3204
3204	2991
2991	3239
3239	2991
2991	3247
3247	2991
2991	3252
3252	2991
2991	3265
3265	2991
2991	3267
3267	2991
2991	3277
3277	2991
2991	3280
3280	2991
2991	3288
3288	2991
2991	3297
3297	2991
2991	3320
3320	2991
2991	3330
2991	3347
3347	2991
2991	3350
3350	2991
2991	3351
3351	2991
2991	3378
3378	2991
2991	3381
3381	2991
2991	3396
3396	2991
2991	3416
3416	2991
2991	3419
3419	2991
2991	3434
3434	2991
2992	3017
3017	2992
2992	3027
2992	3035
3035	2992
2992	3051
3051	2992
2992	3060
3060	2992
2992	3079
3079	2992
2992	3082
3082	2992
2992	3101
3101	2992
2992	3102
3102	2992
2992	3106
3106	2992
2992	3107
2992	3113
3113	2992
2992	3120
3120	2992
2992	3132
3132	2992
2992	3145
3145	2992
2992	3169
3169	2992
2992	3172
3172	2992
2992	3191
2992	3199
2992	3201
3201	2992
2992	3204
3204	2992
2992	3206
3206	2992
2992	3224
3224	2992
2992	3240
3240	2992
2992	3247
3247	2992
2992	3252
3252	2992
2992	3267
3267	2992
2992	3277
3277	2992
2992	3280
3280	2992
2992	3288
3288	2992
2992	3291
3291	2992
2992	3297
3297	2992
2992	3298
3298	2992
2992	3302
2992	3320
3320	2992
2992	3329
2992	3330
2992	3344
3344	2992
2992	3347
3347	2992
2992	3355
3355	2992
2992	3377
3377	2992
2992	3378
3378	2992
2992	3381
3381	2992
2992	3397
3397	2992
2992	3416
3416	2992
2992	3419
3419	2992
2992	3434
3434	2992
3051	2995
3170	2995
3272	2995
3397	2995
3038	2996
3201	2996
3224	2996
3277	2996
3291	2996
3321	2996
3345	2996
3351	2996
3406	2996
3066	2999
3083	2999
3128	2999
3240	2999
3310	2999
3051	3002
3076	3002
3082	3002
3089	3002
3113	3002
3150	3002
3224	3002
3287	3002
3291	3002
3353	3002
3397	3002
3403	3002
3005	3010
3005	3011
3005	3017
3017	3005
3005	3027
3005	3039
3039	3005
3005	3057
3005	3060
3060	3005
3005	3072
3005	3101
3101	3005
3005	3111
3111	3005
3005	3113
3113	3005
3005	3118
3005	3136
3005	3145
3145	3005
3005	3150
3150	3005
3005	3151
3005	3165
3005	3172
3172	3005
3005	3185
3185	3005
3005	3198
3198	3005
3005	3214
3005	3254
3254	3005
3005	3287
3287	3005
3005	3292
3005	3302
3005	3320
3320	3005
3005	3342
3005	3343
3005	3347
3347	3005
3005	3366
3005	3403
3403	3005
3005	3411
3411	3005
3101	3007
3188	3007
3247	3007
3252	3007
3344	3007
3434	3007
3035	3009
3082	3009
3109	3009
3116	3009
3204	3009
3206	3009
3406	3009
3076	3011
3079	3011
3179	3011
3182	3011
3254	3011
3262	3011
3287	3011
3332	3011
3350	3011
3386	3011
3396	3011
3411	3011
3013	3041
3041	3013
3013	3046
3046	3013
3013	3060
3060	3013
3013	3109
3109	3013
3013	3175
3175	3013
3013	3188
3188	3013
3013	3194
3194	3013
3013	3209
3209	3013
3013	3212
3212	3013
3013	3260
3260	3013
3013	3299
3299	3013
3013	3345
3345	3013
3013	3352
3352	3013
3013	3360
3360	3013
3013	3397
3397	3013
3287	3015
3016	3075
3016	3082
3082	3016
3016	3113
3113	3016
3016	3144
3016	3154
3016	3169
3169	3016
3016	3171
3016	3208
3016	3214
3016	3239
3239	3016
3016	3252
3252	3016
3016	3267
3267	3016
3016	3270
3016	3277
3277	3016
3016	3416
3416	3016
3016	3419
3419	3016
3017	3027
3017	3038
3038	3017
3017	3051
3051	3017
3017	3060
3060	3017
3017	3076
3076	3017
3017	3082
3082	3017
3017	3093
3017	3101
3101	3017
3017	3111
3111	3017
3017	3118
3017	3145
3145	3017
3017	3152
3152	3017
3017	3172
3172	3017
3017	3182
3182	3017
3017	3185
3185	3017
3017	3192
3192	3017
3017	3198
3198	3017
3017	3201
3201	3017
3017	3224
3224	3017
3017	3225
3225	3017
3017	3258
3017	3261
3261	3017
3017	3274
3274	3017
3017	3276
3017	3281
3281	3017
3017	3287
3287	3017
3017	3291
3291	3017
3017	3299
3299	3017
3017	3320
3320	3017
3017	3328
3017	3330
3017	3340
3017	3353
3353	3017
3017	3367
3367	3017
3017	3377
3377	3017
3017	3378
3378	3017
3017	3385
3017	3396
3396	3017
3017	3397
3397	3017
3017	3403
3403	3017
3017	3422
3422	3017
3017	3434
3434	3017
3035	3018
3277	3018
3419	3018
3051	3019
3076	3019
3079	3019
3113	3019
3306	3019
3350	3019
3377	3019
3386	3019
3083	3020
3201	3020
3021	3035
3035	3021
3021	3049
3049	3021
3021	3070
3070	3021
3021	3082
3082	3021
3021	3101
3101	3021
3021	3102
3102	3021
3021	3115
3115	3021
3021	3116
3116	3021
3021	3132
3132	3021
3021	3146
3146	3021
3021	3152
3152	3021
3021	3169
3169	3021
3021	3182
3182	3021
3021	3201
3201	3021
3021	3206
3206	3021
3021	3239
3239	3021
3021	3247
3247	3021
3021	3252
3252	3021
3021	3265
3265	3021
3021	3277
3277	3021
3021	3280
3280	3021
3021	3288
3288	3021
3021	3296
3296	3021
3021	3297
3297	3021
3021	3302
3021	3316
3316	3021
3021	3320
3320	3021
3021	3332
3332	3021
3021	3344
3344	3021
3021	3351
3351	3021
3021	3396
3396	3021
3021	3397
3397	3021
3021	3416
3416	3021
3021	3419
3419	3021
3021	3434
3434	3021
3051	3024
3225	3024
3397	3024
3038	3027
3051	3027
3101	3027
3113	3027
3116	3027
3150	3027
3152	3027
3192	3027
3198	3027
3274	3027
3291	3027
3296	3027
3313	3027
3347	3027
3353	3027
3403	3027
3397	3032
3038	3034
3070	3034
3079	3034
3082	3034
3089	3034
3101	3034
3152	3034
3261	3034
3287	3034
3313	3034
3345	3034
3360	3034
3397	3034
3403	3034
3406	3034
3035	3038
3038	3035
3035	3049
3049	3035
3035	3051
3051	3035
3035	3070
3070	3035
3035	3082
3082	3035
3035	3101
3101	3035
3035	3102
3102	3035
3035	3113
3113	3035
3035	3115
3115	3035
3035	3116
3116	3035
3035	3120
3120	3035
3035	3132
3132	3035
3035	3145
3145	3035
3035	3146
3146	3035
3035	3150
3150	3035
3035	3152
3152	3035
3035	3169
3169	3035
3035	3179
3179	3035
3035	3182
3182	3035
3035	3185
3185	3035
3035	3198
3198	3035
3035	3201
3201	3035
3035	3204
3204	3035
3035	3206
3206	3035
3035	3211
3035	3235
3035	3239
3239	3035
3035	3247
3247	3035
3035	3252
3252	3035
3035	3265
3265	3035
3035	3267
3267	3035
3035	3277
3277	3035
3035	3280
3280	3035
3035	3288
3288	3035
3035	3296
3296	3035
3035	3297
3297	3035
3035	3307
3035	3316
3316	3035
3035	3320
3320	3035
3035	3330
3035	3335
3035	3344
3344	3035
3035	3347
3347	3035
3035	3351
3351	3035
3035	3353
3353	3035
3035	3355
3355	3035
3035	3360
3360	3035
3035	3378
3378	3035
3035	3381
3381	3035
3035	3391
3391	3035
3035	3397
3397	3035
3035	3416
3416	3035
3035	3419
3419	3035
3035	3434
3434	3035
3038	3049
3049	3038
3038	3051
3051	3038
3038	3060
3060	3038
3038	3075
3038	3081
3038	3082
3082	3038
3038	3089
3089	3038
3038	3093
3038	3101
3101	3038
3038	3106
3106	3038
3038	3116
3116	3038
3038	3120
3120	3038
3038	3140
3038	3150
3150	3038
3038	3152
3152	3038
3038	3154
3038	3177
3038	3197
3197	3038
3038	3198
3198	3038
3038	3203
3038	3204
3204	3038
3038	3209
3209	3038
3038	3212
3212	3038
3038	3224
3224	3038
3038	3240
3240	3038
3038	3247
3247	3038
3038	3252
3252	3038
3038	3258
3038	3260
3260	3038
3038	3274
3274	3038
3038	3277
3277	3038
3038	3288
3288	3038
3038	3291
3291	3038
3038	3297
3297	3038
3038	3299
3299	3038
3038	3302
3038	3319
3038	3320
3320	3038
3038	3321
3321	3038
3038	3330
3038	3335
3038	3342
3038	3344
3344	3038
3038	3345
3345	3038
3038	3351
3351	3038
3038	3353
3353	3038
3038	3355
3355	3038
3038	3360
3360	3038
3038	3380
3038	3386
3386	3038
3038	3391
3391	3038
3038	3395
3038	3397
3397	3038
3038	3406
3406	3038
3038	3421
3038	3434
3434	3038
3039	3076
3076	3039
3039	3111
3111	3039
3039	3172
3172	3039
3039	3185
3185	3039
3039	3199
3039	3225
3225	3039
3039	3261
3261	3039
3039	3274
3274	3039
3039	3287
3287	3039
3039	3320
3320	3039
3039	3377
3377	3039
3039	3378
3378	3039
3039	3396
3396	3039
3039	3403
3403	3039
3039	3422
3422	3039
3041	3046
3046	3041
3041	3058
3058	3041
3041	3089
3089	3041
3041	3101
3101	3041
3041	3140
3041	3188
3188	3041
3041	3194
3194	3041
3041	3209
3209	3041
3041	3240
3240	3041
3041	3299
3299	3041
3041	3326
3041	3345
3345	3041
3041	3352
3352	3041
3041	3360
3360	3041
3313	3043
3357	3043
3360	3043
3046	3058
3058	3046
3046	3076
3076	3046
3046	3089
3089	3046
3046	3106
3106	3046
3046	3109
3109	3046
3046	3140
3046	3146
3146	3046
3046	3188
3188	3046
3046	3209
3209	3046
3046	3212
3212	3046
3046	3248
3046	3260
3260	3046
3046	3299
3299	3046
3046	3319
3046	3345
3345	3046
3046	3352
3352	3046
3046	3360
3360	3046
3046	3393
3046	3406
3406	3046
3046	3434
3434	3046
3185	3048
3049	3070
3070	3049
3049	3078
3049	3082
3082	3049
3049	3097
3049	3101
3101	3049
3049	3102
3102	3049
3049	3106
3106	3049
3049	3113
3113	3049
3049	3115
3115	3049
3049	3116
3116	3049
3049	3120
3120	3049
3049	3132
3132	3049
3049	3146
3146	3049
3049	3150
3150	3049
3049	3152
3152	3049
3049	3169
3169	3049
3049	3179
3179	3049
3049	3185
3185	3049
3049	3188
3188	3049
3049	3201
3201	3049
3049	3206
3206	3049
3049	3239
3239	3049
3049	3247
3247	3049
3049	3252
3252	3049
3049	3265
3265	3049
3049	3267
3267	3049
3049	3277
3277	3049
3049	3280
3280	3049
3049	3291
3291	3049
3049	3296
3296	3049
3049	3297
3297	3049
3049	3316
3316	3049
3049	3330
3049	3335
3049	3344
3344	3049
3049	3347
3347	3049
3049	3350
3350	3049
3049	3351
3351	3049
3049	3381
3381	3049
3049	3391
3391	3049
3049	3397
3397	3049
3049	3411
3411	3049
3049	3416
3416	3049
3049	3419
3419	3049
3049	3434
3434	3049
3296	3050
3051	3060
3060	3051
3051	3075
3051	3082
3082	3051
3051	3101
3101	3051
3051	3102
3102	3051
3051	3106
3106	3051
3051	3113
3113	3051
3051	3116
3116	3051
3051	3132
3132	3051
3051	3140
3051	3145
3145	3051
3051	3152
3152	3051
3051	3154
3051	3160
3051	3162
3051	3168
3051	3170
3170	3051
3051	3172
3172	3051
3051	3182
3182	3051
3051	3185
3185	3051
3051	3186
3051	3198
3198	3051
3051	3201
3201	3051
3051	3204
3204	3051
3051	3224
3224	3051
3051	3240
3240	3051
3051	3252
3252	3051
3051	3260
3260	3051
3051	3261
3261	3051
3051	3267
3267	3051
3051	3274
3274	3051
3051	3277
3277	3051
3051	3280
3280	3051
3051	3287
3287	3051
3051	3288
3288	3051
3051	3291
3291	3051
3051	3296
3296	3051
3051	3298
3298	3051
3051	3299
3299	3051
3051	3320
3320	3051
3051	3321
3321	3051
3051	3330
3051	3332
3332	3051
3051	3344
3344	3051
3051	3347
3347	3051
3051	3350
3350	3051
3051	3351
3351	3051
3051	3353
3353	3051
3051	3355
3355	3051
3051	3373
3051	3378
3378	3051
3051	3381
3381	3051
3051	3386
3386	3051
3051	3396
3396	3051
3051	3397
3397	3051
3051	3406
3406	3051
3051	3419
3419	3051
3051	3434
3434	3051
3396	3057
3058	3188
3188	3058
3058	3209
3209	3058
3058	3212
3212	3058
3058	3299
3299	3058
3058	3345
3345	3058
3058	3352
3352	3058
3058	3360
3360	3058
3060	3076
3076	3060
3060	3079
3079	3060
3060	3082
3082	3060
3060	3101
3101	3060
3060	3102
3102	3060
3060	3111
3111	3060
3060	3112
3112	3060
3060	3113
3113	3060
3060	3116
3116	3060
3060	3132
3132	3060
3060	3140
3060	3145
3145	3060
3060	3150
3150	3060
3060	3152
3152	3060
3060	3172
3172	3060
3060	3179
3179	3060
3060	3182
3182	3060
3060	3185
3185	3060
3060	3199
3060	3201
3201	3060
3060	3209
3209	3060
3060	3258
3060	3260
3260	3060
3060	3272
3272	3060
3060	3280
3280	3060
3060	3287
3287	3060
3060	3291
3291	3060
3060	3298
3298	3060
3060	3320
3320	3060
3060	3328
3060	3330
3060	3332
3332	3060
3060	3347
3347	3060
3060	3350
3350	3060
3060	3360
3360	3060
3060	3367
3367	3060
3060	3378
3378	3060
3060	3381
3381	3060
3060	3396
3396	3060
3060	3397
3397	3060
3060	3403
3403	3060
3060	3411
3411	3060
3306	3062
3066	3072
3066	3083
3083	3066
3066	3126
3126	3066
3066	3128
3128	3066
3066	3155
3066	3322
3322	3066
3066	3336
3336	3066
3079	3067
3089	3067
3261	3067
3397	3069
3070	3082
3082	3070
3070	3101
3101	3070
3070	3106
3106	3070
3070	3116
3116	3070
3070	3120
3120	3070
3070	3132
3132	3070
3070	3140
3070	3146
3146	3070
3070	3150
3150	3070
3070	3152
3152	3070
3070	3154
3070	3169
3169	3070
3070	3198
3198	3070
3070	3201
3201	3070
3070	3206
3206	3070
3070	3239
3239	3070
3070	3240
3240	3070
3070	3247
3247	3070
3070	3252
3252	3070
3070	3265
3265	3070
3070	3267
3267	3070
3070	3277
3277	3070
3070	3297
3297	3070
3070	3302
3070	3316
3316	3070
3070	3330
3070	3344
3344	3070
3070	3350
3350	3070
3070	3351
3351	3070
3070	3355
3355	3070
3070	3386
3386	3070
3070	3391
3391	3070
3070	3397
3397	3070
3070	3416
3416	3070
3070	3434
3434	3070
3101	3072
3150	3072
3152	3072
3192	3072
3212	3072
3287	3072
3353	3072
3403	3072
3198	3075
3313	3075
3357	3075
3397	3075
3076	3079
3079	3076
3076	3082
3082	3076
3076	3101
3101	3076
3076	3111
3111	3076
3076	3113
3113	3076
3076	3115
3115	3076
3076	3116
3116	3076
3076	3132
3132	3076
3076	3136
3076	3145
3145	3076
3076	3150
3150	3076
3076	3152
3152	3076
3076	3172
3172	3076
3076	3179
3179	3076
3076	3182
3182	3076
3076	3185
3185	3076
3076	3199
3076	3201
3201	3076
3076	3204
3204	3076
3076	3206
3206	3076
3076	3225
3225	3076
3076	3258
3076	3261
3261	3076
3076	3262
3262	3076
3076	3272
3272	3076
3076	3274
3274	3076
3076	3279
3076	3280
3280	3076
3076	3281
3281	3076
3076	3287
3287	3076
3076	3289
3076	3291
3291	3076
3076	3296
3296	3076
3076	3298
3298	3076
3076	3313
3313	3076
3076	3320
3320	3076
3076	3332
3332	3076
3076	3347
3347	3076
3076	3350
3350	3076
3076	3353
3353	3076
3076	3367
3367	3076
3076	3377
3377	3076
3076	3378
3378	3076
3076	3381
3381	3076
3076	3396
3396	3076
3076	3397
3397	3076
3076	3403
3403	3076
3076	3411
3411	3076
3076	3422
3422	3076
3076	3434
3434	3076
3079	3160
3079	3172
3172	3079
3079	3179
3179	3079
3079	3182
3182	3079
3079	3258
3079	3262
3262	3079
3079	3288
3288	3079
3079	3320
3320	3079
3079	3332
3332	3079
3079	3350
3350	3079
3079	3351
3351	3079
3079	3386
3386	3079
3079	3396
3396	3079
3079	3411
3411	3079
3079	3434
3434	3079
3082	3101
3101	3082
3082	3106
3106	3082
3082	3113
3113	3082
3082	3115
3115	3082
3082	3116
3116	3082
3082	3120
3120	3082
3082	3132
3132	3082
3082	3140
3082	3145
3145	3082
3082	3146
3146	3082
3082	3148
3148	3082
3082	3150
3150	3082
3082	3152
3152	3082
3082	3169
3169	3082
3082	3172
3172	3082
3082	3182
3182	3082
3082	3185
3185	3082
3082	3191
3082	3198
3198	3082
3082	3201
3201	3082
3082	3203
3082	3204
3204	3082
3082	3206
3206	3082
3082	3224
3224	3082
3082	3239
3239	3082
3082	3240
3240	3082
3082	3247
3247	3082
3082	3252
3252	3082
3082	3260
3260	3082
3082	3265
3265	3082
3082	3267
3267	3082
3082	3272
3272	3082
3082	3277
3277	3082
3082	3280
3280	3082
3082	3291
3291	3082
3082	3297
3297	3082
3082	3299
3299	3082
3082	3306
3306	3082
3082	3316
3316	3082
3082	3320
3320	3082
3082	3321
3321	3082
3082	3330
3082	3332
3332	3082
3082	3335
3082	3342
3082	3344
3344	3082
3082	3345
3345	3082
3082	3347
3347	3082
3082	3350
3350	3082
3082	3351
3351	3082
3082	3355
3355	3082
3082	3357
3357	3082
3082	3378
3378	3082
3082	3381
3381	3082
3082	3386
3386	3082
3082	3391
3391	3082
3082	3396
3396	3082
3082	3397
3397	3082
3082	3406
3406	3082
3082	3409
3082	3411
3411	3082
3082	3416
3416	3082
3082	3419
3419	3082
3082	3421
3082	3434
3434	3082
3083	3126
3126	3083
3083	3128
3128	3083
3083	3322
3322	3083
3296	3087
3299	3087
3313	3087
3321	3087
3406	3087
3116	3088
3272	3088
3280	3088
3291	3088
3298	3088
3089	3101
3101	3089
3089	3106
3106	3089
3089	3109
3109	3089
3089	3116
3116	3089
3089	3118
3089	3120
3120	3089
3089	3160
3089	3188
3188	3089
3089	3194
3194	3089
3089	3209
3209	3089
3089	3212
3212	3089
3089	3240
3240	3089
3089	3252
3252	3089
3089	3260
3260	3089
3089	3263
3089	3287
3287	3089
3089	3299
3299	3089
3089	3319
3089	3321
3321	3089
3089	3332
3332	3089
3089	3344
3344	3089
3089	3345
3345	3089
3089	3355
3355	3089
3089	3360
3360	3089
3089	3393
3089	3397
3397	3089
3089	3403
3403	3089
3089	3406
3406	3089
3204	3093
3274	3093
3291	3093
3357	3093
3145	3094
3204	3094
3267	3094
3101	3097
3150	3097
3274	3097
3299	3097
3345	3097
3360	3097
3111	3100
3145	3100
3179	3100
3182	3100
3320	3100
3350	3100
3101	3102
3102	3101
3101	3106
3106	3101
3101	3110
3101	3113
3113	3101
3101	3115
3115	3101
3101	3116
3116	3101
3101	3120
3120	3101
3101	3132
3132	3101
3101	3140
3101	3145
3145	3101
3101	3146
3146	3101
3101	3150
3150	3101
3101	3152
3152	3101
3101	3155
3101	3169
3169	3101
3101	3179
3179	3101
3101	3182
3182	3101
3101	3185
3185	3101
3101	3188
3188	3101
3101	3198
3198	3101
3101	3201
3201	3101
3101	3206
3206	3101
3101	3214
3101	3224
3224	3101
3101	3225
3225	3101
3101	3239
3239	3101
3101	3240
3240	3101
3101	3247
3247	3101
3101	3252
3252	3101
3101	3253
3101	3261
3261	3101
3101	3265
3265	3101
3101	3267
3267	3101
3101	3277
3277	3101
3101	3280
3280	3101
3101	3288
3288	3101
3101	3291
3291	3101
3101	3296
3296	3101
3101	3297
3297	3101
3101	3302
3101	3316
3316	3101
3101	3320
3320	3101
3101	3330
3101	3332
3332	3101
3101	3335
3101	3344
3344	3101
3101	3347
3347	3101
3101	3350
3350	3101
3101	3351
3351	3101
3101	3353
3353	3101
3101	3355
3355	3101
3101	3360
3360	3101
3101	3366
3101	3373
3101	3381
3381	3101
3101	3385
3101	3391
3391	3101
3101	3397
3397	3101
3101	3403
3403	3101
3101	3406
3406	3101
3101	3411
3411	3101
3101	3416
3416	3101
3101	3419
3419	3101
3101	3434
3434	3101
3102	3116
3116	3102
3102	3132
3132	3102
3102	3145
3145	3102
3102	3146
3146	3102
3102	3150
3150	3102
3102	3152
3152	3102
3102	3169
3169	3102
3102	3179
3179	3102
3102	3185
3185	3102
3102	3201
3201	3102
3102	3239
3239	3102
3102	3247
3247	3102
3102	3252
3252	3102
3102	3265
3265	3102
3102	3267
3267	3102
3102	3277
3277	3102
3102	3280
3280	3102
3102	3297
3297	3102
3102	3320
3320	3102
3102	3330
3102	3344
3344	3102
3102	3347
3347	3102
3102	3351
3351	3102
3102	3416
3416	3102
3102	3434
3434	3102
3150	3103
3106	3116
3116	3106
3106	3120
3120	3106
3106	3146
3146	3106
3106	3154
3106	3160
3106	3169
3169	3106
3106	3191
3106	3198
3198	3106
3106	3201
3201	3106
3106	3203
3106	3224
3224	3106
3106	3239
3239	3106
3106	3240
3240	3106
3106	3247
3247	3106
3106	3252
3252	3106
3106	3267
3267	3106
3106	3291
3291	3106
3106	3299
3299	3106
3106	3319
3106	3320
3320	3106
3106	3321
3321	3106
3106	3330
3106	3332
3332	3106
3106	3342
3106	3344
3344	3106
3106	3345
3345	3106
3106	3355
3355	3106
3106	3386
3386	3106
3106	3391
3391	3106
3106	3397
3397	3106
3106	3406
3406	3106
3106	3416
3416	3106
3106	3434
3434	3106
3198	3107
3288	3107
3291	3107
3313	3107
3403	3107
3109	3188
3188	3109
3109	3212
3212	3109
3109	3260
3260	3109
3109	3299
3299	3109
3109	3345
3345	3109
3109	3360
3360	3109
3109	3415
3313	3110
3403	3110
3111	3118
3111	3136
3111	3145
3145	3111
3111	3150
3150	3111
3111	3157
3111	3172
3172	3111
3111	3185
3185	3111
3111	3189
3111	3219
3111	3224
3224	3111
3111	3225
3225	3111
3111	3240
3240	3111
3111	3253
3111	3261
3261	3111
3111	3274
3274	3111
3111	3279
3111	3280
3280	3111
3111	3287
3287	3111
3111	3298
3298	3111
3111	3302
3111	3320
3320	3111
3111	3342
3111	3350
3350	3111
3111	3353
3353	3111
3111	3377
3377	3111
3111	3378
3378	3111
3111	3395
3111	3396
3396	3111
3111	3403
3403	3111
3111	3415
3111	3422
3422	3111
3111	3434
3434	3111
3112	3172
3172	3112
3112	3185
3185	3112
3112	3280
3280	3112
3112	3298
3298	3112
3112	3378
3378	3112
3112	3422
3422	3112
3113	3115
3115	3113
3113	3120
3120	3113
3113	3132
3132	3113
3113	3145
3145	3113
3113	3148
3148	3113
3113	3162
3113	3169
3169	3113
3113	3179
3179	3113
3113	3182
3182	3113
3113	3198
3198	3113
3113	3201
3201	3113
3113	3204
3204	3113
3113	3252
3252	3113
3113	3261
3261	3113
3113	3267
3267	3113
3113	3272
3272	3113
3113	3277
3277	3113
3113	3280
3280	3113
3113	3291
3291	3113
3113	3297
3297	3113
3113	3298
3298	3113
3113	3299
3299	3113
3113	3320
3320	3113
3113	3323
3113	3327
3113	3335
3113	3347
3347	3113
3113	3350
3350	3113
3113	3351
3351	3113
3113	3366
3113	3377
3377	3113
3113	3378
3378	3113
3113	3381
3381	3113
3113	3391
3391	3113
3113	3419
3419	3113
3113	3434
3434	3113
3115	3116
3116	3115
3115	3124
3115	3132
3132	3115
3115	3150
3150	3115
3115	3152
3152	3115
3115	3179
3179	3115
3115	3182
3182	3115
3115	3185
3185	3115
3115	3198
3198	3115
3115	3201
3201	3115
3115	3224
3224	3115
3115	3247
3247	3115
3115	3252
3252	3115
3115	3259
3115	3265
3265	3115
3115	3280
3280	3115
3115	3288
3288	3115
3115	3291
3291	3115
3115	3302
3115	3335
3115	3342
3115	3344
3344	3115
3115	3350
3350	3115
3115	3351
3351	3115
3115	3378
3378	3115
3115	3396
3396	3115
3115	3397
3397	3115
3115	3411
3411	3115
3115	3419
3419	3115
3115	3422
3422	3115
3115	3434
3434	3115
3116	3120
3120	3116
3116	3132
3132	3116
3116	3146
3146	3116
3116	3148
3148	3116
3116	3150
3150	3116
3116	3152
3152	3116
3116	3169
3169	3116
3116	3170
3170	3116
3116	3179
3179	3116
3116	3182
3182	3116
3116	3185
3185	3116
3116	3188
3188	3116
3116	3198
3198	3116
3116	3201
3201	3116
3116	3206
3206	3116
3116	3212
3212	3116
3116	3214
3116	3239
3239	3116
3116	3247
3247	3116
3116	3252
3252	3116
3116	3258
3116	3261
3261	3116
3116	3265
3265	3116
3116	3267
3267	3116
3116	3272
3272	3116
3116	3280
3280	3116
3116	3291
3291	3116
3116	3296
3296	3116
3116	3297
3297	3116
3116	3298
3298	3116
3116	3302
3116	3306
3306	3116
3116	3320
3320	3116
3116	3321
3321	3116
3116	3330
3116	3332
3332	3116
3116	3335
3116	3344
3344	3116
3116	3347
3347	3116
3116	3350
3350	3116
3116	3351
3351	3116
3116	3360
3360	3116
3116	3381
3381	3116
3116	3391
3391	3116
3116	3396
3396	3116
3116	3397
3397	3116
3116	3411
3411	3116
3116	3416
3416	3116
3116	3418
3116	3419
3419	3116
3116	3422
3422	3116
3116	3431
3116	3434
3434	3116
3274	3117
3145	3118
3172	3118
3287	3118
3320	3118
3332	3118
3353	3118
3377	3118
3386	3118
3396	3118
3403	3118
3120	3132
3132	3120
3120	3146
3146	3120
3120	3150
3150	3120
3120	3154
3120	3169
3169	3120
3120	3191
3120	3198
3198	3120
3120	3201
3201	3120
3120	3206
3206	3120
3120	3207
3120	3224
3224	3120
3120	3239
3239	3120
3120	3240
3240	3120
3120	3247
3247	3120
3120	3252
3252	3120
3120	3267
3267	3120
3120	3277
3277	3120
3120	3280
3280	3120
3120	3291
3291	3120
3120	3297
3297	3120
3120	3299
3299	3120
3120	3316
3316	3120
3120	3320
3320	3120
3120	3321
3321	3120
3120	3330
3120	3335
3120	3342
3120	3344
3344	3120
3120	3345
3345	3120
3120	3350
3350	3120
3120	3351
3351	3120
3120	3355
3355	3120
3120	3381
3381	3120
3120	3391
3391	3120
3120	3397
3397	3120
3120	3406
3406	3120
3120	3416
3416	3120
3120	3419
3419	3120
3120	3434
3434	3120
3185	3124
3419	3124
3126	3128
3128	3126
3126	3322
3322	3126
3126	3336
3336	3126
3128	3322
3322	3128
3128	3336
3336	3128
3132	3145
3145	3132
3132	3146
3146	3132
3132	3150
3150	3132
3132	3152
3152	3132
3132	3154
3132	3169
3169	3132
3132	3179
3179	3132
3132	3185
3185	3132
3132	3188
3188	3132
3132	3201
3201	3132
3132	3206
3206	3132
3132	3212
3212	3132
3132	3239
3239	3132
3132	3247
3247	3132
3132	3252
3252	3132
3132	3253
3132	3260
3260	3132
3132	3265
3265	3132
3132	3267
3267	3132
3132	3277
3277	3132
3132	3280
3280	3132
3132	3288
3288	3132
3132	3291
3291	3132
3132	3296
3296	3132
3132	3297
3297	3132
3132	3316
3316	3132
3132	3320
3320	3132
3132	3321
3321	3132
3132	3330
3132	3332
3332	3132
3132	3335
3132	3344
3344	3132
3132	3347
3347	3132
3132	3350
3350	3132
3132	3351
3351	3132
3132	3355
3355	3132
3132	3381
3381	3132
3132	3391
3391	3132
3132	3396
3396	3132
3132	3397
3397	3132
3132	3411
3411	3132
3132	3416
3416	3132
3132	3419
3419	3132
3132	3434
3434	3132
3198	3136
3419	3136
3152	3138
3145	3140
3179	3140
3182	3140
3194	3140
3225	3140
3240	3140
3277	3140
3291	3140
3313	3140
3320	3140
3321	3140
3345	3140
3353	3140
3360	3140
3378	3140
3386	3140
3397	3140
3406	3140
3360	3144
3145	3169
3169	3145
3145	3172
3172	3145
3145	3182
3182	3145
3145	3185
3185	3145
3145	3199
3145	3201
3201	3145
3145	3204
3204	3145
3145	3206
3206	3145
3145	3255
3145	3260
3260	3145
3145	3261
3261	3145
3145	3267
3267	3145
3145	3274
3274	3145
3145	3277
3277	3145
3145	3280
3280	3145
3145	3287
3287	3145
3145	3291
3291	3145
3145	3297
3297	3145
3145	3320
3320	3145
3145	3330
3145	3332
3332	3145
3145	3347
3347	3145
3145	3350
3350	3145
3145	3351
3351	3145
3145	3377
3377	3145
3145	3378
3378	3145
3145	3381
3381	3145
3145	3385
3145	3386
3386	3145
3145	3396
3396	3145
3145	3403
3403	3145
3145	3419
3419	3145
3145	3422
3422	3145
3146	3152
3152	3146
3146	3169
3169	3146
3146	3198
3198	3146
3146	3201
3201	3146
3146	3206
3206	3146
3146	3239
3239	3146
3146	3247
3247	3146
3146	3252
3252	3146
3146	3265
3265	3146
3146	3267
3267	3146
3146	3277
3277	3146
3146	3288
3288	3146
3146	3291
3291	3146
3146	3297
3297	3146
3146	3302
3146	3316
3316	3146
3146	3330
3146	3335
3146	3344
3344	3146
3146	3347
3347	3146
3146	3351
3351	3146
3146	3381
3381	3146
3146	3383
3146	3397
3397	3146
3146	3416
3416	3146
3146	3419
3419	3146
3146	3434
3434	3146
3148	3215
3148	3242
3148	3254
3254	3148
3148	3272
3272	3148
3148	3280
3280	3148
3148	3298
3298	3148
3148	3306
3306	3148
3148	3327
3148	3331
3148	3360
3360	3148
3148	3378
3378	3148
3148	3381
3381	3148
3148	3403
3403	3148
3148	3411
3411	3148
3148	3422
3422	3148
3148	3434
3434	3148
3150	3151
3150	3152
3152	3150
3150	3154
3150	3169
3169	3150
3150	3179
3179	3150
3150	3185
3185	3150
3150	3188
3188	3150
3150	3198
3198	3150
3150	3201
3201	3150
3150	3223
3150	3247
3247	3150
3150	3252
3252	3150
3150	3253
3150	3265
3265	3150
3150	3267
3267	3150
3150	3272
3272	3150
3150	3277
3277	3150
3150	3280
3280	3150
3150	3291
3291	3150
3150	3296
3296	3150
3150	3297
3297	3150
3150	3302
3150	3329
3150	3330
3150	3332
3332	3150
3150	3335
3150	3342
3150	3344
3344	3150
3150	3347
3347	3150
3150	3350
3350	3150
3150	3351
3351	3150
3150	3360
3360	3150
3150	3381
3381	3150
3150	3397
3397	3150
3150	3406
3406	3150
3150	3409
3150	3411
3411	3150
3150	3419
3419	3150
3406	3151
3152	3169
3169	3152
3152	3172
3172	3152
3152	3182
3182	3152
3152	3185
3185	3152
3152	3188
3188	3152
3152	3192
3192	3152
3152	3198
3198	3152
3152	3201
3201	3152
3152	3204
3204	3152
3152	3235
3152	3239
3239	3152
3152	3247
3247	3152
3152	3252
3252	3152
3152	3258
3152	3265
3265	3152
3152	3274
3274	3152
3152	3280
3280	3152
3152	3288
3288	3152
3152	3291
3291	3152
3152	3296
3296	3152
3152	3297
3297	3152
3152	3313
3313	3152
3152	3320
3320	3152
3152	3329
3152	3330
3152	3332
3332	3152
3152	3335
3152	3347
3347	3152
3152	3350
3350	3152
3152	3351
3351	3152
3152	3353
3353	3152
3152	3373
3152	3378
3378	3152
3152	3396
3396	3152
3152	3397
3397	3152
3152	3411
3411	3152
3152	3419
3419	3152
3152	3434
3434	3152
3179	3154
3188	3154
3240	3154
3252	3154
3277	3154
3288	3154
3291	3154
3321	3154
3344	3154
3355	3154
3386	3154
3391	3154
3397	3154
3411	3154
3434	3154
3320	3157
3350	3157
3240	3160
3298	3160
3344	3160
3350	3160
3355	3160
3360	3160
3386	3160
3397	3160
3225	3161
3306	3162
3179	3168
3169	3179
3179	3169
3169	3198
3198	3169
3169	3201
3201	3169
3169	3239
3239	3169
3169	3247
3247	3169
3169	3252
3252	3169
3169	3265
3265	3169
3169	3267
3267	3169
3169	3277
3277	3169
3169	3280
3280	3169
3169	3291
3291	3169
3169	3297
3297	3169
3169	3316
3316	3169
3169	3330
3169	3335
3169	3344
3344	3169
3169	3351
3351	3169
3169	3381
3381	3169
3169	3385
3169	3391
3391	3169
3169	3397
3397	3169
3169	3416
3416	3169
3169	3419
3419	3169
3169	3434
3434	3169
3170	3172
3172	3170
3170	3185
3185	3170
3170	3211
3170	3280
3280	3170
3170	3291
3291	3170
3170	3298
3298	3170
3170	3320
3320	3170
3170	3332
3332	3170
3170	3347
3347	3170
3170	3350
3350	3170
3170	3377
3377	3170
3170	3378
3378	3170
3170	3396
3396	3170
3170	3434
3434	3170
3172	3179
3179	3172
3172	3182
3182	3172
3172	3185
3185	3172
3172	3198
3198	3172
3172	3199
3172	3201
3201	3172
3172	3204
3204	3172
3172	3225
3225	3172
3172	3258
3172	3261
3261	3172
3172	3272
3272	3172
3172	3274
3274	3172
3172	3280
3280	3172
3172	3287
3287	3172
3172	3291
3291	3172
3172	3296
3296	3172
3172	3298
3298	3172
3172	3313
3313	3172
3172	3320
3320	3172
3172	3332
3332	3172
3172	3347
3347	3172
3172	3350
3350	3172
3172	3351
3351	3172
3172	3353
3353	3172
3172	3377
3377	3172
3172	3378
3378	3172
3172	3381
3381	3172
3172	3396
3396	3172
3172	3403
3403	3172
3172	3411
3411	3172
3172	3422
3422	3172
3172	3434
3434	3172
3381	3173
3175	3188
3188	3175
3175	3194
3194	3175
3225	3176
3204	3177
3291	3177
3357	3178
3403	3178
3179	3182
3182	3179
3179	3185
3185	3179
3179	3188
3188	3179
3179	3201
3201	3179
3179	3205
3179	3247
3247	3179
3179	3253
3179	3258
3179	3261
3261	3179
3179	3262
3262	3179
3179	3265
3265	3179
3179	3280
3280	3179
3179	3296
3296	3179
3179	3297
3297	3179
3179	3298
3298	3179
3179	3332
3332	3179
3179	3350
3350	3179
3179	3351
3351	3179
3179	3396
3396	3179
3179	3397
3397	3179
3179	3411
3411	3179
3179	3434
3434	3179
3182	3185
3185	3182
3182	3198
3198	3182
3182	3204
3204	3182
3182	3225
3225	3182
3182	3258
3182	3261
3261	3182
3182	3262
3262	3182
3182	3272
3272	3182
3182	3274
3274	3182
3182	3280
3280	3182
3182	3288
3288	3182
3182	3291
3291	3182
3182	3297
3297	3182
3182	3298
3298	3182
3182	3320
3320	3182
3182	3332
3332	3182
3182	3350
3350	3182
3182	3351
3351	3182
3182	3353
3353	3182
3182	3378
3378	3182
3182	3386
3386	3182
3182	3396
3396	3182
3182	3397
3397	3182
3182	3411
3411	3182
3182	3434
3434	3182
3185	3198
3198	3185
3185	3201
3201	3185
3185	3225
3225	3185
3185	3261
3261	3185
3185	3267
3267	3185
3185	3272
3272	3185
3185	3274
3274	3185
3185	3277
3277	3185
3185	3278
3185	3280
3280	3185
3185	3287
3287	3185
3185	3297
3297	3185
3185	3320
3320	3185
3185	3335
3185	3342
3185	3347
3347	3185
3185	3350
3350	3185
3185	3351
3351	3185
3185	3360
3360	3185
3185	3377
3377	3185
3185	3378
3378	3185
3185	3385
3185	3396
3396	3185
3185	3403
3403	3185
3185	3409
3185	3411
3411	3185
3185	3419
3419	3185
3185	3422
3422	3185
3185	3434
3434	3185
3320	3186
3350	3186
3386	3186
3240	3187
3188	3194
3194	3188
3188	3201
3201	3188
3188	3206
3206	3188
3188	3209
3209	3188
3188	3212
3212	3188
3188	3247
3247	3188
3188	3252
3252	3188
3188	3253
3188	3260
3260	3188
3188	3265
3265	3188
3188	3277
3277	3188
3188	3280
3280	3188
3188	3299
3299	3188
3188	3306
3306	3188
3188	3320
3320	3188
3188	3345
3345	3188
3188	3352
3352	3188
3188	3360
3360	3188
3188	3411
3411	3188
3188	3434
3434	3188
3198	3189
3406	3189
3240	3191
3291	3191
3313	3191
3320	3191
3344	3191
3355	3191
3434	3191
3192	3198
3198	3192
3192	3274
3274	3192
3192	3353
3353	3192
3192	3385
3192	3422
3422	3192
3194	3209
3209	3194
3194	3212
3212	3194
3194	3260
3260	3194
3194	3320
3320	3194
3194	3360
3360	3194
3194	3397
3397	3194
3403	3196
3197	3216
3197	3224
3224	3197
3197	3299
3299	3197
3197	3321
3321	3197
3197	3342
3197	3345
3345	3197
3198	3199
3198	3201
3201	3198
3198	3204
3204	3198
3198	3219
3198	3252
3252	3198
3198	3253
3198	3255
3198	3259
3198	3291
3291	3198
3198	3321
3321	3198
3198	3330
3198	3331
3198	3337
3198	3342
3198	3345
3345	3198
3198	3347
3347	3198
3198	3351
3351	3198
3198	3353
3353	3198
3198	3379
3198	3385
3198	3393
3198	3395
3198	3397
3397	3198
3198	3411
3411	3198
3198	3419
3419	3198
3198	3422
3422	3198
3198	3434
3434	3198
3280	3199
3320	3199
3378	3199
3434	3199
3201	3204
3204	3201
3201	3206
3206	3201
3201	3239
3239	3201
3201	3247
3247	3201
3201	3252
3252	3201
3201	3261
3261	3201
3201	3265
3265	3201
3201	3267
3267	3201
3201	3272
3272	3201
3201	3277
3277	3201
3201	3280
3280	3201
3201	3291
3291	3201
3201	3296
3296	3201
3201	3297
3297	3201
3201	3316
3316	3201
3201	3320
3320	3201
3201	3330
3201	3344
3344	3201
3201	3347
3347	3201
3201	3350
3350	3201
3201	3351
3351	3201
3201	3355
3355	3201
3201	3360
3360	3201
3201	3378
3378	3201
3201	3381
3381	3201
3201	3391
3391	3201
3201	3397
3397	3201
3201	3406
3406	3201
3201	3411
3411	3201
3201	3416
3416	3201
3201	3419
3419	3201
3201	3434
3434	3201
3224	3203
3240	3203
3291	3203
3299	3203
3313	3203
3321	3203
3345	3203
3406	3203
3204	3267
3267	3204
3204	3277
3277	3204
3204	3280
3280	3204
3204	3291
3291	3204
3204	3296
3296	3204
3204	3297
3297	3204
3204	3302
3204	3320
3320	3204
3204	3321
3321	3204
3204	3342
3204	3347
3347	3204
3204	3351
3351	3204
3204	3360
3360	3204
3204	3378
3378	3204
3204	3419
3419	3204
3204	3434
3434	3204
3206	3239
3239	3206
3206	3240
3240	3206
3206	3247
3247	3206
3206	3252
3252	3206
3206	3280
3280	3206
3206	3291
3291	3206
3206	3316
3316	3206
3206	3320
3320	3206
3206	3344
3344	3206
3206	3347
3347	3206
3206	3351
3351	3206
3206	3355
3355	3206
3206	3391
3391	3206
3206	3397
3397	3206
3206	3416
3416	3206
3206	3434
3434	3206
3252	3207
3350	3207
3411	3208
3209	3212
3212	3209
3209	3260
3260	3209
3209	3299
3299	3209
3209	3320
3320	3209
3209	3345
3345	3209
3209	3360
3360	3209
3313	3210
3411	3210
3212	3240
3240	3212
3212	3299
3299	3212
3212	3321
3321	3212
3212	3335
3212	3345
3345	3212
3212	3355
3355	3212
3212	3360
3360	3212
3212	3406
3406	3212
3212	3434
3434	3212
3296	3214
3419	3214
3224	3215
3239	3215
3272	3215
3274	3215
3280	3215
3406	3223
3224	3239
3239	3224
3224	3240
3240	3224
3224	3252
3252	3224
3224	3260
3260	3224
3224	3267
3267	3224
3224	3291
3291	3224
3224	3299
3299	3224
3224	3313
3313	3224
3224	3321
3321	3224
3224	3330
3224	3342
3224	3344
3344	3224
3224	3345
3345	3224
3224	3351
3351	3224
3224	3353
3353	3224
3224	3355
3355	3224
3224	3360
3360	3224
3224	3386
3386	3224
3224	3391
3391	3224
3224	3397
3397	3224
3224	3406
3406	3224
3224	3421
3224	3434
3434	3224
3225	3261
3261	3225
3225	3274
3274	3225
3225	3281
3281	3225
3225	3287
3287	3225
3225	3288
3288	3225
3225	3320
3320	3225
3225	3328
3225	3386
3386	3225
3225	3396
3396	3225
3225	3403
3403	3225
3225	3422
3422	3225
3240	3233
3280	3235
3288	3235
3397	3235
3239	3240
3240	3239
3239	3247
3247	3239
3239	3252
3252	3239
3239	3265
3265	3239
3239	3267
3267	3239
3239	3277
3277	3239
3239	3291
3291	3239
3239	3297
3297	3239
3239	3316
3316	3239
3239	3320
3320	3239
3239	3321
3321	3239
3239	3330
3239	3344
3344	3239
3239	3345
3345	3239
3239	3347
3347	3239
3239	3351
3351	3239
3239	3355
3355	3239
3239	3381
3381	3239
3239	3391
3391	3239
3239	3397
3397	3239
3239	3406
3406	3239
3239	3416
3416	3239
3239	3419
3419	3239
3239	3434
3434	3239
3240	3247
3247	3240
3240	3252
3252	3240
3240	3276
3240	3291
3291	3240
3240	3299
3299	3240
3240	3316
3316	3240
3240	3319
3240	3320
3320	3240
3240	3321
3321	3240
3240	3330
3240	3332
3332	3240
3240	3335
3240	3341
3240	3342
3240	3344
3344	3240
3240	3345
3345	3240
3240	3355
3355	3240
3240	3386
3386	3240
3240	3391
3391	3240
3240	3397
3397	3240
3240	3406
3406	3240
3240	3416
3416	3240
3240	3421
3240	3434
3434	3240
3274	3242
3411	3242
3403	3245
3321	3246
3247	3252
3252	3247
3247	3265
3265	3247
3247	3277
3277	3247
3247	3280
3280	3247
3247	3291
3291	3247
3247	3296
3296	3247
3247	3297
3297	3247
3247	3316
3316	3247
3247	3330
3247	3335
3247	3344
3344	3247
3247	3347
3347	3247
3247	3351
3351	3247
3247	3355
3355	3247
3247	3381
3381	3247
3247	3391
3391	3247
3247	3397
3397	3247
3247	3416
3416	3247
3247	3419
3419	3247
3247	3434
3434	3247
3274	3248
3313	3248
3360	3248
3252	3265
3265	3252
3252	3267
3267	3252
3252	3277
3277	3252
3252	3280
3280	3252
3252	3291
3291	3252
3252	3297
3297	3252
3252	3299
3299	3252
3252	3316
3316	3252
3252	3320
3320	3252
3252	3321
3321	3252
3252	3330
3252	3335
3252	3342
3252	3344
3344	3252
3252	3345
3345	3252
3252	3347
3347	3252
3252	3351
3351	3252
3252	3355
3355	3252
3252	3381
3381	3252
3252	3385
3252	3391
3391	3252
3252	3397
3397	3252
3252	3406
3406	3252
3252	3411
3411	3252
3252	3416
3416	3252
3252	3419
3419	3252
3252	3434
3434	3252
3345	3253
3411	3253
3254	3272
3272	3254
3254	3280
3280	3254
3254	3343
3254	3409
3254	3411
3411	3254
3274	3256
3397	3256
3262	3258
3274	3258
3291	3258
3299	3258
3320	3258
3332	3258
3350	3258
3360	3258
3396	3258
3411	3258
3434	3258
3260	3287
3287	3260
3260	3288
3288	3260
3260	3292
3260	3298
3298	3260
3260	3299
3299	3260
3260	3345
3345	3260
3260	3360
3360	3260
3260	3386
3386	3260
3260	3406
3406	3260
3261	3262
3262	3261
3261	3274
3274	3261
3261	3280
3280	3261
3261	3287
3287	3261
3261	3291
3291	3261
3261	3298
3298	3261
3261	3320
3320	3261
3261	3332
3332	3261
3261	3335
3261	3350
3350	3261
3261	3377
3377	3261
3261	3378
3378	3261
3261	3396
3396	3261
3261	3397
3397	3261
3261	3403
3403	3261
3261	3422
3422	3261
3261	3434
3434	3261
3262	3287
3287	3262
3262	3332
3332	3262
3262	3350
3350	3262
3262	3396
3396	3262
3262	3411
3411	3262
3287	3263
3403	3263
3406	3263
3265	3267
3267	3265
3265	3277
3277	3265
3265	3280
3280	3265
3265	3297
3297	3265
3265	3316
3316	3265
3265	3351
3351	3265
3265	3397
3397	3265
3265	3416
3416	3265
3265	3419
3419	3265
3267	3270
3267	3277
3277	3267
3267	3280
3280	3267
3267	3291
3291	3267
3267	3297
3297	3267
3267	3299
3299	3267
3267	3316
3316	3267
3267	3320
3320	3267
3267	3330
3267	3335
3267	3344
3344	3267
3267	3347
3347	3267
3267	3351
3351	3267
3267	3365
3267	3378
3378	3267
3267	3381
3381	3267
3267	3397
3397	3267
3267	3416
3416	3267
3267	3419
3419	3267
3272	3274
3274	3272
3272	3280
3280	3272
3272	3291
3291	3272
3272	3306
3306	3272
3272	3320
3320	3272
3272	3328
3272	3347
3347	3272
3272	3350
3350	3272
3272	3351
3351	3272
3272	3360
3360	3272
3272	3378
3378	3272
3272	3381
3381	3272
3272	3422
3422	3272
3274	3281
3281	3274
3274	3287
3287	3274
3274	3291
3291	3274
3274	3302
3274	3313
3313	3274
3274	3320
3320	3274
3274	3350
3350	3274
3274	3353
3353	3274
3274	3360
3360	3274
3274	3367
3367	3274
3274	3375
3274	3377
3377	3274
3274	3396
3396	3274
3274	3397
3397	3274
3274	3422
3422	3274
3291	3275
3299	3276
3353	3276
3277	3280
3280	3277
3277	3291
3291	3277
3277	3297
3297	3277
3277	3316
3316	3277
3277	3320
3320	3277
3277	3321
3321	3277
3277	3330
3277	3344
3344	3277
3277	3351
3351	3277
3277	3378
3378	3277
3277	3381
3381	3277
3277	3391
3391	3277
3277	3397
3397	3277
3277	3416
3416	3277
3277	3419
3419	3277
3277	3434
3434	3277
3353	3279
3280	3288
3288	3280
3280	3291
3291	3280
3280	3296
3296	3280
3280	3297
3297	3280
3280	3298
3298	3280
3280	3306
3306	3280
3280	3320
3320	3280
3280	3327
3280	3330
3280	3332
3332	3280
3280	3344
3344	3280
3280	3347
3347	3280
3280	3350
3350	3280
3280	3351
3351	3280
3280	3360
3360	3280
3280	3378
3378	3280
3280	3381
3381	3280
3280	3391
3391	3280
3280	3396
3396	3280
3280	3397
3397	3280
3280	3419
3419	3280
3280	3422
3422	3280
3280	3431
3280	3434
3434	3280
3281	3320
3320	3281
3281	3367
3367	3281
3281	3377
3377	3281
3281	3378
3378	3281
3281	3396
3396	3281
3287	3298
3298	3287
3287	3320
3320	3287
3287	3332
3332	3287
3287	3353
3353	3287
3287	3355
3355	3287
3287	3377
3377	3287
3287	3396
3396	3287
3287	3403
3403	3287
3287	3406
3406	3287
3287	3422
3422	3287
3288	3291
3291	3288
3288	3297
3297	3288
3288	3313
3313	3288
3288	3332
3332	3288
3288	3350
3350	3288
3288	3355
3355	3288
3288	3360
3360	3288
3288	3386
3386	3288
3288	3393
3288	3397
3397	3288
3288	3411
3411	3288
3288	3419
3419	3288
3288	3422
3422	3288
3288	3434
3434	3288
3396	3289
3291	3297
3297	3291
3291	3299
3299	3291
3291	3302
3291	3313
3313	3291
3291	3320
3320	3291
3291	3321
3321	3291
3291	3330
3291	3332
3332	3291
3291	3335
3291	3337
3291	3341
3291	3342
3291	3344
3344	3291
3291	3345
3345	3291
3291	3347
3347	3291
3291	3351
3351	3291
3291	3353
3353	3291
3291	3355
3355	3291
3291	3360
3360	3291
3291	3378
3378	3291
3291	3380
3291	3386
3386	3291
3291	3391
3391	3291
3291	3396
3396	3291
3291	3397
3397	3291
3291	3406
3406	3291
3291	3416
3416	3291
3291	3421
3291	3422
3422	3291
3291	3434
3434	3291
3296	3297
3297	3296
3296	3302
3296	3304
3296	3321
3321	3296
3296	3337
3296	3344
3344	3296
3296	3350
3350	3296
3296	3351
3351	3296
3296	3411
3411	3296
3296	3415
3296	3434
3434	3296
3297	3316
3316	3297
3297	3330
3297	3335
3297	3351
3351	3297
3297	3381
3381	3297
3297	3391
3391	3297
3297	3397
3397	3297
3297	3416
3416	3297
3297	3419
3419	3297
3298	3306
3306	3298
3298	3320
3320	3298
3298	3328
3298	3332
3332	3298
3298	3350
3350	3298
3298	3378
3378	3298
3298	3381
3381	3298
3298	3396
3396	3298
3299	3321
3321	3299
3299	3340
3299	3342
3299	3344
3344	3299
3299	3345
3345	3299
3299	3351
3351	3299
3299	3353
3353	3299
3299	3360
3360	3299
3299	3391
3391	3299
3299	3397
3397	3299
3299	3403
3403	3299
3299	3406
3406	3299
3299	3421
3299	3434
3434	3299
3321	3302
3347	3302
3350	3302
3351	3302
3403	3302
3306	3331
3306	3351
3351	3306
3306	3353
3353	3306
3306	3422
3422	3306
3406	3307
3313	3327
3313	3342
3316	3344
3344	3316
3316	3391
3391	3316
3316	3397
3397	3316
3316	3416
3416	3316
3316	3419
3419	3316
3321	3319
3344	3319
3350	3319
3411	3319
3320	3321
3321	3320
3320	3332
3332	3320
3320	3344
3344	3320
3320	3345
3345	3320
3320	3347
3347	3320
3320	3350
3350	3320
3320	3353
3353	3320
3320	3355
3355	3320
3320	3360
3360	3320
3320	3367
3367	3320
3320	3377
3377	3320
3320	3378
3378	3320
3320	3381
3381	3320
3320	3386
3386	3320
3320	3396
3396	3320
3320	3397
3397	3320
3320	3403
3403	3320
3320	3406
3406	3320
3320	3422
3422	3320
3320	3434
3434	3320
3321	3327
3321	3342
3321	3344
3344	3321
3321	3345
3345	3321
3321	3351
3351	3321
3321	3355
3355	3321
3321	3360
3360	3321
3321	3365
3321	3380
3321	3386
3386	3321
3321	3391
3391	3321
3321	3397
3397	3321
3321	3406
3406	3321
3321	3421
3321	3422
3422	3321
3321	3434
3434	3321
3322	3336
3336	3322
3397	3323
3347	3327
3332	3330
3344	3330
3345	3330
3347	3330
3351	3330
3355	3330
3381	3330
3391	3330
3396	3330
3397	3330
3411	3330
3419	3330
3422	3330
3434	3330
3353	3331
3332	3347
3347	3332
3332	3350
3350	3332
3332	3353
3353	3332
3332	3355
3355	3332
3332	3378
3378	3332
3332	3396
3396	3332
3332	3403
3403	3332
3332	3411
3411	3332
3332	3434
3434	3332
3350	3335
3351	3335
3357	3335
3360	3335
3397	3335
3411	3335
3419	3335
3434	3335
3344	3342
3345	3342
3353	3342
3355	3342
3391	3342
3403	3342
3406	3342
3416	3342
3419	3342
3411	3343
3344	3345
3345	3344
3344	3351
3351	3344
3344	3355
3355	3344
3344	3386
3386	3344
3344	3391
3391	3344
3344	3393
3344	3397
3397	3344
3344	3406
3406	3344
3344	3416
3416	3344
3344	3434
3434	3344
3345	3352
3352	3345
3345	3355
3355	3345
3345	3360
3360	3345
3345	3386
3386	3345
3345	3391
3391	3345
3345	3397
3397	3345
3345	3403
3403	3345
3345	3406
3406	3345
3345	3434
3434	3345
3347	3350
3350	3347
3347	3351
3351	3347
3347	3366
3347	3378
3378	3347
3347	3381
3381	3347
3347	3396
3396	3347
3347	3397
3397	3347
3347	3403
3403	3347
3347	3406
3406	3347
3347	3416
3416	3347
3347	3434
3434	3347
3353	3349
3360	3349
3350	3355
3355	3350
3350	3360
3360	3350
3350	3381
3381	3350
3350	3386
3386	3350
3350	3396
3396	3350
3350	3411
3411	3350
3351	3357
3357	3351
3351	3360
3360	3351
3351	3381
3381	3351
3351	3391
3391	3351
3351	3397
3397	3351
3351	3416
3416	3351
3351	3419
3419	3351
3351	3431
3351	3434
3434	3351
3352	3360
3360	3352
3353	3355
3355	3353
3353	3360
3360	3353
3353	3385
3353	3386
3386	3353
3353	3397
3397	3353
3353	3403
3403	3353
3353	3422
3422	3353
3353	3434
3434	3353
3355	3386
3386	3355
3355	3391
3391	3355
3355	3396
3396	3355
3355	3397
3397	3355
3355	3406
3406	3355
3355	3434
3434	3355
3357	3360
3360	3357
3360	3386
3386	3360
3360	3397
3397	3360
3360	3406
3406	3360
3360	3415
3360	3431
3360	3434
3434	3360
3397	3365
3403	3366
3367	3377
3377	3367
3367	3396
3396	3367
3377	3378
3378	3377
3377	3396
3396	3377
3377	3422
3422	3377
3378	3381
3381	3378
3378	3396
3396	3378
3378	3397
3397	3378
3378	3419
3419	3378
3381	3416
3416	3381
3381	3419
3419	3381
3381	3434
3434	3381
3386	3396
3396	3386
3386	3397
3397	3386
3386	3403
3403	3386
3386	3406
3406	3386
3386	3434
3434	3386
3391	3397
3397	3391
3391	3406
3406	3391
3391	3416
3416	3391
3391	3434
3434	3391
3403	3395
3406	3395
3396	3403
3403	3396
3396	3411
3411	3396
3396	3422
3422	3396
3396	3434
3434	3396
3397	3406
3406	3397
3397	3416
3416	3397
3397	3419
3419	3397
3397	3434
3434	3397
3403	3422
3422	3403
3406	3409
3406	3421
3406	3422
3422	3406
3406	3434
3434	3406
3411	3434
3434	3411
3416	3419
3419	3416
3416	3434
3434	3416
3419	3434
3434	3419
3422	3434
3434	3422
3476	3437
3488	3437
3518	3437
3574	3437
3586	3437
3605	3437
3612	3437
3633	3437
3640	3437
3675	3437
3759	3437
3799	3437
3832	3437
3836	3437
3837	3437
3844	3437
3860	3437
3893	3437
3938	3437
3963	3437
3586	3438
3633	3438
3938	3438
3799	3439
3633	3440
3938	3440
3586	3448
3633	3448
3640	3448
3860	3448
3938	3448
3586	3449
3633	3449
3938	3449
3605	3450
3860	3450
3488	3452
3586	3454
3605	3454
3586	3456
3633	3456
3938	3456
3938	3457
3488	3462
3612	3464
3476	3465
3675	3465
3759	3465
3836	3465
3837	3465
3938	3471
3488	3475
3586	3475
3938	3475
3476	3519
3476	3579
3476	3675
3675	3476
3476	3701
3476	3708
3476	3757
3476	3759
3759	3476
3476	3774
3476	3809
3476	3836
3836	3476
3476	3837
3837	3476
3476	3957
3476	3975
3586	3480
3633	3480
3799	3480
3938	3480
3832	3482
3633	3484
3488	3485
3518	3485
3488	3514
3488	3518
3518	3488
3488	3527
3488	3528
3488	3542
3488	3545
3488	3557
3488	3559
3488	3573
3488	3576
3488	3596
3488	3604
3488	3605
3605	3488
3488	3611
3488	3627
3488	3640
3640	3488
3488	3658
3488	3672
3488	3687
3488	3702
3488	3707
3488	3730
3488	3731
3488	3737
3488	3790
3488	3800
3488	3804
3488	3824
3488	3830
3488	3838
3488	3845
3488	3858
3488	3860
3860	3488
3488	3877
3488	3884
3488	3891
3488	3902
3488	3913
3488	3926
3488	3930
3488	3938
3938	3488
3488	3966
3586	3491
3938	3491
3586	3495
3633	3495
3860	3495
3938	3495
3518	3497
3586	3501
3633	3501
3938	3501
3640	3503
3799	3513
3518	3514
3605	3514
3633	3514
3640	3514
3832	3514
3860	3514
3938	3514
3586	3517
3633	3517
3518	3528
3518	3542
3518	3545
3518	3557
3518	3578
3518	3596
3518	3604
3518	3605
3605	3518
3518	3611
3518	3635
3518	3640
3640	3518
3518	3670
3518	3687
3518	3702
3518	3707
3518	3730
3518	3737
3518	3790
3518	3800
3518	3804
3518	3824
3518	3830
3518	3832
3832	3518
3518	3838
3518	3858
3518	3860
3860	3518
3518	3902
3518	3938
3938	3518
3675	3519
3759	3519
3836	3519
3837	3519
3938	3527
3605	3528
3640	3528
3832	3528
3860	3528
3938	3528
3633	3533
3612	3534
3605	3543
3586	3545
3605	3545
3633	3545
3640	3545
3860	3545
3938	3545
3963	3546
3633	3550
3574	3557
3640	3557
3860	3557
3938	3557
3612	3561
3675	3571
3759	3571
3836	3571
3837	3571
3574	3576
3574	3596
3574	3605
3605	3574
3574	3611
3574	3635
3574	3640
3640	3574
3574	3642
3574	3731
3574	3762
3574	3828
3574	3830
3574	3877
3574	3891
3605	3576
3640	3576
3860	3576
3938	3576
3586	3577
3633	3577
3938	3577
3633	3578
3640	3578
3860	3578
3938	3578
3675	3579
3759	3579
3836	3579
3837	3579
3893	3584
3586	3596
3586	3604
3586	3633
3633	3586
3586	3651
3586	3674
3586	3677
3586	3684
3586	3692
3586	3693
3586	3697
3586	3712
3586	3734
3586	3756
3586	3760
3586	3765
3586	3788
3586	3796
3586	3797
3586	3800
3586	3830
3586	3839
3586	3841
3586	3851
3586	3889
3586	3930
3586	3938
3938	3586
3586	3948
3586	3971
3605	3596
3633	3596
3640	3596
3832	3596
3860	3596
3938	3596
3612	3600
3640	3603
3605	3604
3633	3604
3640	3604
3860	3604
3938	3604
3605	3611
3605	3635
3605	3640
3640	3605
3605	3670
3605	3672
3605	3687
3605	3702
3605	3707
3605	3730
3605	3731
3605	3737
3605	3756
3605	3785
3605	3790
3605	3800
3605	3804
3605	3824
3605	3828
3605	3830
3605	3838
3605	3860
3860	3605
3605	3877
3605	3880
3605	3926
3605	3938
3938	3605
3605	3948
3633	3609
3938	3609
3633	3611
3640	3611
3860	3611
3938	3611
3612	3673
3612	3758
3612	3759
3759	3612
3612	3764
3612	3810
3612	3825
3612	3836
3836	3612
3612	3837
3837	3612
3612	3869
3612	3893
3893	3612
3612	3895
3612	3937
3612	3941
3612	3945
3799	3616
3844	3616
3633	3618
3633	3625
3938	3625
3640	3627
3633	3651
3633	3654
3633	3656
3633	3667
3633	3674
3633	3677
3633	3684
3633	3687
3633	3692
3633	3693
3633	3721
3633	3734
3633	3741
3633	3750
3633	3756
3633	3760
3633	3788
3633	3796
3633	3797
3633	3800
3633	3804
3633	3824
3633	3828
3633	3830
3633	3841
3633	3842
3633	3851
3633	3860
3860	3633
3633	3873
3633	3877
3633	3884
3633	3889
3633	3928
3633	3938
3938	3633
3633	3943
3633	3948
3633	3962
3633	3968
3633	3971
3640	3635
3832	3635
3938	3635
3799	3638
3844	3638
3640	3642
3640	3670
3640	3687
3640	3702
3640	3707
3640	3730
3640	3731
3640	3734
3640	3737
3640	3762
3640	3785
3640	3790
3640	3800
3640	3804
3640	3824
3640	3828
3640	3832
3832	3640
3640	3838
3640	3858
3640	3860
3860	3640
3640	3884
3640	3926
3640	3938
3938	3640
3860	3642
3938	3642
3799	3647
3938	3651
3938	3654
3938	3670
3938	3672
3938	3674
3675	3708
3675	3757
3675	3759
3759	3675
3675	3774
3675	3836
3836	3675
3675	3837
3837	3675
3675	3899
3675	3957
3938	3677
3963	3679
3938	3684
3860	3687
3938	3687
3938	3692
3938	3693
3938	3697
3759	3701
3836	3701
3837	3701
3832	3702
3938	3702
3938	3703
3759	3705
3759	3708
3836	3708
3837	3708
3938	3712
3799	3716
3860	3721
3938	3721
3832	3730
3860	3731
3938	3731
3938	3734
3938	3736
3860	3737
3938	3737
3938	3741
3938	3750
3938	3756
3759	3757
3836	3757
3837	3757
3759	3774
3759	3836
3836	3759
3759	3837
3837	3759
3759	3918
3759	3957
3759	3965
3759	3975
3799	3763
3836	3774
3837	3774
3938	3779
3836	3782
3860	3785
3832	3790
3860	3790
3938	3790
3938	3797
3799	3844
3844	3799
3799	3848
3799	3918
3799	3932
3799	3952
3938	3800
3860	3804
3938	3804
3963	3806
3860	3824
3938	3824
3893	3825
3860	3828
3938	3828
3832	3830
3860	3830
3938	3831
3836	3837
3837	3836
3836	3893
3893	3836
3836	3899
3836	3910
3836	3918
3836	3957
3836	3964
3836	3975
3837	3918
3837	3957
3837	3975
3860	3838
3938	3838
3938	3841
3938	3842
3844	3848
3938	3851
3860	3858
3938	3858
3860	3884
3860	3902
3860	3913
3860	3930
3860	3938
3938	3860
3860	3966
3938	3873
3938	3877
3938	3884
3938	3889
3893	3941
3963	3894
3938	3902
3938	3926
3938	3930
3938	3943
3938	3948
3938	3962
3938	3966
3938	3968
3938	3971
3963	3939
3983	3980
3986	3980
3987	3980
3990	3980
3992	3980
4000	3980
4007	3980
4015	3980
4016	3980
4017	3980
4024	3980
4025	3980
4033	3980
3986	3982
3983	4017
4017	3983
3986	4000
4000	3986
3986	4014
3986	4017
4017	3986
3986	4021
3986	4026
3986	4030
3986	4033
4033	3986
3987	4012
3990	4007
4007	3990
3990	4016
4016	3990
3990	4025
4025	3990
3992	4000
4000	3992
3992	4017
4017	3992
4000	3995
4000	4017
4017	4000
4000	4021
4000	4026
4000	4030
4000	4033
4033	4000
4007	4016
4016	4007
4007	4025
4025	4007
4017	4014
4016	4025
4025	4016
4017	4021
4017	4026
4017	4030
