0	1
0	2
0	3
0	4
0	5
0	6
0	7
0	8
0	9
0	10
0	11
0	12
0	13
0	14
0	15
0	16
0	17
0	18
0	19
0	20
0	21
0	22
0	23
0	24
0	25
0	26
0	27
0	28
0	29
0	30
0	31
0	32
0	33
0	34
34	0
0	35
0	36
0	37
0	38
0	39
0	40
0	41
0	42
0	43
0	44
0	45
0	46
0	47
0	48
0	49
0	50
0	51
0	52
52	0
0	53
0	54
0	55
0	56
0	57
0	58
58	0
0	59
0	60
0	61
0	62
0	63
0	64
0	65
0	66
0	67
0	68
0	69
0	70
0	71
0	72
0	73
0	74
0	75
0	76
0	77
0	78
0	79
0	80
0	81
0	82
0	83
0	84
0	85
0	86
0	87
0	88
0	89
0	90
90	0
0	91
0	92
0	93
0	94
0	95
0	96
0	97
0	98
0	99
0	100
0	101
0	102
0	103
0	104
0	105
105	0
0	106
0	107
107	0
0	108
0	109
0	110
0	111
0	112
0	113
0	114
0	115
0	116
0	117
0	118
0	119
0	120
0	121
0	122
0	123
0	124
0	125
0	126
126	0
0	127
0	128
0	129
0	130
0	131
0	132
0	133
0	134
0	135
0	136
136	0
0	137
0	138
0	139
0	140
0	141
0	142
0	143
0	144
0	145
145	0
0	146
0	147
0	148
0	149
0	150
0	151
0	152
0	153
0	154
0	155
0	156
0	157
0	158
0	159
0	160
0	161
0	162
0	163
0	164
0	165
0	166
0	167
0	168
0	169
0	170
0	171
0	172
172	0
0	173
0	174
0	175
175	0
0	176
0	177
0	178
0	179
179	0
0	180
0	181
0	182
0	183
0	184
0	185
0	186
0	187
0	188
0	189
0	190
0	191
0	192
0	193
0	194
0	195
0	196
0	197
0	198
198	0
0	199
0	200
0	201
0	202
0	203
0	204
0	205
0	206
0	207
0	208
0	209
0	210
210	0
0	211
0	212
0	213
0	214
0	215
0	216
0	217
0	218
0	219
0	220
0	221
0	222
0	223
0	224
0	225
0	226
0	227
227	0
0	228
0	229
0	230
0	231
0	232
0	233
0	234
0	235
0	236
0	237
0	238
0	239
0	240
0	241
0	242
0	243
0	244
0	245
0	246
0	247
0	248
0	249
0	250
0	251
0	252
0	253
0	254
0	255
0	256
0	257
0	258
0	259
0	260
0	261
0	262
0	263
0	264
0	265
0	266
0	267
267	0
0	268
0	269
0	270
0	271
0	272
0	273
0	274
0	275
0	276
0	277
0	278
0	279
0	280
0	281
0	282
0	283
0	284
0	285
0	286
0	287
0	288
0	289
0	290
0	291
0	292
0	293
0	294
294	0
0	295
0	296
0	297
0	298
0	299
0	300
0	301
0	302
0	303
0	304
0	305
0	306
0	307
0	308
0	309
0	310
0	311
0	312
0	313
0	314
0	315
0	316
0	317
0	318
0	319
0	320
0	321
0	322
0	323
0	324
0	325
0	326
0	327
0	328
0	329
0	330
0	331
0	332
0	333
0	334
0	335
0	336
0	337
0	338
0	339
0	340
0	341
0	342
0	343
0	344
0	345
0	346
0	347
126	1
136	7
105	9
172	13
172	16
175	19
227	19
105	21
136	21
175	23
227	23
267	23
105	25
172	26
172	29
34	173
34	348
348	34
34	414
414	34
34	428
105	39
172	40
175	46
126	48
52	192
136	56
172	56
58	107
107	58
58	171
58	269
58	1684
1684	58
58	1912
58	2814
58	2838
58	2885
58	3003
58	3173
58	3290
172	59
136	67
175	68
227	68
105	69
172	72
126	73
294	77
172	82
175	86
227	86
136	87
126	88
90	179
179	90
172	98
175	99
227	99
175	102
227	102
136	103
172	103
105	119
105	148
105	236
105	257
105	272
105	277
105	280
105	315
107	171
107	348
348	107
107	353
353	107
107	363
363	107
107	366
366	107
107	376
376	107
107	389
107	414
414	107
107	420
420	107
107	428
107	475
475	107
107	483
483	107
107	484
484	107
107	517
517	107
107	526
107	538
538	107
107	563
107	566
566	107
107	580
107	596
107	601
107	606
606	107
107	629
107	637
107	641
107	649
107	651
651	107
107	896
107	897
107	898
107	899
107	900
107	901
901	107
107	902
107	903
903	107
107	904
107	905
107	906
107	907
107	908
107	909
107	910
910	107
107	911
107	912
107	913
107	914
914	107
107	915
915	107
107	916
107	917
107	918
107	919
107	920
107	921
107	922
107	923
107	924
107	925
107	926
107	927
107	928
107	929
107	930
107	931
107	932
107	933
107	934
107	935
107	936
107	937
107	938
938	107
107	939
107	940
107	941
107	942
107	943
107	944
107	945
107	946
107	947
107	948
107	949
107	950
107	951
107	952
107	953
107	954
107	955
107	956
107	957
107	958
958	107
107	959
107	960
107	961
107	962
107	963
963	107
107	964
107	965
107	966
107	967
107	968
107	969
107	970
107	971
107	972
107	973
107	974
107	975
107	976
976	107
107	977
107	978
107	979
107	980
107	981
107	982
107	983
107	984
107	985
107	986
107	987
107	988
107	989
107	990
990	107
107	991
107	992
992	107
107	993
107	994
107	995
107	996
107	997
107	998
107	999
107	1000
107	1001
107	1002
107	1003
107	1004
107	1005
107	1006
107	1007
107	1008
107	1009
107	1010
107	1011
107	1012
107	1013
107	1014
107	1015
107	1016
107	1017
107	1018
107	1019
107	1020
107	1021
107	1022
107	1023
107	1024
107	1025
1025	107
107	1026
107	1027
107	1028
107	1029
107	1030
107	1031
107	1032
107	1033
107	1034
107	1035
107	1036
107	1037
107	1038
107	1039
107	1040
107	1041
107	1042
107	1043
107	1044
107	1045
107	1046
107	1047
107	1048
107	1049
107	1050
107	1051
107	1052
107	1053
107	1054
107	1055
107	1056
107	1057
107	1058
107	1059
107	1060
107	1061
107	1062
107	1063
107	1064
107	1065
107	1066
107	1067
107	1068
107	1069
107	1070
107	1071
107	1072
107	1073
107	1074
107	1075
107	1076
107	1077
107	1078
107	1079
107	1080
1080	107
107	1081
107	1082
107	1083
107	1084
107	1085
1085	107
107	1086
107	1087
107	1088
107	1089
107	1090
107	1091
107	1092
107	1093
107	1094
107	1095
107	1096
107	1097
1097	107
107	1098
107	1099
107	1100
107	1101
107	1102
107	1103
107	1104
107	1105
107	1106
107	1107
107	1108
107	1109
107	1110
107	1111
107	1112
107	1113
1113	107
107	1114
1114	107
107	1115
107	1116
107	1117
107	1118
1118	107
107	1119
107	1120
107	1121
107	1122
107	1123
107	1124
107	1125
107	1126
107	1127
107	1128
107	1129
107	1130
107	1131
107	1132
107	1133
107	1134
107	1135
107	1136
107	1137
1137	107
107	1138
107	1139
107	1140
107	1141
107	1142
1142	107
107	1143
107	1144
107	1145
107	1146
107	1147
107	1148
107	1149
107	1150
107	1151
107	1152
107	1153
107	1154
107	1155
1155	107
107	1156
107	1157
107	1158
107	1159
107	1160
107	1161
107	1162
107	1163
107	1164
107	1165
107	1166
107	1167
107	1168
107	1169
107	1170
107	1171
107	1172
107	1173
107	1174
107	1175
107	1176
107	1177
107	1178
107	1179
1179	107
107	1180
107	1181
107	1182
107	1183
107	1184
107	1185
107	1186
1186	107
107	1187
107	1188
107	1189
107	1190
107	1191
107	1192
107	1193
107	1194
107	1195
107	1196
107	1197
107	1198
107	1199
107	1200
107	1201
107	1202
107	1203
107	1204
107	1205
107	1206
107	1207
107	1208
107	1209
107	1210
107	1211
107	1212
107	1213
107	1214
107	1215
107	1216
1216	107
107	1217
107	1218
107	1219
107	1220
107	1221
107	1222
107	1223
1223	107
107	1224
107	1225
107	1226
107	1227
107	1228
107	1229
107	1230
107	1231
107	1232
1232	107
107	1233
107	1234
107	1235
107	1236
107	1237
1237	107
107	1238
107	1239
107	1240
107	1241
107	1242
107	1243
107	1244
107	1245
107	1246
107	1247
107	1248
107	1249
107	1250
107	1251
107	1252
107	1253
107	1254
107	1255
107	1256
107	1257
107	1258
107	1259
107	1260
107	1261
107	1262
107	1263
107	1264
107	1265
107	1266
107	1267
107	1268
107	1269
107	1270
107	1271
107	1272
107	1273
107	1274
107	1275
107	1276
107	1277
107	1278
107	1279
107	1280
107	1281
107	1282
107	1283
107	1284
107	1285
107	1286
107	1287
107	1288
107	1289
107	1290
107	1291
107	1292
107	1293
107	1294
107	1295
107	1296
107	1297
107	1298
107	1299
107	1300
107	1301
107	1302
107	1303
107	1304
107	1305
107	1306
107	1307
107	1308
107	1309
107	1310
107	1311
107	1312
107	1313
107	1314
1314	107
107	1315
107	1316
107	1317
107	1318
107	1319
1319	107
107	1320
1320	107
107	1321
107	1322
107	1323
107	1324
107	1325
107	1326
107	1327
107	1328
107	1329
107	1330
107	1331
107	1332
1332	107
107	1333
1333	107
107	1334
107	1335
107	1336
107	1337
107	1338
107	1339
107	1340
107	1341
107	1342
107	1343
107	1344
107	1345
107	1346
107	1347
107	1348
107	1349
107	1350
107	1351
107	1352
107	1353
107	1354
107	1355
107	1356
107	1357
107	1358
107	1359
107	1360
107	1361
107	1362
107	1363
1363	107
107	1364
107	1365
107	1366
107	1367
107	1368
107	1369
107	1370
107	1371
1371	107
107	1372
107	1373
107	1374
107	1375
107	1376
107	1377
107	1378
1378	107
107	1379
107	1380
107	1381
107	1382
107	1383
107	1384
107	1385
107	1386
107	1387
1387	107
107	1388
107	1389
107	1390
107	1391
107	1392
107	1393
107	1394
107	1395
107	1396
107	1397
107	1398
107	1399
107	1400
107	1401
107	1402
107	1403
107	1404
107	1405
107	1406
107	1407
107	1408
1408	107
107	1409
107	1410
107	1411
107	1412
107	1413
107	1414
107	1415
107	1416
107	1417
107	1418
107	1419
1419	107
107	1420
107	1421
107	1422
107	1423
107	1424
1424	107
107	1425
107	1426
107	1427
107	1428
107	1429
107	1430
107	1431
107	1432
107	1433
107	1434
107	1435
107	1436
107	1437
107	1438
107	1439
107	1440
107	1441
107	1442
107	1443
107	1444
107	1445
107	1446
107	1447
107	1448
107	1449
107	1450
1450	107
107	1451
107	1452
1452	107
107	1453
107	1454
107	1455
107	1456
107	1457
107	1458
107	1459
107	1460
107	1461
107	1462
107	1463
107	1464
107	1465
107	1466
107	1467
107	1468
1468	107
107	1469
107	1470
107	1471
107	1472
107	1473
107	1474
107	1475
107	1476
107	1477
107	1478
107	1479
107	1480
107	1481
107	1482
107	1483
107	1484
107	1485
107	1486
107	1487
1487	107
107	1488
107	1489
107	1490
107	1491
107	1492
107	1493
107	1494
107	1495
107	1496
107	1497
107	1498
107	1499
107	1500
107	1501
107	1502
107	1503
107	1504
107	1505
1505	107
107	1506
107	1507
107	1508
107	1509
107	1510
107	1511
107	1512
107	1513
107	1514
107	1515
107	1516
107	1517
107	1518
107	1519
107	1520
107	1521
107	1522
107	1523
107	1524
107	1525
107	1526
107	1527
107	1528
107	1529
107	1530
107	1531
107	1532
107	1533
1533	107
107	1534
1534	107
107	1535
107	1536
107	1537
107	1538
107	1539
107	1540
107	1541
107	1542
107	1543
107	1544
107	1545
107	1546
107	1547
107	1548
1548	107
107	1549
1549	107
107	1550
107	1551
107	1552
107	1553
107	1554
107	1555
107	1556
107	1557
107	1558
107	1559
107	1560
107	1561
107	1562
107	1563
107	1564
107	1565
107	1566
107	1567
107	1568
1568	107
107	1569
107	1570
107	1571
107	1572
107	1573
107	1574
1574	107
107	1575
107	1576
107	1577
107	1578
107	1579
107	1580
107	1581
107	1582
107	1583
107	1584
107	1585
107	1586
107	1587
107	1588
107	1589
107	1590
107	1591
107	1592
107	1593
107	1594
107	1595
107	1596
107	1597
107	1598
107	1599
107	1600
107	1601
1601	107
107	1602
107	1603
107	1604
107	1605
107	1606
107	1607
107	1608
107	1609
107	1610
107	1611
107	1612
107	1613
107	1614
107	1615
107	1616
1616	107
107	1617
107	1618
107	1619
107	1620
107	1621
107	1622
107	1623
107	1624
107	1625
107	1626
107	1627
107	1628
107	1629
1629	107
107	1630
107	1631
107	1632
107	1633
107	1634
107	1635
107	1636
107	1637
107	1638
107	1639
107	1640
107	1641
107	1642
1642	107
107	1643
107	1644
107	1645
107	1646
107	1647
107	1648
107	1649
107	1650
107	1651
107	1652
107	1653
107	1654
107	1655
107	1656
1656	107
107	1657
107	1658
107	1659
107	1660
107	1661
107	1662
107	1663
107	1664
107	1665
107	1666
1666	107
107	1667
107	1668
107	1669
107	1670
107	1671
107	1672
107	1673
107	1674
107	1675
107	1676
107	1677
107	1678
107	1679
1679	107
107	1680
107	1681
107	1682
107	1683
107	1684
1684	107
107	1685
107	1686
107	1687
107	1688
107	1689
107	1690
107	1691
107	1692
1692	107
107	1693
107	1694
107	1695
107	1696
107	1697
107	1698
107	1699
107	1700
107	1701
107	1702
107	1703
107	1704
107	1705
107	1706
107	1707
107	1708
107	1709
107	1710
107	1711
107	1712
107	1713
107	1714
107	1715
107	1716
107	1717
107	1718
107	1719
107	1720
107	1721
107	1722
107	1723
107	1724
107	1725
107	1726
107	1727
107	1728
107	1729
107	1730
107	1731
107	1732
107	1733
1733	107
107	1734
107	1735
107	1736
107	1737
107	1738
107	1739
107	1740
107	1741
107	1742
107	1743
107	1744
107	1745
107	1746
107	1747
1747	107
107	1748
107	1749
107	1750
107	1751
107	1752
107	1753
107	1754
107	1755
107	1756
107	1757
107	1758
1758	107
107	1759
107	1760
107	1761
107	1762
107	1763
107	1764
107	1765
107	1766
1766	107
107	1767
1767	107
107	1768
107	1769
107	1770
107	1771
107	1772
107	1773
107	1774
107	1775
107	1776
107	1777
107	1778
107	1779
107	1780
107	1781
107	1782
107	1783
107	1784
1784	107
107	1785
107	1786
107	1787
1787	107
107	1788
107	1789
107	1790
107	1791
107	1792
107	1793
107	1794
107	1795
107	1796
107	1797
107	1798
1798	107
107	1799
107	1800
107	1801
107	1802
107	1803
107	1804
107	1805
107	1806
107	1807
107	1808
107	1809
107	1810
107	1811
107	1812
107	1813
107	1814
107	1815
107	1816
107	1817
107	1818
107	1819
107	1820
107	1821
107	1822
107	1823
107	1824
107	1825
107	1826
107	1827
107	1828
107	1829
107	1830
107	1831
107	1832
107	1833
107	1834
107	1835
107	1836
107	1837
1837	107
107	1838
107	1839
107	1840
107	1841
107	1842
107	1843
107	1844
107	1845
107	1846
107	1847
107	1848
107	1849
107	1850
107	1851
107	1852
107	1853
107	1854
107	1855
107	1856
107	1857
107	1858
107	1859
107	1860
107	1861
107	1862
107	1863
107	1864
107	1865
107	1866
107	1867
107	1868
107	1869
107	1870
107	1871
107	1872
107	1873
107	1874
107	1875
107	1876
107	1877
107	1878
107	1879
107	1880
1880	107
107	1881
1881	107
107	1882
1882	107
107	1883
107	1884
107	1885
107	1886
107	1887
107	1888
107	1889
107	1890
107	1891
107	1892
107	1893
107	1894
107	1895
1895	107
107	1896
107	1897
107	1898
107	1899
107	1900
107	1901
107	1902
107	1903
107	1904
107	1905
107	1906
107	1907
107	1908
107	1909
107	1910
107	1911
172	113
172	118
136	120
136	122
136	125
126	260
126	322
172	128
227	131
136	146
136	156
136	169
136	213
136	246
136	285
136	304
136	308
136	315
136	322
136	324
136	339
136	1718
136	1912
136	1926
136	1932
136	1939
136	1945
136	1951
136	1955
136	1972
136	1973
136	1976
136	1991
136	1995
136	1998
136	2001
136	2004
136	2007
136	2009
136	2018
136	2024
136	2027
136	2032
136	2038
136	2039
136	2042
136	2054
136	2068
136	2071
136	2072
136	2081
136	2102
136	2111
136	2116
136	2117
136	2127
136	2128
2128	136
136	2133
136	2135
136	2138
136	2143
2143	136
136	2153
2153	136
136	2157
136	2171
136	2174
136	2180
136	2183
136	2187
136	2189
136	2199
136	2203
136	2223
136	2224
136	2225
136	2247
136	2250
136	2254
136	2264
136	2267
136	2268
136	2279
136	2283
136	2284
136	2289
136	2292
2292	136
136	2302
2302	136
136	2319
136	2327
136	2336
136	2337
136	2364
136	2378
136	2384
136	2398
136	2417
136	2436
2436	136
136	2445
136	2447
136	2451
136	2458
136	2459
136	2461
136	2463
2463	136
136	2471
136	2472
136	2475
136	2491
136	2494
136	2498
136	2502
136	2508
136	2510
136	2511
136	2529
136	2533
136	2538
136	2543
136	2547
136	2571
136	2583
136	2589
136	2598
136	2617
136	2629
2629	136
136	2635
2635	136
136	2636
136	2640
136	2643
136	2647
136	2649
136	2653
136	2660
172	141
175	143
227	143
145	179
179	145
172	159
198	166
1387	171
1549	171
1684	171
172	199
172	203
172	211
172	212
172	223
172	231
172	232
172	238
172	239
172	252
172	261
172	265
172	268
172	271
172	277
172	298
172	304
172	308
172	313
172	325
172	329
172	331
172	332
172	342
348	173
414	173
549	173
175	177
175	225
175	227
227	175
175	263
175	277
175	278
175	296
175	321
227	177
198	348
348	198
198	351
351	198
198	364
364	198
198	393
393	198
198	399
399	198
198	441
441	198
198	476
476	198
198	501
501	198
198	549
549	198
198	564
564	198
227	225
227	263
227	278
227	296
294	277
348	349
348	350
348	351
351	348
348	352
352	348
348	353
353	348
348	354
348	355
348	356
348	357
348	358
358	348
348	359
348	360
360	348
348	361
348	362
362	348
348	363
363	348
348	364
364	348
348	365
365	348
348	366
366	348
348	367
367	348
348	368
368	348
348	369
348	370
348	371
371	348
348	372
348	373
348	374
348	375
348	376
376	348
348	377
348	378
378	348
348	379
348	380
348	381
348	382
348	383
348	384
348	385
348	386
348	387
387	348
348	388
388	348
348	389
348	390
390	348
348	391
391	348
348	392
392	348
348	393
393	348
348	394
394	348
348	395
395	348
348	396
348	397
397	348
348	398
398	348
348	399
399	348
348	400
400	348
348	401
348	402
402	348
348	403
348	404
404	348
348	405
348	406
348	407
348	408
348	409
409	348
348	410
348	411
348	412
412	348
348	413
413	348
348	414
414	348
348	415
415	348
348	416
348	417
417	348
348	418
348	419
348	420
420	348
348	421
348	422
348	423
423	348
348	424
348	425
425	348
348	426
348	427
348	428
348	429
348	430
348	431
431	348
348	432
348	433
348	434
434	348
348	435
348	436
436	348
348	437
348	438
348	439
439	348
348	440
348	441
441	348
348	442
348	443
348	444
444	348
348	445
445	348
348	446
446	348
348	447
447	348
348	448
448	348
348	449
348	450
450	348
348	451
348	452
452	348
348	453
348	454
454	348
348	455
348	456
456	348
348	457
348	458
458	348
348	459
348	460
348	461
461	348
348	462
462	348
348	463
348	464
348	465
348	466
348	467
348	468
348	469
348	470
348	471
471	348
348	472
348	473
473	348
348	474
474	348
348	475
475	348
348	476
476	348
348	477
348	478
478	348
348	479
479	348
348	480
348	481
348	482
482	348
348	483
483	348
348	484
484	348
348	485
348	486
348	487
487	348
348	488
488	348
348	489
348	490
490	348
348	491
491	348
348	492
492	348
348	493
493	348
348	494
494	348
348	495
495	348
348	496
348	497
497	348
348	498
348	499
348	500
500	348
348	501
501	348
348	502
502	348
348	503
503	348
348	504
348	505
348	506
348	507
507	348
348	508
508	348
348	509
348	510
348	511
511	348
348	512
512	348
348	513
348	514
348	515
348	516
348	517
517	348
348	518
348	519
348	520
520	348
348	521
521	348
348	522
522	348
348	523
523	348
348	524
348	525
525	348
348	526
348	527
527	348
348	528
348	529
348	530
348	531
531	348
348	532
348	533
348	534
534	348
348	535
535	348
348	536
536	348
348	537
537	348
348	538
538	348
348	539
348	540
348	541
541	348
348	542
348	543
348	544
544	348
348	545
545	348
348	546
348	547
348	548
548	348
348	549
549	348
348	550
348	551
348	552
348	553
348	554
348	555
348	556
556	348
348	557
348	558
348	559
559	348
348	560
560	348
348	561
561	348
348	562
348	563
348	564
564	348
348	565
565	348
348	566
566	348
348	567
348	568
568	348
348	569
348	570
570	348
348	571
348	572
348	1025
1025	348
434	349
478	349
508	349
534	349
397	350
484	350
497	350
527	350
531	350
561	350
351	364
364	351
351	454
454	351
351	564
564	351
352	368
368	352
352	375
352	394
394	352
352	398
398	352
352	404
404	352
352	408
352	409
409	352
352	412
412	352
352	431
431	352
352	456
456	352
352	462
462	352
352	479
479	352
352	484
484	352
352	492
492	352
352	493
493	352
352	494
494	352
352	503
503	352
352	517
517	352
352	525
525	352
352	536
536	352
352	538
538	352
352	542
353	363
363	353
353	366
366	353
353	370
353	373
353	376
376	353
353	388
388	353
353	391
391	353
353	394
394	353
353	400
400	353
353	404
404	353
353	408
353	409
409	353
353	412
412	353
353	417
417	353
353	419
353	420
420	353
353	428
353	430
353	431
431	353
353	432
353	446
446	353
353	460
353	462
462	353
353	471
471	353
353	475
475	353
353	482
482	353
353	483
483	353
353	484
484	353
353	487
487	353
353	492
492	353
353	493
493	353
353	496
353	497
497	353
353	500
500	353
353	503
503	353
353	513
353	514
353	515
353	517
517	353
353	520
520	353
353	524
353	526
353	537
537	353
353	538
538	353
353	540
353	542
353	544
544	353
353	559
559	353
353	560
560	353
353	561
561	353
353	566
566	353
353	567
353	580
353	601
353	606
606	353
353	637
353	641
353	651
651	353
353	930
353	936
353	976
976	353
353	1012
353	1075
353	1080
1080	353
353	1114
1114	353
353	1122
353	1155
1155	353
353	1237
1237	353
353	1313
353	1320
1320	353
353	1349
353	1358
353	1374
353	1397
353	1425
353	1427
353	1475
353	1487
1487	353
353	1512
353	1514
353	1529
353	1543
353	1574
1574	353
353	1606
353	1616
1616	353
353	1645
353	1673
353	1677
353	1679
1679	353
353	1692
1692	353
353	1694
353	1740
353	1744
353	1778
353	1790
353	1844
353	1855
353	1878
353	1881
1881	353
353	1882
1882	353
376	354
397	354
450	354
452	354
458	354
474	354
497	354
500	354
507	354
531	354
367	355
376	355
397	355
402	355
412	355
452	355
474	355
475	355
497	355
500	355
531	355
548	355
565	355
397	357
367	359
376	359
391	359
452	359
474	359
475	359
491	359
531	359
360	362
362	360
360	365
365	360
360	370
360	373
360	376
376	360
360	387
387	360
360	388
388	360
360	395
395	360
360	402
402	360
360	412
412	360
360	415
415	360
360	417
417	360
360	422
360	428
360	432
360	438
360	442
360	444
444	360
360	460
360	461
461	360
360	463
360	495
495	360
360	497
497	360
360	506
360	507
507	360
360	510
360	513
360	514
360	520
520	360
360	523
523	360
360	524
360	542
360	543
360	544
544	360
360	548
548	360
360	553
360	555
360	558
360	561
561	360
360	565
565	360
360	567
360	570
570	360
376	361
450	361
474	361
475	361
500	361
531	361
568	361
362	371
371	362
362	373
362	412
412	362
362	413
413	362
362	415
415	362
362	445
445	362
362	460
362	463
362	473
473	362
362	482
482	362
362	492
492	362
362	495
495	362
362	535
535	362
362	542
362	558
362	560
560	362
362	570
570	362
363	366
366	363
363	367
367	363
363	368
368	363
363	370
363	373
363	374
363	376
376	363
363	378
378	363
363	385
363	388
388	363
363	402
402	363
363	409
409	363
363	412
412	363
363	414
414	363
363	417
417	363
363	419
363	432
363	436
436	363
363	444
444	363
363	455
363	461
461	363
363	463
363	475
475	363
363	481
363	482
482	363
363	483
483	363
363	484
484	363
363	487
487	363
363	492
492	363
363	493
493	363
363	497
497	363
363	500
500	363
363	506
363	507
507	363
363	514
363	515
363	517
517	363
363	521
521	363
363	524
363	525
525	363
363	526
363	527
527	363
363	538
538	363
363	542
363	544
544	363
363	553
363	559
559	363
363	561
561	363
363	565
565	363
363	566
566	363
363	580
363	591
363	606
606	363
363	637
363	651
651	363
363	656
363	669
363	936
363	976
976	363
363	1080
1080	363
363	1113
1113	363
363	1122
363	1155
1155	363
363	1179
1179	363
363	1237
1237	363
363	1318
363	1320
1320	363
363	1332
1332	363
363	1349
363	1358
363	1374
363	1400
363	1425
363	1427
363	1506
363	1512
363	1514
363	1529
363	1536
363	1545
363	1574
1574	363
363	1606
363	1616
1616	363
363	1645
363	1671
363	1673
363	1677
363	1692
1692	363
363	1740
363	1744
363	1767
1767	363
363	1790
363	1844
364	393
393	364
364	399
399	364
364	441
441	364
364	476
476	364
364	501
501	364
364	564
564	364
365	408
365	513
365	520
520	365
365	556
556	365
366	368
368	366
366	373
366	374
366	376
376	366
366	378
378	366
366	391
391	366
366	394
394	366
366	395
395	366
366	400
400	366
366	402
402	366
366	404
404	366
366	408
366	412
412	366
366	417
417	366
366	428
366	430
366	431
431	366
366	434
434	366
366	436
436	366
366	438
366	446
446	366
366	460
366	475
475	366
366	482
482	366
366	483
483	366
366	484
484	366
366	492
492	366
366	493
493	366
366	496
366	497
497	366
366	503
503	366
366	513
366	514
366	515
366	517
517	366
366	520
520	366
366	524
366	526
366	538
538	366
366	539
366	542
366	544
544	366
366	548
548	366
366	553
366	555
366	559
559	366
366	566
566	366
366	580
366	606
606	366
366	637
366	651
651	366
366	930
366	936
366	976
976	366
366	1001
366	1012
366	1080
1080	366
366	1113
1113	366
366	1122
366	1142
1142	366
366	1155
1155	366
366	1179
1179	366
366	1237
1237	366
366	1300
366	1313
366	1320
1320	366
366	1349
366	1358
366	1374
366	1397
366	1400
366	1408
1408	366
366	1427
366	1446
366	1490
366	1512
366	1514
366	1549
1549	366
366	1574
1574	366
366	1616
1616	366
366	1631
366	1645
366	1658
366	1673
366	1692
1692	366
366	1694
366	1740
366	1767
1767	366
366	1790
366	1801
366	1844
366	1878
366	1882
1882	366
367	373
367	376
376	367
367	378
378	367
367	391
391	367
367	396
367	403
367	412
412	367
367	416
367	422
367	452
452	367
367	455
367	474
474	367
367	475
475	367
367	481
367	483
483	367
367	489
367	490
490	367
367	491
491	367
367	502
502	367
367	504
367	519
367	525
525	367
367	546
367	547
367	548
548	367
367	553
367	555
367	566
566	367
368	371
371	368
368	374
368	375
368	378
378	368
368	395
395	368
368	398
398	368
368	404
404	368
368	408
368	409
409	368
368	412
412	368
368	416
368	419
368	431
431	368
368	456
456	368
368	462
462	368
368	479
479	368
368	493
493	368
368	494
494	368
368	497
497	368
368	500
500	368
368	503
503	368
368	517
517	368
368	521
521	368
368	525
525	368
368	526
368	527
527	368
368	536
536	368
368	538
538	368
368	553
368	559
559	368
378	369
397	369
561	369
376	370
378	370
387	370
388	370
392	370
395	370
397	370
402	370
412	370
413	370
414	370
415	370
417	370
420	370
423	370
431	370
436	370
439	370
452	370
456	370
458	370
461	370
471	370
475	370
483	370
492	370
497	370
507	370
520	370
523	370
525	370
527	370
544	370
548	370
559	370
561	370
565	370
566	370
371	460
371	542
444	372
531	372
545	372
568	372
570	372
376	373
378	373
387	373
388	373
390	373
391	373
392	373
395	373
397	373
400	373
402	373
412	373
413	373
414	373
417	373
423	373
425	373
431	373
434	373
436	373
439	373
446	373
450	373
456	373
461	373
471	373
473	373
475	373
483	373
491	373
492	373
497	373
500	373
502	373
507	373
517	373
520	373
523	373
525	373
527	373
544	373
545	373
548	373
556	373
559	373
561	373
565	373
566	373
606	373
651	373
376	374
378	374
391	374
402	374
412	374
414	374
417	374
420	374
431	374
439	374
444	374
456	374
461	374
475	374
482	374
483	374
488	374
492	374
497	374
500	374
507	374
517	374
520	374
521	374
523	374
525	374
527	374
535	374
544	374
545	374
556	374
559	374
561	374
565	374
566	374
570	374
398	375
404	375
409	375
431	375
456	375
479	375
484	375
493	375
494	375
503	375
525	375
538	375
376	378
378	376
376	387
387	376
376	388
388	376
376	390
390	376
376	391
391	376
376	394
394	376
376	395
395	376
376	396
376	397
397	376
376	400
400	376
376	402
402	376
376	405
376	410
376	412
412	376
376	413
413	376
376	414
414	376
376	417
417	376
376	419
376	420
420	376
376	423
423	376
376	426
376	428
376	431
431	376
376	432
376	434
434	376
376	436
436	376
376	438
376	439
439	376
376	442
376	444
444	376
376	446
446	376
376	450
450	376
376	452
452	376
376	456
456	376
376	458
458	376
376	460
376	461
461	376
376	463
376	465
376	471
471	376
376	473
473	376
376	475
475	376
376	481
376	482
482	376
376	483
483	376
376	487
487	376
376	488
488	376
376	489
376	490
490	376
376	491
491	376
376	492
492	376
376	496
376	497
497	376
376	500
500	376
376	502
502	376
376	506
376	507
507	376
376	511
511	376
376	513
376	514
376	515
376	517
517	376
376	519
376	520
520	376
376	523
523	376
376	524
376	525
525	376
376	526
376	527
527	376
376	531
531	376
376	538
538	376
376	542
376	544
544	376
376	545
545	376
376	546
376	547
376	548
548	376
376	553
376	555
376	556
556	376
376	557
376	559
559	376
376	561
561	376
376	563
376	566
566	376
376	567
376	570
570	376
376	580
376	586
376	587
376	591
376	604
376	606
606	376
376	610
376	614
376	634
376	637
376	645
376	646
376	651
651	376
376	652
376	669
376	673
376	676
376	683
376	1095
376	1179
1179	376
376	1300
376	1313
376	1343
376	1357
376	1358
376	1374
376	1487
1487	376
376	1536
376	1616
1616	376
376	1767
1767	376
376	1777
376	1897
378	391
391	378
378	394
394	378
378	400
400	378
378	412
412	378
378	414
414	378
378	417
417	378
378	423
423	378
378	426
378	428
378	431
431	378
378	434
434	378
378	436
436	378
378	452
452	378
378	456
456	378
378	461
461	378
378	465
378	471
471	378
378	475
475	378
378	482
482	378
378	483
483	378
378	484
484	378
378	487
487	378
378	488
488	378
378	492
492	378
378	495
495	378
378	496
378	497
497	378
378	500
500	378
378	502
502	378
378	506
378	513
378	514
378	515
378	517
517	378
378	524
378	527
527	378
378	542
378	544
544	378
378	553
378	559
559	378
378	561
561	378
378	563
378	566
566	378
378	580
378	591
378	604
378	614
378	637
378	641
378	651
651	378
378	669
378	676
452	382
474	382
500	382
531	382
387	383
423	385
436	385
461	385
483	385
507	385
387	395
395	387
387	400
400	387
387	402
402	387
387	406
387	408
387	412
412	387
387	415
415	387
387	417
417	387
387	428
387	436
436	387
387	438
387	444
444	387
387	461
461	387
387	465
387	503
503	387
387	506
387	507
507	387
387	513
387	514
387	517
517	387
387	520
520	387
387	523
523	387
387	524
387	525
525	387
387	544
544	387
387	556
556	387
387	559
559	387
387	561
561	387
387	567
387	570
570	387
388	400
400	388
388	404
404	388
388	412
412	388
388	415
415	388
388	421
388	438
388	444
444	388
388	445
445	388
388	450
450	388
388	452
452	388
388	463
388	465
388	475
475	388
388	483
483	388
388	487
487	388
388	492
492	388
388	493
493	388
388	496
388	497
497	388
388	500
500	388
388	503
503	388
388	507
507	388
388	513
388	523
523	388
388	537
537	388
388	544
544	388
388	548
548	388
388	557
388	559
559	388
388	566
566	388
388	567
397	389
497	389
390	450
450	390
390	475
475	390
390	539
391	394
394	391
391	400
400	391
391	412
412	391
391	414
414	391
391	417
417	391
391	423
423	391
391	428
391	431
431	391
391	438
391	446
446	391
391	456
456	391
391	458
458	391
391	460
391	465
391	475
475	391
391	482
482	391
391	483
483	391
391	484
484	391
391	487
487	391
391	488
488	391
391	490
490	391
391	491
491	391
391	492
492	391
391	493
493	391
391	497
497	391
391	500
500	391
391	502
502	391
391	503
503	391
391	506
391	512
512	391
391	513
391	514
391	515
391	517
517	391
391	524
391	525
525	391
391	527
527	391
391	539
391	544
544	391
391	548
548	391
391	553
391	556
556	391
391	559
559	391
391	561
561	391
391	563
391	566
566	391
391	567
391	580
391	591
391	614
391	637
391	669
392	394
394	392
392	404
404	392
392	412
412	392
392	423
423	392
392	428
392	430
392	431
431	392
392	436
436	392
392	456
456	392
392	460
392	465
392	473
473	392
392	475
475	392
392	482
482	392
392	483
483	392
392	487
487	392
392	492
492	392
392	493
493	392
392	497
497	392
392	500
500	392
392	503
503	392
392	506
392	514
392	515
392	525
525	392
392	527
527	392
392	537
537	392
392	538
538	392
392	542
392	553
392	556
556	392
392	559
559	392
392	560
560	392
392	561
561	392
392	566
566	392
392	567
393	399
399	393
393	441
441	393
393	501
501	393
393	564
564	393
394	398
398	394
394	400
400	394
394	408
394	414
414	394
394	436
436	394
394	438
394	475
475	394
394	479
479	394
394	488
488	394
394	492
492	394
394	503
503	394
394	511
511	394
394	512
512	394
394	513
394	515
394	517
517	394
394	520
520	394
394	538
538	394
394	542
394	544
544	394
394	556
556	394
394	559
559	394
394	566
566	394
394	601
394	614
394	620
394	676
394	683
395	398
398	395
395	400
400	395
395	402
402	395
395	404
404	395
395	408
395	412
412	395
395	413
413	395
395	414
414	395
395	417
417	395
395	419
395	421
395	422
395	423
423	395
395	425
425	395
395	428
395	430
395	431
431	395
395	436
436	395
395	438
395	451
395	452
452	395
395	456
456	395
395	460
395	461
461	395
395	463
395	465
395	471
471	395
395	479
479	395
395	483
483	395
395	488
488	395
395	495
495	395
395	497
497	395
395	506
395	507
507	395
395	511
511	395
395	512
512	395
395	513
395	514
395	515
395	517
517	395
395	520
520	395
395	523
523	395
395	524
395	525
525	395
395	527
527	395
395	536
536	395
395	537
537	395
395	538
538	395
395	542
395	544
544	395
395	545
545	395
395	553
395	556
556	395
395	559
559	395
395	560
560	395
395	561
561	395
395	567
395	574
395	591
395	601
395	604
395	614
395	620
395	630
395	637
395	645
395	669
395	678
395	683
450	396
474	396
475	396
500	396
531	396
548	396
568	396
570	396
397	402
402	397
397	418
397	419
397	420
420	397
397	421
397	422
397	426
397	432
397	439
439	397
397	444
444	397
397	449
397	457
397	458
458	397
397	469
397	477
397	481
397	483
483	397
397	485
397	504
397	506
397	507
507	397
397	509
397	510
397	513
397	514
397	516
397	518
397	523
523	397
397	531
531	397
397	541
541	397
397	543
397	544
544	397
397	546
397	554
397	557
397	563
397	570
570	397
398	404
404	398
398	408
398	409
409	398
398	412
412	398
398	430
398	431
431	398
398	445
445	398
398	456
456	398
398	462
462	398
398	479
479	398
398	484
484	398
398	488
488	398
398	493
493	398
398	494
494	398
398	497
497	398
398	503
503	398
398	511
511	398
398	512
512	398
398	517
517	398
398	525
525	398
398	526
398	527
527	398
398	536
536	398
398	538
538	398
398	545
545	398
398	559
559	398
398	561
561	398
399	441
441	399
399	476
476	399
399	501
501	399
399	564
564	399
400	404
404	400
400	408
400	409
409	400
400	412
412	400
400	414
414	400
400	415
415	400
400	417
417	400
400	419
400	420
420	400
400	421
400	428
400	431
431	400
400	432
400	434
434	400
400	436
436	400
400	438
400	444
444	400
400	445
445	400
400	456
456	400
400	461
461	400
400	465
400	475
475	400
400	482
482	400
400	484
484	400
400	487
487	400
400	488
488	400
400	492
492	400
400	493
493	400
400	497
497	400
400	500
500	400
400	503
503	400
400	506
400	511
511	400
400	512
512	400
400	513
400	514
400	515
400	517
517	400
400	524
400	525
525	400
400	537
537	400
400	538
538	400
400	539
400	542
400	544
544	400
400	553
400	556
556	400
400	559
559	400
400	561
561	400
400	566
566	400
400	567
400	580
400	591
400	601
400	606
606	400
400	614
400	637
400	641
400	651
651	400
400	669
400	676
400	683
402	412
412	402
402	413
413	402
402	415
415	402
402	417
417	402
402	421
402	422
402	425
425	402
402	428
402	432
402	436
436	402
402	438
402	444
444	402
402	451
402	458
458	402
402	460
402	463
402	465
402	475
475	402
402	482
482	402
402	493
493	402
402	495
495	402
402	497
497	402
402	500
500	402
402	506
402	507
507	402
402	508
508	402
402	513
402	514
402	515
402	517
517	402
402	520
520	402
402	523
523	402
402	524
402	542
402	543
402	544
544	402
402	545
545	402
402	553
402	558
402	559
559	402
402	561
561	402
402	563
402	566
566	402
402	567
402	570
570	402
452	403
458	403
475	403
497	403
404	408
404	409
409	404
404	415
415	404
404	419
404	421
404	428
404	431
431	404
404	440
404	444
444	404
404	445
445	404
404	452
452	404
404	456
456	404
404	462
462	404
404	465
404	479
479	404
404	482
482	404
404	483
483	404
404	484
484	404
404	487
487	404
404	493
493	404
404	494
494	404
404	496
404	500
500	404
404	503
503	404
404	506
404	511
511	404
404	512
512	404
404	515
404	525
525	404
404	526
404	536
536	404
404	537
537	404
404	538
538	404
404	542
404	545
545	404
404	556
556	404
404	559
559	404
404	560
560	404
404	561
561	404
404	566
566	404
478	405
531	405
568	405
458	407
490	407
409	408
412	408
417	408
431	408
439	408
444	408
445	408
456	408
461	408
473	408
479	408
483	408
484	408
487	408
488	408
493	408
500	408
503	408
511	408
512	408
517	408
520	408
525	408
536	408
537	408
538	408
545	408
556	408
559	408
560	408
561	408
409	412
412	409
409	419
409	431
431	409
409	456
456	409
409	460
409	462
462	409
409	479
479	409
409	487
487	409
409	492
492	409
409	493
493	409
409	494
494	409
409	497
497	409
409	500
500	409
409	503
503	409
409	512
512	409
409	515
409	517
517	409
409	521
521	409
409	525
525	409
409	526
409	536
536	409
409	538
538	409
409	542
409	561
561	409
474	410
475	410
500	410
548	410
568	410
412	414
414	412
412	416
412	417
417	412
412	418
412	422
412	423
423	412
412	428
412	430
412	431
431	412
412	432
412	434
434	412
412	436
436	412
412	438
412	442
412	452
452	412
412	455
412	456
456	412
412	460
412	461
461	412
412	473
473	412
412	481
412	482
482	412
412	483
483	412
412	484
484	412
412	487
487	412
412	488
488	412
412	492
492	412
412	493
493	412
412	494
494	412
412	496
412	500
500	412
412	503
503	412
412	504
412	506
412	507
507	412
412	512
512	412
412	513
412	515
412	517
517	412
412	520
520	412
412	523
523	412
412	524
412	525
525	412
412	526
412	527
527	412
412	528
412	529
412	533
412	537
537	412
412	538
538	412
412	542
412	544
544	412
412	547
412	548
548	412
412	549
549	412
412	555
412	558
412	559
559	412
412	560
560	412
412	561
561	412
412	565
565	412
412	566
566	412
412	567
412	569
412	580
412	591
412	593
412	604
412	609
412	614
412	645
412	669
412	676
412	683
413	415
415	413
413	445
445	413
413	448
448	413
413	460
413	461
461	413
413	463
413	465
413	473
473	413
413	535
535	413
413	542
414	422
414	423
423	414
414	427
414	428
414	431
431	414
414	434
434	414
414	436
436	414
414	438
414	461
461	414
414	465
414	475
475	414
414	480
414	483
483	414
414	492
492	414
414	496
414	500
500	414
414	506
414	513
414	514
414	515
414	524
414	542
414	544
544	414
414	553
414	556
556	414
414	558
414	559
559	414
414	561
561	414
414	563
414	566
566	414
414	567
414	573
414	574
414	575
414	576
576	414
414	577
577	414
414	578
578	414
414	579
414	580
414	581
414	582
582	414
414	583
583	414
414	584
414	585
414	586
414	587
414	588
414	589
414	590
414	591
414	592
414	593
414	594
414	595
595	414
414	596
414	597
414	598
414	599
599	414
414	600
600	414
414	601
414	602
414	603
414	604
414	605
414	606
606	414
414	607
414	608
414	609
414	610
414	611
414	612
414	613
414	614
414	615
615	414
414	616
414	617
414	618
414	619
414	620
414	621
414	622
414	623
414	624
414	625
414	626
414	627
627	414
414	628
628	414
414	629
414	630
414	631
414	632
632	414
414	633
414	634
414	635
635	414
414	636
414	637
414	638
414	639
414	640
640	414
414	641
414	642
414	643
643	414
414	644
414	645
414	646
414	647
647	414
414	648
414	649
414	650
650	414
414	651
651	414
414	652
414	653
414	654
414	655
414	656
414	657
414	658
658	414
414	659
659	414
414	660
414	661
661	414
414	662
662	414
414	663
414	664
414	665
665	414
414	666
414	667
414	668
414	669
414	670
670	414
414	671
414	672
414	673
414	674
414	675
675	414
414	676
414	677
414	678
414	679
414	680
414	681
681	414
414	682
414	683
414	684
414	685
415	421
415	428
415	444
444	415
415	445
445	415
415	460
415	463
415	465
415	473
473	415
415	495
495	415
415	520
520	415
415	535
535	415
415	542
415	545
545	415
415	556
556	415
415	558
415	563
417	416
483	416
493	416
494	416
497	416
500	416
503	416
537	416
417	421
417	428
417	431
431	417
417	438
417	444
444	417
417	445
445	417
417	456
456	417
417	460
417	461
461	417
417	465
417	475
475	417
417	479
479	417
417	483
483	417
417	492
492	417
417	493
493	417
417	495
495	417
417	497
497	417
417	500
500	417
417	503
503	417
417	506
417	507
507	417
417	508
508	417
417	511
511	417
417	513
417	514
417	515
417	517
517	417
417	520
520	417
417	523
523	417
417	524
417	527
527	417
417	537
537	417
417	538
538	417
417	542
417	544
544	417
417	545
545	417
417	553
417	556
556	417
417	559
559	417
417	560
560	417
417	561
561	417
417	566
566	417
417	567
417	570
570	417
475	418
497	418
523	418
544	418
568	418
423	419
431	419
452	419
456	419
471	419
475	419
483	419
484	419
487	419
488	419
492	419
493	419
503	419
517	419
525	419
527	419
536	419
537	419
538	419
544	419
559	419
561	419
565	419
420	430
420	432
420	439
439	420
420	451
420	465
420	471
471	420
420	483
483	420
420	484
484	420
420	506
420	507
507	420
420	513
420	514
420	524
420	537
537	420
420	553
420	556
556	420
420	563
420	566
566	420
420	567
420	569
420	596
420	936
420	1237
1237	420
420	1311
420	1673
420	1692
1692	420
444	421
445	421
487	421
493	421
500	421
545	421
570	421
444	422
474	422
483	422
497	422
520	422
523	422
545	422
561	422
570	422
423	425
425	423
423	428
423	430
423	431
431	423
423	436
436	423
423	444
444	423
423	456
456	423
423	461
461	423
423	465
423	473
473	423
423	475
475	423
423	484
484	423
423	492
492	423
423	497
497	423
423	500
500	423
423	503
503	423
423	506
423	513
423	517
517	423
423	523
523	423
423	524
423	525
525	423
423	527
527	423
423	537
537	423
423	538
538	423
423	553
423	556
556	423
423	558
423	559
559	423
423	560
560	423
423	561
561	423
423	567
423	586
423	587
423	591
423	604
423	606
606	423
423	614
423	634
423	637
423	645
423	646
423	651
651	423
423	669
423	683
425	427
425	428
425	434
434	425
425	439
439	425
425	456
456	425
425	460
425	477
425	479
479	425
425	520
520	425
425	523
523	425
425	534
534	425
425	553
425	563
425	570
570	425
431	426
471	426
525	426
531	426
544	426
549	427
431	428
434	428
436	428
444	428
452	428
456	428
461	428
473	428
475	428
479	428
482	428
484	428
492	428
497	428
500	428
507	428
508	428
511	428
512	428
517	428
520	428
523	428
525	428
544	428
545	428
549	428
559	428
561	428
570	428
606	428
651	428
915	428
1114	428
1179	428
1237	428
1320	428
1408	428
1549	428
1574	428
1692	428
522	429
531	429
439	430
456	430
471	430
483	430
484	430
493	430
497	430
503	430
525	430
537	430
541	430
559	430
561	430
566	430
431	432
431	434
434	431
431	436
436	431
431	438
431	440
431	456
456	431
431	462
462	431
431	465
431	471
471	431
431	472
431	475
475	431
431	479
479	431
431	482
482	431
431	483
483	431
431	484
484	431
431	487
487	431
431	492
492	431
431	493
493	431
431	497
497	431
431	500
500	431
431	503
503	431
431	506
431	507
507	431
431	511
511	431
431	512
512	431
431	513
431	514
431	515
431	517
517	431
431	525
525	431
431	527
527	431
431	536
536	431
431	537
537	431
431	538
538	431
431	545
545	431
431	556
556	431
431	559
559	431
431	561
561	431
431	563
431	566
566	431
431	606
606	431
431	614
431	651
651	431
431	669
431	683
439	432
444	432
452	432
456	432
471	432
475	432
482	432
483	432
497	432
507	432
521	432
525	432
527	432
541	432
544	432
545	432
559	432
561	432
566	432
570	432
434	436
436	434
434	456
456	434
434	458
458	434
434	475
475	434
434	478
478	434
434	488
488	434
434	490
490	434
434	492
492	434
434	496
434	497
497	434
434	506
434	515
434	517
517	434
434	523
523	434
434	534
534	434
434	559
559	434
434	563
434	566
566	434
434	580
434	591
434	604
497	435
436	438
436	461
461	436
436	465
436	475
475	436
436	478
478	436
436	483
483	436
436	484
484	436
436	488
488	436
436	492
492	436
436	496
436	497
497	436
436	506
436	507
507	436
436	511
511	436
436	513
436	517
517	436
436	523
523	436
436	524
436	525
525	436
436	527
527	436
436	542
436	553
436	556
556	436
436	559
559	436
436	561
561	436
436	563
436	566
566	436
436	580
436	591
436	604
436	606
606	436
436	634
436	635
635	436
436	637
436	646
436	651
651	436
436	652
436	669
436	673
436	683
462	437
444	438
446	438
452	438
456	438
461	438
473	438
475	438
483	438
488	438
492	438
493	438
495	438
497	438
500	438
503	438
507	438
511	438
517	438
520	438
521	438
523	438
525	438
548	438
556	438
559	438
561	438
566	438
606	438
651	438
439	442
439	444
444	439
439	445
445	439
439	451
439	456
456	439
439	458
458	439
439	461
461	439
439	465
439	471
471	439
439	473
473	439
439	475
475	439
439	477
439	487
487	439
439	500
500	439
439	506
439	507
507	439
439	513
439	514
439	517
517	439
439	520
520	439
439	523
523	439
439	525
525	439
439	527
527	439
439	538
538	439
439	542
439	544
544	439
439	553
439	561
561	439
439	563
439	566
566	439
439	567
439	570
570	439
456	440
479	440
484	440
493	440
508	440
525	440
538	440
441	476
476	441
441	501
501	441
441	564
564	441
475	442
523	442
531	442
544	442
444	445
445	444
444	449
444	460
444	473
473	444
444	475
475	444
444	483
483	444
444	487
487	444
444	488
488	444
444	495
495	444
444	500
500	444
444	503
503	444
444	504
444	506
444	507
507	444
444	513
444	517
517	444
444	520
520	444
444	523
523	444
444	531
531	444
444	538
538	444
444	544
544	444
444	545
545	444
444	556
556	444
444	559
559	444
444	570
570	444
445	460
445	463
445	465
445	473
473	445
445	487
487	445
445	492
492	445
445	493
493	445
445	495
495	445
445	500
500	445
445	520
520	445
445	535
535	445
445	542
445	556
556	445
445	560
560	445
446	475
475	446
446	482
482	446
446	483
483	446
446	487
487	446
446	490
490	446
446	491
491	446
446	492
492	446
446	515
446	517
517	446
446	539
446	548
548	446
448	460
507	449
450	452
452	450
450	463
450	474
474	450
450	475
475	450
450	481
450	489
450	497
497	450
450	500
500	450
450	519
450	531
531	450
450	539
450	547
450	548
548	450
450	557
471	451
493	451
503	451
507	451
544	451
556	451
561	451
452	460
452	463
452	465
452	470
452	475
475	452
452	489
452	497
497	452
452	500
500	452
452	506
452	507
507	452
452	510
452	513
452	519
452	521
521	452
452	531
531	452
452	544
544	452
452	546
452	547
452	553
452	555
452	557
452	559
559	452
452	566
566	452
454	564
564	454
497	455
500	455
522	455
531	455
541	455
561	455
565	455
568	455
456	460
456	462
462	456
456	465
456	473
473	456
456	479
479	456
456	484
484	456
456	493
493	456
456	494
494	456
456	495
495	456
456	496
456	497
497	456
456	503
503	456
456	506
456	511
511	456
456	512
512	456
456	513
456	517
517	456
456	520
520	456
456	523
523	456
456	524
456	525
525	456
456	527
527	456
456	537
537	456
456	538
538	456
456	545
545	456
456	553
456	559
559	456
456	561
561	456
456	563
456	566
566	456
456	567
458	469
458	470
458	475
475	458
458	482
482	458
458	489
458	490
490	458
458	496
458	497
497	458
458	507
507	458
458	510
458	514
458	515
458	545
545	458
458	553
458	555
461	460
473	460
475	460
479	460
482	460
492	460
495	460
497	460
507	460
508	460
517	460
520	460
521	460
523	460
535	460
544	460
545	460
559	460
560	460
566	460
570	460
461	463
461	465
461	471
471	461
461	475
475	461
461	483
483	461
461	492
492	461
461	497
497	461
461	506
461	507
507	461
461	513
461	517
517	461
461	520
520	461
461	523
523	461
461	524
461	525
525	461
461	527
527	461
461	542
461	544
544	461
461	548
548	461
461	553
461	559
559	461
461	561
561	461
461	567
461	590
461	591
461	606
606	461
461	645
461	653
461	669
461	683
462	487
487	462
462	493
493	462
462	494
494	462
462	512
512	462
462	517
517	462
462	525
525	462
462	532
462	536
536	462
462	538
538	462
473	463
475	463
483	463
500	463
507	463
517	463
531	463
535	463
560	463
570	463
471	465
473	465
475	465
483	465
484	465
487	465
493	465
495	465
500	465
503	465
507	465
511	465
517	465
525	465
535	465
537	465
538	465
544	465
556	465
559	465
561	465
566	465
570	465
522	466
531	466
497	469
507	470
531	470
471	475
475	471
471	507
507	471
471	513
471	514
471	515
471	524
471	537
537	471
471	553
471	559
559	471
471	561
561	471
471	563
471	566
566	471
471	567
471	569
473	479
479	473
473	483
483	473
473	495
495	473
473	503
503	473
473	515
473	525
525	473
473	527
527	473
473	535
535	473
473	539
473	542
473	556
556	473
473	560
560	473
473	561
561	473
474	475
475	474
474	481
474	489
474	500
500	474
474	531
531	474
474	546
474	547
474	548
548	474
474	557
475	481
475	482
482	475
475	483
483	475
475	484
484	475
475	487
487	475
475	488
488	475
475	489
475	490
490	475
475	491
491	475
475	492
492	475
475	496
475	497
497	475
475	500
500	475
475	502
502	475
475	506
475	507
507	475
475	513
475	514
475	515
475	517
517	475
475	519
475	521
521	475
475	523
523	475
475	524
475	525
525	475
475	527
527	475
475	531
531	475
475	542
475	544
544	475
475	545
545	475
475	546
475	547
475	548
548	475
475	553
475	555
475	556
556	475
475	557
475	559
559	475
475	561
561	475
475	563
475	565
565	475
475	566
566	475
475	567
475	580
475	591
475	604
475	606
606	475
475	641
475	651
651	475
475	676
475	930
475	1122
475	1155
1155	475
475	1179
1179	475
475	1237
1237	475
475	1300
475	1313
475	1320
1320	475
475	1332
1332	475
475	1358
475	1374
475	1425
475	1427
475	1435
475	1514
475	1536
475	1545
475	1549
1549	475
475	1645
475	1673
475	1692
1692	475
475	1767
1767	475
475	1844
475	1882
1882	475
476	501
501	476
478	496
478	508
508	478
478	534
534	478
479	483
483	479
479	484
484	479
479	492
492	479
479	493
493	479
479	503
503	479
479	511
511	479
479	512
512	479
479	513
479	515
479	517
517	479
479	520
520	479
479	525
525	479
479	527
527	479
479	536
536	479
479	538
538	479
479	542
479	545
545	479
479	559
559	479
479	561
561	479
522	481
531	481
482	483
483	482
482	484
484	482
482	496
482	497
497	482
482	506
482	507
507	482
482	515
482	517
517	482
482	525
525	482
482	548
548	482
482	553
482	556
556	482
482	565
565	482
483	484
484	483
483	487
487	483
483	492
492	483
483	493
493	483
483	494
494	483
483	496
483	497
497	483
483	500
500	483
483	503
503	483
483	506
483	507
507	483
483	513
483	514
483	515
483	517
517	483
483	520
520	483
483	524
483	525
525	483
483	526
483	527
527	483
483	535
535	483
483	537
537	483
483	538
538	483
483	542
483	544
544	483
483	553
483	557
483	559
559	483
483	560
560	483
483	561
561	483
483	563
483	566
566	483
483	567
483	580
483	591
483	596
483	601
483	604
483	606
606	483
483	614
483	637
483	639
483	641
483	651
651	483
483	669
483	671
483	896
483	917
483	919
483	930
483	933
483	936
483	942
483	948
483	954
483	962
483	976
976	483
483	984
483	1001
483	1012
483	1014
483	1018
483	1020
483	1025
1025	483
483	1032
483	1066
483	1080
1080	483
483	1086
483	1095
483	1099
483	1102
483	1104
483	1108
483	1113
1113	483
483	1114
1114	483
483	1122
483	1142
1142	483
483	1148
483	1155
1155	483
483	1158
483	1166
483	1179
1179	483
483	1192
483	1204
483	1210
483	1237
1237	483
483	1245
483	1261
483	1273
483	1277
483	1281
483	1282
483	1284
483	1294
483	1300
483	1303
483	1309
483	1313
483	1318
483	1320
1320	483
483	1324
483	1332
1332	483
483	1349
483	1357
483	1358
483	1373
483	1374
483	1382
483	1392
483	1396
483	1397
483	1400
483	1406
483	1408
1408	483
483	1425
483	1427
483	1429
483	1446
483	1454
483	1455
483	1464
483	1473
483	1475
483	1487
1487	483
483	1490
483	1492
483	1495
483	1508
483	1512
483	1514
483	1515
483	1536
483	1543
483	1545
483	1565
483	1574
1574	483
483	1582
483	1595
483	1606
483	1611
483	1616
1616	483
483	1625
483	1631
483	1638
483	1645
483	1654
483	1660
483	1661
483	1673
483	1677
483	1679
1679	483
483	1680
483	1682
483	1692
1692	483
483	1694
483	1695
483	1706
483	1720
483	1729
483	1732
483	1740
483	1742
483	1744
483	1751
483	1763
483	1766
1766	483
483	1767
1767	483
483	1773
483	1778
483	1783
483	1786
483	1790
483	1794
483	1801
483	1812
483	1820
483	1824
483	1828
483	1844
483	1848
483	1850
483	1870
483	1871
483	1875
483	1878
483	1881
1881	483
483	1882
1882	483
483	1893
483	1894
483	1899
483	1907
484	493
493	484
484	494
494	484
484	497
497	484
484	500
500	484
484	503
503	484
484	506
484	511
511	484
484	513
484	514
484	515
484	517
517	484
484	520
520	484
484	525
525	484
484	526
484	527
527	484
484	536
536	484
484	537
537	484
484	538
538	484
484	544
544	484
484	559
559	484
484	560
560	484
484	566
566	484
484	567
484	580
484	606
606	484
484	637
484	651
651	484
484	913
484	936
484	953
484	968
484	1001
484	1029
484	1080
1080	484
484	1095
484	1114
1114	484
484	1122
484	1155
1155	484
484	1160
484	1173
484	1179
1179	484
484	1217
484	1223
1223	484
484	1237
1237	484
484	1238
484	1300
484	1313
484	1320
1320	484
484	1349
484	1357
484	1358
484	1374
484	1397
484	1408
1408	484
484	1422
484	1487
1487	484
484	1506
484	1512
484	1514
484	1536
484	1543
484	1545
484	1574
1574	484
484	1598
484	1604
484	1616
1616	484
484	1620
484	1645
484	1673
484	1677
484	1692
1692	484
484	1694
484	1740
484	1778
484	1813
484	1882
1882	484
484	1885
484	1897
487	492
492	487
487	493
493	487
487	500
500	487
487	503
503	487
487	513
487	525
525	487
487	538
538	487
487	556
556	487
487	559
559	487
488	496
488	497
497	488
488	511
511	488
488	512
512	488
488	513
488	517
517	488
488	524
488	527
527	488
488	553
488	556
556	488
488	559
559	488
531	489
535	489
490	491
491	490
490	502
502	490
490	523
523	490
490	548
548	490
491	502
502	491
491	548
548	491
492	495
495	492
492	497
497	492
492	500
500	492
492	503
503	492
492	506
492	513
492	514
492	515
492	517
517	492
492	524
492	537
537	492
492	538
538	492
492	542
492	544
544	492
492	553
492	559
559	492
492	560
560	492
492	561
561	492
492	566
566	492
492	567
492	580
492	591
492	604
492	606
606	492
492	614
492	637
492	641
492	651
651	492
492	669
492	676
493	494
494	493
493	497
497	493
493	500
500	493
493	503
503	493
493	507
507	493
493	511
511	493
493	512
512	493
493	514
493	517
517	493
493	525
525	493
493	526
493	536
536	493
493	537
537	493
493	538
538	493
493	539
493	545
545	493
493	556
556	493
493	557
493	559
559	493
493	560
560	493
493	561
561	493
493	566
566	493
494	497
497	494
494	503
503	494
494	517
517	494
494	526
494	536
536	494
494	537
537	494
494	538
538	494
494	559
559	494
494	561
561	494
495	507
507	495
495	514
495	520
520	495
495	542
495	544
544	495
495	558
495	570
570	495
497	496
507	496
508	496
517	496
523	496
565	496
566	496
497	500
500	497
497	503
503	497
497	506
497	507
507	497
497	510
497	513
497	515
497	517
517	497
497	520
520	497
497	523
523	497
497	524
497	525
525	497
497	526
497	527
527	497
497	537
537	497
497	538
538	497
497	542
497	544
544	497
497	545
545	497
497	546
497	555
497	557
497	559
559	497
497	560
560	497
497	561
561	497
497	565
565	497
497	566
566	497
497	567
497	570
570	497
500	503
503	500
500	506
500	507
507	500
500	513
500	514
500	517
517	500
500	519
500	520
520	500
500	521
521	500
500	524
500	525
525	500
500	527
527	500
500	531
531	500
500	537
537	500
500	538
538	500
500	542
500	546
500	547
500	548
548	500
500	553
500	555
500	556
556	500
500	557
500	560
560	500
500	563
500	565
565	500
500	566
566	500
500	580
500	591
500	601
500	604
500	614
500	637
500	645
500	651
651	500
500	683
501	564
564	501
502	539
502	548
548	502
503	511
511	503
503	513
503	514
503	517
517	503
503	524
503	525
525	503
503	526
503	527
527	503
503	537
537	503
503	538
538	503
503	539
503	542
503	553
503	556
556	503
503	557
503	559
559	503
503	560
560	503
503	561
561	503
503	566
566	503
503	567
507	504
521	504
522	504
531	504
541	504
544	504
548	504
570	504
507	506
508	506
517	506
520	506
521	506
523	506
525	506
527	506
537	506
544	506
545	506
559	506
561	506
566	506
606	506
507	510
507	513
507	514
507	515
507	517
517	507
507	520
520	507
507	523
523	507
507	524
507	525
525	507
507	526
507	544
544	507
507	545
545	507
507	553
507	556
556	507
507	557
507	559
559	507
507	561
561	507
507	563
507	565
565	507
507	566
566	507
507	570
570	507
508	520
520	508
508	534
534	508
508	541
541	508
508	542
508	544
544	508
508	563
521	510
511	512
512	511
511	517
517	511
511	525
525	511
511	536
536	511
511	538
538	511
511	545
545	511
511	556
556	511
511	559
559	511
511	561
561	511
511	566
566	511
512	513
512	515
512	517
517	512
512	525
525	512
512	526
512	536
536	512
512	538
538	512
512	545
545	512
512	556
556	512
512	560
560	512
512	561
561	512
517	513
520	513
523	513
525	513
527	513
537	513
544	513
559	513
561	513
566	513
606	513
651	513
517	514
520	514
525	514
527	514
537	514
538	514
541	514
544	514
548	514
559	514
561	514
566	514
570	514
517	515
525	515
527	515
545	515
548	515
559	515
566	515
517	520
520	517
517	524
517	525
525	517
517	526
517	527
527	517
517	536
536	517
517	537
537	517
517	538
538	517
517	544
544	517
517	545
545	517
517	553
517	556
556	517
517	559
559	517
517	561
561	517
517	566
566	517
517	580
517	601
517	606
606	517
517	637
517	651
651	517
517	905
517	936
517	976
976	517
517	1025
1025	517
517	1095
517	1114
1114	517
517	1179
1179	517
517	1237
1237	517
517	1268
517	1313
517	1320
1320	517
517	1358
517	1374
517	1446
517	1487
1487	517
517	1512
517	1514
517	1543
517	1574
1574	517
517	1616
1616	517
517	1645
517	1677
517	1692
1692	517
517	1694
517	1778
517	1870
531	519
548	519
520	523
523	520
520	524
520	527
527	520
520	542
520	544
544	520
520	545
545	520
520	553
520	561
561	520
520	563
520	567
520	570
570	520
521	544
544	521
522	529
522	531
531	522
522	539
522	546
522	568
568	522
523	524
523	534
534	523
523	544
544	523
523	545
545	523
523	553
523	561
561	523
523	563
523	570
570	523
525	524
527	524
544	524
559	524
561	524
565	524
566	524
606	524
651	524
525	526
525	527
527	525
525	536
536	525
525	537
537	525
525	538
538	525
525	542
525	544
544	525
525	545
545	525
525	548
548	525
525	559
559	525
525	561
561	525
525	563
525	566
566	525
525	567
538	526
559	526
561	526
566	526
606	526
651	526
1114	526
1179	526
1237	526
1320	526
1487	526
1574	526
1616	526
1882	526
527	538
538	527
527	542
527	553
527	559
559	527
527	561
561	527
527	567
531	529
531	539
531	543
531	546
531	547
531	555
531	557
531	563
531	568
568	531
531	570
570	531
534	563
536	538
538	536
536	545
545	536
536	561
561	536
537	538
538	537
537	545
545	537
537	559
559	537
537	560
560	537
537	561
561	537
537	566
566	537
537	567
537	569
538	542
538	545
545	538
538	559
559	538
538	560
560	538
538	561
561	538
538	566
566	538
538	580
538	606
606	538
538	637
538	651
651	538
538	948
538	1025
1025	538
538	1080
1080	538
538	1114
1114	538
538	1122
538	1179
1179	538
538	1223
1223	538
538	1226
538	1237
1237	538
538	1313
538	1320
1320	538
538	1349
538	1358
538	1374
538	1400
538	1408
1408	538
538	1487
1487	538
538	1543
538	1545
538	1565
538	1574
1574	538
538	1677
538	1679
1679	538
538	1692
1692	538
538	1695
538	1763
538	1767
1767	538
538	1778
538	1870
538	1878
560	539
568	539
559	540
560	540
541	563
541	568
568	541
556	542
559	542
560	542
561	542
606	542
545	543
570	543
544	545
545	544
544	553
544	556
556	544
544	557
544	559
559	544
544	561
561	544
544	563
544	566
566	544
544	570
570	544
544	580
544	604
544	645
544	669
544	676
544	683
545	553
545	558
545	559
559	545
545	561
561	545
545	563
545	566
566	545
545	570
570	545
548	547
548	555
548	556
556	548
549	563
556	553
559	553
560	553
561	553
565	553
566	553
570	553
556	559
559	556
556	563
556	614
556	652
556	673
556	676
556	683
570	557
570	558
559	561
561	559
559	566
566	559
559	567
559	580
559	591
559	604
559	606
606	559
559	614
559	637
559	651
651	559
559	669
559	676
559	683
560	561
561	560
560	565
565	560
561	565
565	561
561	566
566	561
561	567
561	580
561	591
561	604
561	606
606	561
561	651
651	561
561	669
561	683
566	563
1574	563
1967	563
566	567
566	580
566	591
566	593
566	637
566	651
651	566
566	676
566	936
566	968
566	1128
566	1155
1155	566
566	1237
1237	566
566	1313
566	1320
1320	566
566	1358
566	1435
566	1512
566	1536
566	1574
1574	566
566	1630
566	1673
566	1692
1692	566
566	1740
566	1844
651	567
3454	567
3861	567
576	578
578	576
576	583
583	576
576	600
600	576
576	615
615	576
576	627
627	576
576	640
640	576
576	643
643	576
576	650
650	576
576	658
658	576
576	659
659	576
576	661
661	576
576	675
675	576
576	681
681	576
577	578
578	577
577	582
582	577
577	583
583	577
577	595
595	577
577	599
599	577
577	600
600	577
577	615
615	577
577	627
627	577
577	632
632	577
577	635
635	577
577	640
640	577
577	643
643	577
577	647
647	577
577	650
650	577
577	658
658	577
577	659
659	577
577	661
661	577
577	662
662	577
577	670
670	577
577	675
675	577
577	681
681	577
578	582
582	578
578	583
583	578
578	595
595	578
578	599
599	578
578	600
600	578
578	615
615	578
578	627
627	578
578	632
632	578
578	635
635	578
578	640
640	578
578	643
643	578
578	647
647	578
578	650
650	578
578	658
658	578
578	659
659	578
578	661
661	578
578	662
662	578
578	665
665	578
578	670
670	578
578	675
675	578
578	681
681	578
606	580
976	580
1025	580
1080	580
1113	580
1142	580
1155	580
1179	580
1237	580
1320	580
1332	580
1574	580
1616	580
1679	580
1692	580
1881	580
1882	580
582	583
583	582
582	595
595	582
582	599
599	582
582	600
600	582
582	615
615	582
582	627
627	582
582	632
632	582
582	635
635	582
582	640
640	582
582	643
643	582
582	650
650	582
582	658
658	582
582	659
659	582
582	661
661	582
582	662
662	582
582	670
670	582
582	675
675	582
582	681
681	582
583	595
595	583
583	599
599	583
583	600
600	583
583	615
615	583
583	627
627	583
583	628
628	583
583	632
632	583
583	635
635	583
583	640
640	583
583	643
643	583
583	647
647	583
583	650
650	583
583	658
658	583
583	659
659	583
583	661
661	583
583	662
662	583
583	665
665	583
583	670
670	583
583	675
675	583
583	681
681	583
651	587
606	591
651	591
595	600
600	595
595	615
615	595
595	627
627	595
595	635
635	595
595	640
640	595
595	643
643	595
595	650
650	595
595	658
658	595
595	659
659	595
595	661
661	595
595	662
662	595
595	670
670	595
595	675
675	595
595	681
681	595
599	600
600	599
599	615
615	599
599	627
627	599
599	628
628	599
599	632
632	599
599	635
635	599
599	640
640	599
599	643
643	599
599	647
647	599
599	650
650	599
599	658
658	599
599	659
659	599
599	661
661	599
599	662
662	599
599	665
665	599
599	670
670	599
599	675
675	599
599	681
681	599
600	615
615	600
600	627
627	600
600	628
628	600
600	632
632	600
600	635
635	600
600	640
640	600
600	643
643	600
600	650
650	600
600	658
658	600
600	659
659	600
600	661
661	600
600	662
662	600
600	665
665	600
600	670
670	600
600	675
675	600
600	681
681	600
976	601
1679	601
606	604
651	604
606	614
606	641
606	645
606	669
606	905
606	915
915	606
606	917
606	936
606	963
963	606
606	968
606	1001
606	1012
606	1052
606	1070
606	1086
606	1110
606	1113
1113	606
606	1122
606	1179
1179	606
606	1183
606	1210
606	1300
606	1313
606	1314
1314	606
606	1318
606	1320
1320	606
606	1334
606	1349
606	1357
606	1358
606	1371
1371	606
606	1374
606	1436
606	1444
606	1487
1487	606
606	1490
606	1512
606	1514
606	1536
606	1548
1548	606
606	1565
606	1574
1574	606
606	1606
606	1616
1616	606
606	1620
606	1645
606	1671
606	1673
606	1674
606	1677
606	1692
1692	606
606	1699
606	1727
606	1738
606	1744
606	1766
1766	606
606	1767
1767	606
606	1778
606	1876
606	1882
1882	606
606	1897
615	627
627	615
615	628
628	615
615	632
632	615
615	635
635	615
615	640
640	615
615	643
643	615
615	647
647	615
615	658
658	615
615	659
659	615
615	661
661	615
615	662
662	615
615	665
665	615
615	670
670	615
615	675
675	615
615	681
681	615
627	632
632	627
627	635
635	627
627	640
640	627
627	643
643	627
627	647
647	627
627	650
650	627
627	658
658	627
627	659
659	627
627	661
661	627
627	662
662	627
627	665
665	627
627	670
670	627
627	675
675	627
627	681
681	627
628	632
632	628
628	643
643	628
628	647
647	628
628	661
661	628
628	662
662	628
628	665
665	628
628	681
681	628
1223	629
1679	629
632	635
635	632
632	640
640	632
632	643
643	632
632	647
647	632
632	650
650	632
632	658
658	632
632	659
659	632
632	661
661	632
632	662
662	632
632	665
665	632
632	670
670	632
632	675
675	632
647	634
651	634
635	640
640	635
635	643
643	635
635	650
650	635
635	658
658	635
635	659
659	635
635	661
661	635
635	662
662	635
635	670
670	635
635	675
675	635
635	681
681	635
1025	637
1080	637
1113	637
1142	637
1155	637
1179	637
1320	637
1332	637
1487	637
1574	637
1616	637
1679	637
1692	637
1766	637
1882	637
640	643
643	640
640	647
647	640
640	650
650	640
640	658
658	640
640	659
659	640
640	661
661	640
640	662
662	640
640	670
670	640
640	675
675	640
640	681
681	640
651	641
915	641
1113	641
1114	641
1179	641
1237	641
1320	641
1332	641
1549	641
1574	641
1616	641
1766	641
1767	641
1881	641
1882	641
643	650
650	643
643	658
658	643
643	659
659	643
643	661
661	643
643	662
662	643
643	665
665	643
643	670
670	643
643	675
675	643
643	681
681	643
651	645
651	646
647	650
650	647
647	658
658	647
647	659
659	647
647	662
662	647
647	665
665	647
647	670
670	647
647	675
675	647
647	681
681	647
650	658
658	650
650	659
659	650
650	661
661	650
650	662
662	650
650	665
665	650
650	670
670	650
650	681
681	650
651	683
651	905
651	936
651	1001
651	1011
651	1012
651	1080
1080	651
651	1113
1113	651
651	1122
651	1169
651	1179
1179	651
651	1223
1223	651
651	1318
651	1320
1320	651
651	1357
651	1358
651	1374
651	1408
1408	651
651	1428
651	1473
651	1487
1487	651
651	1512
651	1526
651	1536
651	1545
651	1565
651	1574
1574	651
651	1606
651	1645
651	1673
651	1679
1679	651
651	1692
1692	651
651	1709
651	1744
651	1763
651	1767
1767	651
651	1778
651	1882
1882	651
658	659
659	658
658	661
661	658
658	662
662	658
658	665
665	658
658	670
670	658
658	675
675	658
658	681
681	658
659	661
661	659
659	662
662	659
659	665
665	659
659	670
670	659
659	675
675	659
659	681
681	659
661	662
662	661
661	665
665	661
661	670
670	661
661	675
675	661
661	681
681	661
662	665
665	662
662	670
670	662
662	675
675	662
662	681
681	662
665	670
670	665
665	675
675	665
670	675
675	670
670	681
681	670
675	681
681	675
702	686
714	686
717	686
725	686
791	686
802	686
822	686
839	686
852	686
855	686
702	689
714	689
839	689
822	691
702	714
714	702
702	725
725	702
702	732
702	789
702	822
822	702
702	839
839	702
714	707
714	712
822	712
839	712
714	725
725	714
714	732
714	767
714	771
714	789
714	806
714	818
714	822
822	714
714	839
839	714
717	798
717	852
852	717
717	855
855	717
725	732
725	771
725	806
725	818
725	839
839	725
791	732
802	732
822	732
839	732
839	733
822	767
839	767
822	768
839	768
791	771
802	771
839	771
839	789
791	796
791	806
791	818
791	822
822	791
822	796
852	798
855	798
802	806
802	818
822	806
839	806
822	818
839	818
822	829
822	839
839	822
822	850
852	855
855	852
1684	860
1085	862
3592	862
3948	862
901	903
903	901
901	938
938	901
901	958
958	901
901	963
963	901
901	992
992	901
901	1097
1097	901
901	1118
1118	901
901	1137
1137	901
901	1186
1186	901
901	1216
1216	901
901	1232
1232	901
901	1314
1314	901
901	1319
1319	901
901	1333
1333	901
901	1363
1363	901
901	1371
1371	901
901	1378
1378	901
901	1452
1452	901
901	1468
1468	901
901	1493
901	1533
1533	901
901	1548
1548	901
901	1568
1568	901
901	1601
1601	901
901	1629
1629	901
901	1648
901	1733
1733	901
901	1787
1787	901
901	1798
1798	901
901	1837
1837	901
901	1880
1880	901
901	1892
901	1895
1895	901
903	917
903	963
963	903
903	992
992	903
903	1097
1097	903
903	1118
1118	903
903	1137
1137	903
903	1186
1186	903
903	1216
1216	903
903	1232
1232	903
903	1314
1314	903
903	1319
1319	903
903	1333
1333	903
903	1363
1363	903
903	1371
1371	903
903	1378
1378	903
903	1452
1452	903
903	1468
1468	903
903	1493
903	1533
1533	903
903	1548
1548	903
903	1568
1568	903
903	1601
1601	903
903	1629
1629	903
903	1648
903	1733
1733	903
903	1747
1747	903
903	1787
1787	903
903	1798
1798	903
903	1837
1837	903
903	1880
1880	903
903	1892
903	1895
1895	903
1114	905
1237	905
1408	905
1487	905
1692	905
1155	907
910	912
910	1657
910	1776
910	1808
914	913
1408	913
1487	913
1881	913
914	915
915	914
914	1052
914	1217
914	1247
914	1408
1408	914
914	1453
914	1574
1574	914
914	1575
914	1673
914	1807
914	1818
914	1882
1882	914
914	1885
914	1897
915	930
915	948
915	962
915	1110
915	1142
1142	915
915	1155
1155	915
915	1192
915	1294
915	1408
1408	915
915	1425
915	1427
915	1446
915	1487
1487	915
915	1545
915	1549
1549	915
915	1565
915	1574
1574	915
915	1602
915	1625
915	1636
915	1671
915	1673
915	1763
915	1766
1766	915
915	1778
915	1790
915	1801
915	1844
915	1881
1881	915
915	1897
938	917
992	917
1216	917
1314	917
1371	917
1533	917
1733	917
1787	917
1505	923
1758	923
1549	924
1505	929
976	930
1080	930
1113	930
1142	930
1155	930
1332	930
1408	930
1549	930
1574	930
1616	930
1679	930
1766	930
1881	930
1882	930
1155	934
1114	936
1155	936
1179	936
1223	936
1237	936
1320	936
1574	936
1616	936
1767	936
1882	936
938	992
992	938
938	1097
1097	938
938	1118
1118	938
938	1216
1216	938
938	1232
1232	938
938	1314
1314	938
938	1319
1319	938
938	1333
1333	938
938	1363
1363	938
938	1378
1378	938
938	1424
1424	938
938	1452
1452	938
938	1468
1468	938
938	1493
938	1533
1533	938
938	1548
1548	938
938	1568
1568	938
938	1601
1601	938
938	1648
938	1733
1733	938
938	1747
1747	938
938	1787
1787	938
938	1798
1798	938
938	1837
1837	938
938	1880
1880	938
938	1895
1895	938
1025	948
1080	948
1113	948
1142	948
1237	948
1320	948
1332	948
1487	948
1549	948
1574	948
1766	948
1881	948
1656	951
1487	953
1548	956
958	1097
1097	958
958	1118
1118	958
958	1137
1137	958
958	1186
1186	958
958	1216
1216	958
958	1232
1232	958
958	1319
1319	958
958	1333
1333	958
958	1371
1371	958
958	1452
1452	958
958	1468
1468	958
958	1493
958	1533
1533	958
958	1548
1548	958
958	1601
1601	958
958	1648
958	1733
1733	958
958	1787
1787	958
958	1798
1798	958
958	1837
1837	958
958	1880
1880	958
958	1895
1895	958
1505	961
1142	962
1487	962
1549	962
1574	962
963	992
992	963
963	1097
1097	963
963	1118
1118	963
963	1137
1137	963
963	1216
1216	963
963	1232
1232	963
963	1314
1314	963
963	1319
1319	963
963	1333
1333	963
963	1363
1363	963
963	1371
1371	963
963	1378
1378	963
963	1452
1452	963
963	1468
1468	963
963	1493
963	1533
1533	963
963	1548
1548	963
963	1568
1568	963
963	1601
1601	963
963	1629
1629	963
963	1648
963	1733
1733	963
963	1747
1747	963
963	1787
1787	963
963	1798
1798	963
963	1802
963	1837
1837	963
963	1880
1880	963
963	1895
1895	963
1487	968
990	973
1505	973
1656	973
976	1122
976	1349
976	1358
976	1374
976	1514
976	1574
1574	976
976	1616
1616	976
976	1645
976	1677
976	1679
1679	976
976	1692
1692	976
976	1743
976	1801
976	1878
976	1882
1882	976
1371	987
1758	987
990	1419
1419	990
990	1450
1450	990
990	1505
1505	990
990	1534
1534	990
990	1656
1656	990
990	1666
1666	990
990	1674
990	1678
990	1684
1684	990
990	1726
990	2678
2678	990
990	2760
2760	990
990	2822
2822	990
990	2883
2883	990
990	2941
2941	990
990	2968
2968	990
990	3005
990	3057
3057	990
990	3136
990	3164
3164	990
990	3222
3222	990
990	3245
3245	990
990	3248
990	3263
3263	990
990	3278
3278	990
990	3328
990	3361
3361	990
1505	991
992	1097
1097	992
992	1118
1118	992
992	1216
1216	992
992	1314
1314	992
992	1333
1333	992
992	1363
1363	992
992	1371
1371	992
992	1378
1378	992
992	1424
1424	992
992	1452
1452	992
992	1468
1468	992
992	1533
1533	992
992	1548
1548	992
992	1568
1568	992
992	1601
1601	992
992	1629
1629	992
992	1648
992	1733
1733	992
992	1747
1747	992
992	1784
1784	992
992	1787
1787	992
992	1798
1798	992
992	1837
1837	992
992	1880
1880	992
992	1895
1895	992
1419	995
1505	996
1080	1001
1114	1001
1155	1001
1179	1001
1237	1001
1487	1001
1616	1001
1692	1001
1767	1001
1505	1008
1549	1010
1113	1012
1114	1012
1155	1012
1223	1012
1237	1012
1320	1012
1616	1012
1692	1012
1881	1012
1882	1012
1549	1013
1574	1013
1025	1080
1080	1025
1025	1113
1113	1025
1025	1189
1025	1237
1237	1025
1025	1324
1025	1332
1332	1025
1025	1334
1025	1427
1025	1429
1025	1464
1025	1487
1487	1025
1025	1526
1025	1536
1025	1545
1025	1696
1025	1794
1025	1800
1025	1844
1025	1853
1025	1897
1025	1901
1155	1026
1487	1029
1237	1030
1666	1031
1549	1035
1549	1037
1450	1048
1534	1049
1767	1051
1408	1052
1881	1052
1895	1052
1666	1055
1642	1058
1223	1062
1080	1066
1881	1068
1549	1070
1642	1077
1080	1086
1080	1095
1080	1106
1080	1113
1113	1080
1080	1122
1080	1142
1142	1080
1080	1155
1155	1080
1080	1210
1080	1237
1237	1080
1080	1294
1080	1318
1080	1332
1332	1080
1080	1349
1080	1358
1080	1427
1080	1437
1080	1446
1080	1464
1080	1473
1080	1487
1487	1080
1080	1514
1080	1526
1080	1543
1080	1545
1080	1565
1080	1616
1616	1080
1080	1645
1080	1660
1080	1673
1080	1677
1080	1695
1080	1729
1080	1763
1080	1766
1766	1080
1080	1767
1767	1080
1080	1785
1080	1790
1080	1801
1080	1844
1080	1853
1080	1870
1080	1878
1080	1881
1881	1080
1080	1882
1882	1080
1080	1902
1085	1088
1085	1098
1085	1136
1085	1165
1085	1178
1085	1187
1085	1193
1085	1274
1085	1307
1085	1317
1085	1328
1085	1360
1085	1410
1085	1420
1085	1421
1085	1494
1085	1511
1085	1518
1085	1537
1085	1553
1085	1555
1085	1567
1085	1588
1085	1593
1085	1687
1085	1705
1085	1719
1085	1803
1085	1806
1085	1825
1085	1847
1085	1866
1085	3437
1085	3440
1085	3456
1085	3495
1085	3501
1085	3525
1085	3540
1085	3550
1085	3556
1085	3561
1085	3577
1085	3592
3592	1085
1085	3609
1085	3633
1085	3651
1085	3674
3674	1085
1085	3677
1085	3684
1085	3692
1085	3721
1085	3741
1085	3750
1085	3756
1085	3797
1085	3830
3830	1085
1085	3851
1085	3872
1085	3877
1085	3886
1085	3943
1085	3948
3948	1085
1085	3962
1679	1086
1505	1087
1113	1095
1320	1095
1487	1095
1692	1095
1097	1118
1118	1097
1097	1137
1137	1097
1097	1186
1186	1097
1097	1216
1216	1097
1097	1232
1232	1097
1097	1314
1314	1097
1097	1319
1319	1097
1097	1333
1333	1097
1097	1363
1363	1097
1097	1371
1371	1097
1097	1378
1378	1097
1097	1424
1424	1097
1097	1452
1452	1097
1097	1468
1468	1097
1097	1493
1097	1533
1533	1097
1097	1548
1548	1097
1097	1568
1568	1097
1097	1601
1601	1097
1097	1648
1097	1733
1733	1097
1097	1747
1747	1097
1097	1787
1787	1097
1097	1798
1798	1097
1097	1802
1097	1837
1837	1097
1097	1880
1880	1097
1097	1892
1097	1895
1895	1097
1505	1098
1534	1098
1666	1098
1549	1109
1113	1122
1113	1142
1142	1113
1113	1210
1113	1237
1237	1113
1113	1294
1113	1318
1113	1320
1320	1113
1113	1332
1332	1113
1113	1358
1113	1427
1113	1446
1113	1464
1113	1473
1113	1549
1549	1113
1113	1565
1113	1602
1113	1606
1113	1625
1113	1645
1113	1660
1113	1695
1113	1740
1113	1744
1113	1763
1113	1766
1766	1113
1113	1767
1767	1113
1113	1773
1113	1844
1113	1870
1113	1878
1113	1881
1881	1113
1113	1882
1882	1113
1114	1155
1155	1114
1114	1179
1179	1114
1114	1210
1114	1223
1223	1114
1114	1248
1114	1263
1114	1300
1114	1320
1320	1114
1114	1357
1114	1358
1114	1408
1408	1114
1114	1422
1114	1487
1487	1114
1114	1512
1114	1543
1114	1574
1574	1114
1114	1616
1616	1114
1114	1677
1114	1692
1692	1114
1114	1744
1114	1746
1114	1767
1767	1114
1114	1778
1114	1808
1114	1882
1882	1114
1118	1137
1137	1118
1118	1186
1186	1118
1118	1216
1216	1118
1118	1232
1232	1118
1118	1314
1314	1118
1118	1319
1319	1118
1118	1333
1333	1118
1118	1363
1363	1118
1118	1371
1371	1118
1118	1378
1378	1118
1118	1452
1452	1118
1118	1468
1468	1118
1118	1493
1118	1533
1533	1118
1118	1548
1548	1118
1118	1568
1568	1118
1118	1601
1601	1118
1118	1629
1629	1118
1118	1648
1118	1733
1733	1118
1118	1747
1747	1118
1118	1787
1787	1118
1118	1798
1798	1118
1118	1837
1837	1118
1118	1880
1880	1118
1118	1892
1118	1895
1895	1118
1155	1122
1179	1122
1237	1122
1320	1122
1408	1122
1574	1122
1616	1122
1679	1122
1692	1122
1882	1122
1881	1135
1137	1186
1186	1137
1137	1216
1216	1137
1137	1232
1232	1137
1137	1319
1319	1137
1137	1333
1333	1137
1137	1371
1371	1137
1137	1378
1378	1137
1137	1452
1452	1137
1137	1468
1468	1137
1137	1493
1137	1533
1533	1137
1137	1548
1548	1137
1137	1568
1568	1137
1137	1601
1601	1137
1137	1629
1629	1137
1137	1648
1137	1733
1733	1137
1137	1784
1784	1137
1137	1798
1798	1137
1137	1837
1837	1137
1137	1892
1137	1895
1895	1137
1450	1140
1505	1140
1534	1140
1656	1140
1666	1140
1142	1294
1142	1332
1332	1142
1142	1358
1142	1374
1142	1427
1142	1446
1142	1464
1142	1514
1142	1549
1549	1142
1142	1565
1142	1574
1574	1142
1142	1602
1142	1616
1616	1142
1142	1625
1142	1645
1142	1695
1142	1766
1766	1142
1142	1773
1142	1790
1142	1844
1142	1878
1142	1881
1881	1142
1332	1147
1656	1150
1155	1179
1179	1155
1155	1237
1237	1155
1155	1320
1320	1155
1155	1349
1155	1358
1155	1400
1155	1408
1408	1155
1155	1420
1155	1487
1487	1155
1155	1490
1155	1506
1155	1574
1574	1155
1155	1616
1616	1155
1155	1621
1155	1631
1155	1637
1155	1645
1155	1673
1155	1677
1155	1679
1679	1155
1155	1767
1767	1155
1155	1844
1155	1878
1155	1882
1882	1155
1487	1160
1656	1161
1419	1165
1505	1165
1758	1165
1549	1170
1387	1171
1450	1171
1534	1171
1642	1171
1684	1171
2677	1171
2826	1171
1487	1173
1534	1173
1424	1177
1419	1178
1758	1178
1179	1210
1179	1223
1223	1179
1179	1237
1237	1179
1179	1300
1179	1320
1320	1179
1179	1349
1179	1357
1179	1358
1179	1374
1179	1400
1179	1512
1179	1545
1179	1574
1574	1179
1179	1606
1179	1616
1616	1179
1179	1631
1179	1645
1179	1673
1179	1692
1692	1179
1179	1740
1179	1744
1179	1767
1767	1179
1179	1778
1179	1882
1882	1179
1223	1183
1237	1184
1186	1216
1216	1186
1186	1232
1232	1186
1186	1333
1333	1186
1186	1363
1363	1186
1186	1533
1533	1186
1186	1548
1548	1186
1186	1733
1733	1186
1186	1798
1798	1186
1186	1837
1837	1186
1186	1895
1895	1186
1387	1193
1505	1193
1574	1200
1320	1210
1332	1210
1408	1210
1549	1210
1574	1210
1692	1210
1766	1210
1767	1210
1216	1232
1232	1216
1216	1314
1314	1216
1216	1319
1319	1216
1216	1333
1333	1216
1216	1363
1363	1216
1216	1371
1371	1216
1216	1378
1378	1216
1216	1424
1424	1216
1216	1452
1452	1216
1216	1468
1468	1216
1216	1493
1216	1533
1533	1216
1216	1548
1548	1216
1216	1568
1568	1216
1216	1601
1601	1216
1216	1629
1629	1216
1216	1733
1733	1216
1216	1747
1747	1216
1216	1784
1784	1216
1216	1787
1787	1216
1216	1798
1798	1216
1216	1837
1837	1216
1216	1880
1880	1216
1216	1895
1895	1216
1408	1217
1487	1217
1487	1222
1881	1222
1223	1320
1320	1223
1223	1371
1371	1223
1223	1385
1223	1436
1223	1512
1223	1559
1223	1692
1692	1223
1223	1699
1223	1724
1223	1778
1223	1794
1320	1226
1679	1226
1549	1228
1232	1333
1333	1232
1232	1371
1371	1232
1232	1378
1378	1232
1232	1452
1452	1232
1232	1468
1468	1232
1232	1533
1533	1232
1232	1548
1548	1232
1232	1568
1568	1232
1232	1593
1232	1601
1601	1232
1232	1629
1629	1232
1232	1648
1232	1733
1733	1232
1232	1787
1787	1232
1232	1798
1798	1232
1232	1837
1837	1232
1232	1880
1880	1232
1232	1895
1895	1232
1237	1313
1237	1318
1237	1320
1320	1237
1237	1332
1332	1237
1237	1349
1237	1358
1237	1374
1237	1390
1237	1397
1237	1420
1237	1427
1237	1464
1237	1473
1237	1487
1487	1237
1237	1512
1237	1514
1237	1526
1237	1543
1237	1574
1574	1237
1237	1616
1616	1237
1237	1673
1237	1677
1237	1692
1692	1237
1237	1744
1237	1746
1237	1763
1237	1766
1766	1237
1237	1778
1237	1800
1237	1833
1237	1853
1237	1882
1882	1237
1487	1238
1881	1238
1642	1240
1408	1247
1666	1266
1656	1274
1505	1283
1549	1294
1766	1294
1387	1297
1549	1297
1320	1300
1574	1300
1656	1305
1549	1311
1320	1313
1692	1313
1314	1333
1333	1314
1314	1378
1378	1314
1314	1424
1424	1314
1314	1533
1533	1314
1314	1548
1548	1314
1314	1601
1601	1314
1314	1733
1733	1314
1314	1747
1747	1314
1314	1784
1784	1314
1314	1787
1787	1314
1314	1798
1798	1314
1314	1802
1314	1837
1837	1314
1314	1880
1880	1314
1314	1895
1895	1314
1505	1317
1534	1317
1656	1317
1320	1318
1332	1318
1549	1318
1766	1318
1881	1318
1882	1318
1319	1333
1333	1319
1319	1371
1371	1319
1319	1378
1378	1319
1319	1452
1452	1319
1319	1468
1468	1319
1319	1493
1319	1533
1533	1319
1319	1548
1548	1319
1319	1568
1568	1319
1319	1601
1601	1319
1319	1648
1319	1733
1733	1319
1319	1747
1747	1319
1319	1798
1798	1319
1319	1837
1837	1319
1319	1880
1880	1319
1319	1895
1895	1319
1320	1332
1332	1320
1320	1349
1320	1357
1320	1358
1320	1374
1320	1400
1320	1425
1320	1427
1320	1512
1320	1514
1320	1545
1320	1565
1320	1574
1574	1320
1320	1606
1320	1616
1616	1320
1320	1625
1320	1645
1320	1673
1320	1677
1320	1679
1679	1320
1320	1692
1692	1320
1320	1694
1320	1695
1320	1740
1320	1744
1320	1766
1766	1320
1320	1767
1767	1320
1320	1778
1320	1844
1320	1870
1320	1882
1882	1320
1656	1327
1332	1358
1332	1427
1332	1446
1332	1464
1332	1487
1487	1332
1332	1543
1332	1549
1549	1332
1332	1565
1332	1606
1332	1625
1332	1628
1332	1645
1332	1660
1332	1695
1332	1763
1332	1766
1766	1332
1332	1773
1332	1801
1332	1844
1332	1870
1332	1878
1332	1881
1881	1332
1332	1882
1882	1332
1332	1901
1333	1371
1371	1333
1333	1378
1378	1333
1333	1452
1452	1333
1333	1468
1468	1333
1333	1493
1333	1533
1533	1333
1333	1548
1548	1333
1333	1568
1568	1333
1333	1601
1601	1333
1333	1629
1629	1333
1333	1648
1333	1733
1733	1333
1333	1784
1784	1333
1333	1787
1787	1333
1333	1798
1798	1333
1333	1837
1837	1333
1333	1880
1880	1333
1333	1895
1895	1333
1549	1338
1424	1339
1881	1343
1408	1349
1574	1349
1882	1349
1881	1356
1487	1357
1574	1357
1692	1357
1767	1357
1574	1358
1616	1358
1679	1358
1692	1358
1766	1358
1767	1358
1881	1358
1882	1358
1363	1371
1371	1363
1363	1378
1378	1363
1363	1493
1363	1533
1533	1363
1363	1548
1548	1363
1363	1629
1629	1363
1363	1648
1363	1733
1733	1363
1363	1787
1787	1363
1363	1837
1837	1363
1363	1880
1880	1363
1747	1364
1767	1366
1505	1369
1656	1369
1371	1378
1378	1371
1371	1452
1452	1371
1371	1467
1371	1468
1468	1371
1371	1533
1533	1371
1371	1536
1371	1548
1548	1371
1371	1568
1568	1371
1371	1601
1601	1371
1371	1629
1629	1371
1371	1692
1692	1371
1371	1733
1733	1371
1371	1758
1758	1371
1371	1784
1784	1371
1371	1787
1787	1371
1371	1798
1798	1371
1371	1837
1837	1371
1371	1880
1880	1371
1371	1895
1895	1371
1487	1374
1574	1374
1616	1374
1692	1374
1767	1374
1487	1377
1881	1377
1378	1452
1452	1378
1378	1468
1468	1378
1378	1493
1378	1533
1533	1378
1378	1548
1548	1378
1378	1568
1568	1378
1378	1601
1601	1378
1378	1629
1629	1378
1378	1648
1378	1733
1733	1378
1378	1787
1787	1378
1378	1798
1798	1378
1378	1837
1837	1378
1378	1880
1880	1378
1378	1892
1378	1895
1895	1378
1505	1384
1758	1384
1574	1385
1387	1486
1387	1549
1549	1387
1387	1678
1387	1726
1487	1397
1882	1397
1487	1400
1616	1400
1692	1400
1767	1400
1684	1405
2752	1405
3331	1405
1408	1453
1408	1549
1549	1408
1408	1574
1574	1408
1408	1575
1408	1602
1408	1673
1408	1740
1408	1807
1408	1818
1408	1844
1408	1878
1408	1882
1882	1408
1408	1885
1408	1897
1450	1411
1549	1412
1419	1437
1419	1440
1419	1594
1419	1674
1419	1684
1684	1419
1419	1702
1419	1758
1758	1419
1419	1780
1419	1843
1419	1858
1419	1883
1419	1909
1419	1911
1419	2813
2813	1419
1419	2971
2971	1419
1419	3034
1419	3178
3178	1419
1419	3410
1419	3420
1487	1422
1692	1422
1424	1548
1548	1424
1424	1601
1601	1424
1424	1733
1733	1424
1424	1747
1747	1424
1424	1787
1787	1424
1424	1798
1798	1424
1424	1837
1837	1424
1424	1880
1880	1424
1424	1889
1424	1895
1895	1424
1424	1896
1549	1425
1574	1425
1487	1427
1549	1427
1766	1427
1767	1427
1881	1427
1882	1427
1487	1429
1666	1434
1881	1436
1666	1441
1505	1445
1549	1446
1574	1446
1616	1446
1692	1446
1766	1446
1882	1446
1450	1505
1505	1450
1450	1534
1534	1450
1450	1561
1450	1656
1656	1450
1450	1666
1666	1450
1450	1678
1450	1684
1684	1450
1450	1726
1450	1792
1450	2968
2968	1450
1450	2976
1450	3011
3011	1450
1450	3179
1450	3245
3245	1450
1450	3263
3263	1450
1450	3278
3278	1450
1450	3289
1452	1468
1468	1452
1452	1493
1452	1533
1533	1452
1452	1548
1548	1452
1452	1568
1568	1452
1452	1593
1452	1601
1601	1452
1452	1629
1629	1452
1452	1648
1452	1733
1733	1452
1452	1747
1747	1452
1452	1784
1784	1452
1452	1787
1787	1452
1452	1798
1798	1452
1452	1802
1452	1837
1837	1452
1452	1880
1880	1452
1452	1895
1895	1452
1505	1460
1505	1461
1758	1461
1487	1464
1766	1464
2128	1465
2153	1465
2191	1465
2292	1465
2302	1465
2328	1465
2567	1465
2629	1465
1468	1493
1468	1533
1533	1468
1468	1548
1548	1468
1468	1568
1568	1468
1468	1601
1601	1468
1468	1648
1468	1733
1733	1468
1468	1787
1787	1468
1468	1798
1798	1468
1468	1802
1468	1837
1837	1468
1468	1880
1880	1468
1468	1892
1468	1895
1895	1468
1487	1473
1574	1473
1767	1473
1642	1476
1505	1477
1666	1477
1666	1480
1758	1480
1487	1497
1487	1536
1487	1543
1487	1545
1487	1574
1574	1487
1487	1604
1487	1620
1487	1646
1487	1660
1487	1675
1487	1677
1487	1692
1692	1487
1487	1744
1487	1794
1487	1813
1487	1844
1487	1853
1487	1881
1881	1487
1487	1885
1487	1897
1487	1910
1616	1490
1548	1493
1568	1493
1601	1493
1733	1493
1787	1493
1798	1493
1837	1493
1880	1493
1895	1493
1574	1496
1881	1497
1505	1528
1505	1534
1534	1505
1505	1552
1505	1561
1505	1593
1505	1656
1656	1505
1505	1666
1666	1505
1505	1674
1505	1684
1684	1505
1505	1701
1505	1758
1758	1505
1505	2678
2678	1505
1505	2725
1505	2734
2734	1505
1505	2760
2760	1505
1505	2764
2764	1505
1505	2826
2826	1505
1505	2883
2883	1505
1505	2964
1505	2968
2968	1505
1505	2976
1505	3005
1505	3011
3011	1505
1505	3019
1505	3020
3020	1505
1505	3062
1505	3079
1505	3164
3164	1505
1505	3165
3165	1505
1505	3168
1505	3205
3205	1505
1505	3245
3245	1505
1505	3258
3258	1505
1505	3278
3278	1505
1505	3386
1505	3409
1616	1506
1656	1511
1616	1512
1767	1512
1574	1514
1616	1514
1679	1514
1882	1514
1642	1519
1549	1525
1692	1526
1766	1526
1642	1527
1574	1529
1533	1548
1548	1533
1533	1568
1568	1533
1533	1601
1601	1533
1533	1629
1629	1533
1533	1733
1733	1533
1533	1747
1747	1533
1533	1758
1758	1533
1533	1787
1787	1533
1533	1798
1798	1533
1533	1802
1533	1837
1837	1533
1533	1880
1880	1533
1533	1895
1895	1533
1534	1577
1534	1642
1642	1534
1534	1666
1666	1534
1534	1674
1534	1684
1684	1534
1534	1687
1534	1701
1534	1758
1758	1534
1534	1825
1534	2693
2693	1534
1534	2764
2764	1534
1534	2822
2822	1534
1534	2883
2883	1534
1534	2979
1534	3101
1534	3222
3222	1534
1534	3245
3245	1534
1534	3248
1534	3263
3263	1534
1534	3265
1534	3278
3278	1534
1534	3361
3361	1534
1534	3385
1574	1536
1629	1536
1692	1536
1787	1536
1881	1536
1574	1543
1679	1543
1692	1543
1881	1543
1574	1545
1679	1545
1767	1545
1548	1568
1568	1548
1548	1601
1601	1548
1548	1648
1548	1733
1733	1548
1548	1747
1747	1548
1548	1787
1787	1548
1548	1798
1798	1548
1548	1802
1548	1837
1837	1548
1548	1880
1880	1548
1548	1892
1548	1895
1895	1548
1549	1565
1549	1574
1574	1549
1549	1624
1549	1625
1549	1671
1549	1695
1549	1703
1549	1740
1549	1763
1549	1766
1766	1549
1549	1773
1549	1778
1549	1801
1549	1844
1642	1552
1656	1555
1656	1561
1666	1564
1679	1565
1692	1565
1766	1565
1767	1565
1881	1565
1882	1565
1568	1601
1601	1568
1568	1648
1568	1733
1733	1568
1568	1747
1747	1568
1568	1787
1787	1568
1568	1798
1798	1568
1568	1837
1837	1568
1568	1880
1880	1568
1568	1895
1895	1568
1574	1616
1616	1574
1574	1625
1574	1645
1574	1677
1574	1679
1679	1574
1574	1692
1692	1574
1574	1695
1574	1740
1574	1744
1574	1763
1574	1766
1766	1574
1574	1773
1574	1778
1574	1870
1574	1882
1882	1574
1666	1577
2026	1577
2128	1577
2143	1577
2153	1577
2191	1577
2292	1577
2302	1577
2328	1577
2344	1577
2436	1577
2463	1577
2468	1577
2544	1577
2567	1577
2588	1577
2629	1577
1666	1585
1758	1593
1784	1593
1787	1593
1601	1629
1629	1601
1601	1733
1733	1601
1601	1784
1784	1601
1601	1787
1787	1601
1601	1798
1798	1601
1601	1837
1837	1601
1601	1880
1880	1601
1601	1895
1895	1601
1882	1602
1616	1606
1766	1606
1881	1606
1882	1606
1616	1631
1616	1645
1616	1671
1616	1673
1616	1677
1616	1692
1692	1616
1616	1694
1616	1740
1616	1744
1616	1767
1767	1616
1616	1790
1616	1844
1616	1881
1881	1616
1616	1882
1882	1616
1881	1620
1766	1625
1629	1733
1733	1629
1629	1784
1784	1629
1629	1802
1629	1837
1837	1629
1629	1895
1895	1629
1642	1670
1642	1674
1642	1684
1684	1642
1642	1908
1642	2677
2677	1642
1642	2693
2693	1642
1642	2725
1642	2764
2764	1642
1642	2822
2822	1642
1642	2903
2903	1642
1642	2938
1642	2941
2941	1642
1642	2999
2999	1642
1642	3201
1642	3263
3263	1642
1642	3319
3319	1642
1642	3355
1642	3361
3361	1642
1679	1645
1692	1645
1766	1645
1767	1645
1881	1645
1882	1645
1881	1646
1733	1648
1787	1648
1798	1648
1837	1648
1895	1648
1767	1654
1656	1666
1666	1656
1656	1684
1684	1656
1656	1687
1656	1702
1656	1726
1656	1806
1656	1852
1656	2764
2764	1656
1656	2826
2826	1656
1656	2883
2883	1656
1656	2964
1656	3057
3057	1656
1656	3097
3097	1656
1656	3164
3164	1656
1656	3165
3165	1656
1656	3263
3263	1656
1656	3278
3278	1656
1881	1658
1766	1660
1666	1684
1684	1666
1666	1726
1666	1792
1666	1822
1666	2707
1666	2869
1666	2883
2883	1666
1666	2968
2968	1666
1666	3020
3020	1666
1666	3100
1666	3111
1666	3186
1666	3222
3222	1666
1666	3245
3245	1666
1666	3258
3258	1666
1666	3263
3263	1666
1666	3278
3278	1666
1666	3289
1881	1671
1767	1673
1758	1674
1881	1675
1679	1677
1679	1692
1692	1679
1679	1773
1679	1882
1882	1679
1881	1683
1684	1726
1684	1758
1758	1684
1684	2661
1684	2662
1684	2663
1684	2664
1684	2665
1684	2666
1684	2667
2667	1684
1684	2668
1684	2669
1684	2670
1684	2671
1684	2672
1684	2673
1684	2674
1684	2675
1684	2676
1684	2677
2677	1684
1684	2678
2678	1684
1684	2679
1684	2680
1684	2681
1684	2682
1684	2683
1684	2684
1684	2685
1684	2686
1684	2687
1684	2688
2688	1684
1684	2689
1684	2690
2690	1684
1684	2691
1684	2692
1684	2693
2693	1684
1684	2694
2694	1684
1684	2695
1684	2696
1684	2697
1684	2698
1684	2699
1684	2700
2700	1684
1684	2701
1684	2702
1684	2703
1684	2704
1684	2705
1684	2706
1684	2707
1684	2708
1684	2709
1684	2710
1684	2711
1684	2712
1684	2713
1684	2714
2714	1684
1684	2715
1684	2716
1684	2717
1684	2718
1684	2719
1684	2720
1684	2721
1684	2722
1684	2723
1684	2724
1684	2725
1684	2726
1684	2727
2727	1684
1684	2728
1684	2729
1684	2730
1684	2731
1684	2732
1684	2733
1684	2734
2734	1684
1684	2735
2735	1684
1684	2736
1684	2737
1684	2738
1684	2739
1684	2740
1684	2741
1684	2742
1684	2743
1684	2744
1684	2745
1684	2746
1684	2747
1684	2748
1684	2749
1684	2750
1684	2751
1684	2752
2752	1684
1684	2753
1684	2754
1684	2755
1684	2756
1684	2757
1684	2758
1684	2759
1684	2760
2760	1684
1684	2761
1684	2762
1684	2763
1684	2764
2764	1684
1684	2765
1684	2766
1684	2767
1684	2768
1684	2769
1684	2770
1684	2771
1684	2772
1684	2773
1684	2774
1684	2775
1684	2776
1684	2777
1684	2778
1684	2779
1684	2780
2780	1684
1684	2781
1684	2782
1684	2783
1684	2784
2784	1684
1684	2785
1684	2786
1684	2787
2787	1684
1684	2788
1684	2789
1684	2790
2790	1684
1684	2791
2791	1684
1684	2792
1684	2793
1684	2794
1684	2795
1684	2796
1684	2797
1684	2798
1684	2799
1684	2800
1684	2801
1684	2802
2802	1684
1684	2803
2803	1684
1684	2804
1684	2805
2805	1684
1684	2806
1684	2807
1684	2808
1684	2809
1684	2810
1684	2811
1684	2812
2812	1684
1684	2813
2813	1684
1684	2814
1684	2815
1684	2816
1684	2817
1684	2818
2818	1684
1684	2819
2819	1684
1684	2820
1684	2821
1684	2822
2822	1684
1684	2823
1684	2824
1684	2825
1684	2826
2826	1684
1684	2827
1684	2828
1684	2829
1684	2830
1684	2831
1684	2832
1684	2833
1684	2834
1684	2835
1684	2836
1684	2837
1684	2838
1684	2839
1684	2840
1684	2841
1684	2842
1684	2843
1684	2844
1684	2845
1684	2846
1684	2847
2847	1684
1684	2848
2848	1684
1684	2849
1684	2850
1684	2851
1684	2852
1684	2853
1684	2854
1684	2855
1684	2856
2856	1684
1684	2857
1684	2858
1684	2859
2859	1684
1684	2860
1684	2861
1684	2862
1684	2863
1684	2864
1684	2865
1684	2866
1684	2867
1684	2868
2868	1684
1684	2869
1684	2870
1684	2871
1684	2872
1684	2873
1684	2874
1684	2875
1684	2876
2876	1684
1684	2877
1684	2878
1684	2879
1684	2880
1684	2881
1684	2882
2882	1684
1684	2883
2883	1684
1684	2884
1684	2885
1684	2886
1684	2887
1684	2888
1684	2889
1684	2890
1684	2891
1684	2892
1684	2893
1684	2894
1684	2895
2895	1684
1684	2896
1684	2897
1684	2898
1684	2899
1684	2900
1684	2901
1684	2902
1684	2903
2903	1684
1684	2904
1684	2905
1684	2906
1684	2907
1684	2908
1684	2909
1684	2910
1684	2911
1684	2912
1684	2913
1684	2914
1684	2915
1684	2916
1684	2917
1684	2918
1684	2919
1684	2920
1684	2921
1684	2922
2922	1684
1684	2923
2923	1684
1684	2924
1684	2925
1684	2926
1684	2927
1684	2928
1684	2929
1684	2930
1684	2931
1684	2932
1684	2933
2933	1684
1684	2934
1684	2935
2935	1684
1684	2936
1684	2937
1684	2938
1684	2939
1684	2940
1684	2941
2941	1684
1684	2942
1684	2943
1684	2944
1684	2945
1684	2946
1684	2947
1684	2948
1684	2949
1684	2950
1684	2951
1684	2952
1684	2953
1684	2954
1684	2955
1684	2956
1684	2957
1684	2958
2958	1684
1684	2959
1684	2960
1684	2961
1684	2962
1684	2963
1684	2964
1684	2965
1684	2966
1684	2967
1684	2968
2968	1684
1684	2969
1684	2970
1684	2971
2971	1684
1684	2972
1684	2973
1684	2974
1684	2975
1684	2976
1684	2977
1684	2978
1684	2979
1684	2980
1684	2981
1684	2982
1684	2983
2983	1684
1684	2984
1684	2985
1684	2986
1684	2987
1684	2988
1684	2989
1684	2990
1684	2991
1684	2992
1684	2993
1684	2994
1684	2995
1684	2996
1684	2997
2997	1684
1684	2998
2998	1684
1684	2999
2999	1684
1684	3000
1684	3001
1684	3002
1684	3003
1684	3004
1684	3005
1684	3006
1684	3007
1684	3008
1684	3009
3009	1684
1684	3010
1684	3011
3011	1684
1684	3012
3012	1684
1684	3013
1684	3014
1684	3015
3015	1684
1684	3016
1684	3017
1684	3018
1684	3019
1684	3020
3020	1684
1684	3021
1684	3022
1684	3023
1684	3024
3024	1684
1684	3025
1684	3026
1684	3027
1684	3028
3028	1684
1684	3029
1684	3030
1684	3031
1684	3032
1684	3033
1684	3034
1684	3035
1684	3036
1684	3037
1684	3038
1684	3039
1684	3040
1684	3041
1684	3042
1684	3043
1684	3044
1684	3045
1684	3046
1684	3047
1684	3048
1684	3049
1684	3050
1684	3051
1684	3052
1684	3053
1684	3054
1684	3055
1684	3056
1684	3057
3057	1684
1684	3058
1684	3059
1684	3060
1684	3061
1684	3062
1684	3063
3063	1684
1684	3064
1684	3065
1684	3066
1684	3067
1684	3068
1684	3069
1684	3070
1684	3071
1684	3072
3072	1684
1684	3073
1684	3074
1684	3075
1684	3076
1684	3077
1684	3078
1684	3079
1684	3080
1684	3081
1684	3082
1684	3083
1684	3084
1684	3085
1684	3086
1684	3087
1684	3088
3088	1684
1684	3089
1684	3090
1684	3091
1684	3092
1684	3093
1684	3094
1684	3095
1684	3096
1684	3097
3097	1684
1684	3098
1684	3099
3099	1684
1684	3100
1684	3101
1684	3102
1684	3103
1684	3104
1684	3105
1684	3106
1684	3107
1684	3108
1684	3109
1684	3110
3110	1684
1684	3111
1684	3112
1684	3113
1684	3114
1684	3115
1684	3116
1684	3117
1684	3118
1684	3119
1684	3120
1684	3121
1684	3122
1684	3123
1684	3124
1684	3125
1684	3126
1684	3127
1684	3128
1684	3129
1684	3130
1684	3131
1684	3132
1684	3133
1684	3134
1684	3135
1684	3136
1684	3137
1684	3138
3138	1684
1684	3139
1684	3140
1684	3141
1684	3142
1684	3143
1684	3144
1684	3145
1684	3146
1684	3147
1684	3148
1684	3149
1684	3150
1684	3151
1684	3152
1684	3153
1684	3154
1684	3155
3155	1684
1684	3156
1684	3157
1684	3158
1684	3159
1684	3160
1684	3161
3161	1684
1684	3162
1684	3163
1684	3164
3164	1684
1684	3165
3165	1684
1684	3166
1684	3167
1684	3168
1684	3169
1684	3170
1684	3171
1684	3172
1684	3173
1684	3174
1684	3175
1684	3176
1684	3177
1684	3178
3178	1684
1684	3179
1684	3180
1684	3181
1684	3182
1684	3183
1684	3184
1684	3185
1684	3186
1684	3187
1684	3188
1684	3189
1684	3190
1684	3191
1684	3192
1684	3193
1684	3194
1684	3195
1684	3196
1684	3197
1684	3198
1684	3199
1684	3200
1684	3201
1684	3202
1684	3203
1684	3204
1684	3205
3205	1684
1684	3206
1684	3207
1684	3208
1684	3209
1684	3210
1684	3211
3211	1684
1684	3212
1684	3213
1684	3214
1684	3215
3215	1684
1684	3216
1684	3217
1684	3218
1684	3219
1684	3220
1684	3221
1684	3222
3222	1684
1684	3223
1684	3224
1684	3225
1684	3226
1684	3227
1684	3228
1684	3229
1684	3230
3230	1684
1684	3231
1684	3232
1684	3233
1684	3234
1684	3235
1684	3236
1684	3237
1684	3238
1684	3239
1684	3240
1684	3241
1684	3242
3242	1684
1684	3243
1684	3244
1684	3245
3245	1684
1684	3246
1684	3247
1684	3248
1684	3249
1684	3250
1684	3251
1684	3252
1684	3253
1684	3254
1684	3255
1684	3256
1684	3257
1684	3258
3258	1684
1684	3259
1684	3260
1684	3261
1684	3262
1684	3263
3263	1684
1684	3264
1684	3265
1684	3266
1684	3267
1684	3268
1684	3269
1684	3270
1684	3271
1684	3272
1684	3273
1684	3274
1684	3275
1684	3276
1684	3277
1684	3278
3278	1684
1684	3279
1684	3280
1684	3281
1684	3282
1684	3283
1684	3284
1684	3285
1684	3286
1684	3287
1684	3288
1684	3289
1684	3290
1684	3291
1684	3292
3292	1684
1684	3293
1684	3294
1684	3295
1684	3296
1684	3297
1684	3298
1684	3299
1684	3300
1684	3301
1684	3302
3302	1684
1684	3303
1684	3304
1684	3305
3305	1684
1684	3306
1684	3307
1684	3308
1684	3309
1684	3310
1684	3311
1684	3312
1684	3313
1684	3314
1684	3315
1684	3316
1684	3317
1684	3318
1684	3319
3319	1684
1684	3320
1684	3321
1684	3322
1684	3323
1684	3324
1684	3325
1684	3326
1684	3327
1684	3328
1684	3329
3329	1684
1684	3330
3330	1684
1684	3331
3331	1684
1684	3332
1684	3333
1684	3334
1684	3335
3335	1684
1684	3336
1684	3337
1684	3338
1684	3339
1684	3340
3340	1684
1684	3341
1684	3342
3342	1684
1684	3343
3343	1684
1684	3344
1684	3345
1684	3346
1684	3347
1684	3348
1684	3349
3349	1684
1684	3350
1684	3351
1684	3352
1684	3353
1684	3354
1684	3355
1684	3356
1684	3357
1684	3358
1684	3359
1684	3360
1684	3361
3361	1684
1684	3362
1684	3363
1684	3364
1684	3365
1684	3366
1684	3367
1684	3368
3368	1684
1684	3369
1684	3370
1684	3371
1684	3372
1684	3373
3373	1684
1684	3374
3374	1684
1684	3375
3375	1684
1684	3376
1684	3377
1684	3378
1684	3379
1684	3380
1684	3381
1684	3382
1684	3383
1684	3384
1684	3385
1684	3386
1684	3387
1684	3388
1684	3389
1684	3390
1684	3391
1684	3392
1684	3393
1684	3394
1684	3395
1684	3396
1684	3397
1684	3398
1684	3399
1684	3400
1684	3401
1684	3402
1684	3403
1684	3404
1684	3405
1684	3406
1684	3407
3407	1684
1684	3408
1684	3409
1684	3410
1684	3411
1684	3412
1684	3413
1684	3414
1684	3415
1684	3416
1684	3417
1684	3418
1684	3419
1684	3420
1684	3421
1684	3422
1684	3423
1684	3424
1684	3425
1684	3426
1684	3427
1684	3428
1684	3429
1684	3430
1684	3431
3431	1684
1684	3432
3432	1684
1684	3433
1684	3434
1684	3435
1684	3436
1881	1688
1692	1724
1692	1763
1692	1767
1767	1692
1692	1808
1692	1881
1881	1692
1766	1695
1881	1695
1882	1695
2143	1718
2153	1718
2292	1718
2328	1718
2344	1718
2436	1718
2463	1718
2588	1718
2629	1718
2678	1726
3057	1726
3164	1726
3222	1726
3263	1726
1881	1727
1733	1747
1747	1733
1733	1784
1784	1733
1733	1787
1787	1733
1733	1798
1798	1733
1733	1837
1837	1733
1733	1880
1880	1733
1733	1892
1733	1895
1895	1733
1766	1740
1882	1740
1766	1744
1882	1744
1747	1784
1784	1747
1747	1787
1787	1747
1747	1837
1837	1747
1747	1880
1880	1747
1747	1895
1895	1747
1758	1787
1787	1758
1758	1835
1758	1837
1837	1758
1758	1858
1758	2677
2677	1758
1758	2764
2764	1758
1758	2813
2813	1758
1758	2825
1758	2979
1758	3205
3205	1758
1758	3432
3432	1758
1766	1763
1882	1763
1766	1773
1766	1801
1766	1844
1766	1870
1766	1878
1766	1881
1881	1766
1766	1882
1882	1766
1767	1844
1881	1773
1882	1778
1784	1787
1787	1784
1784	1798
1798	1784
1784	1837
1837	1784
1784	1895
1895	1784
1787	1798
1798	1787
1787	1837
1837	1787
1787	1876
1787	1880
1880	1787
1787	1892
1787	1895
1895	1787
1881	1794
1798	1802
1798	1837
1837	1798
1798	1880
1880	1798
1798	1895
1895	1798
1881	1800
1837	1802
1895	1802
1837	1880
1880	1837
1837	1895
1895	1837
1882	1844
1881	1867
1882	1870
1882	1878
1880	1892
1880	1895
1895	1880
1881	1882
1882	1881
1881	1885
1881	1897
1881	1910
1967	1912
2026	1912
2128	1912
2143	1912
2153	1912
2191	1912
2278	1912
2292	1912
2302	1912
2328	1912
2344	1912
2436	1912
2443	1912
2457	1912
2463	1912
2468	1912
2483	1912
2527	1912
2544	1912
2567	1912
2588	1912
2595	1912
2629	1912
2635	1912
2128	1916
2143	1916
2292	1916
2328	1916
2344	1916
2463	1916
2544	1916
2588	1916
2278	1917
2468	1917
2026	1918
2278	1918
2143	1919
2128	1920
2153	1920
2191	1920
2292	1920
2302	1920
2328	1920
2463	1920
2468	1920
2567	1920
2629	1920
2143	1921
2328	1923
2026	1925
2278	1925
2026	1926
2153	1926
2191	1926
2292	1926
2302	1926
2328	1926
2463	1926
2567	1926
2278	1929
2468	1929
2143	1931
2153	1932
2191	1932
2292	1932
2302	1932
2463	1932
2567	1932
2629	1932
2278	1938
2468	1938
2292	1939
2328	1939
2344	1939
2026	1940
2143	1940
2153	1940
2191	1940
2292	1940
2302	1940
2328	1940
2344	1940
2436	1940
2463	1940
2588	1940
2026	1941
2128	1941
2153	1941
2191	1941
2292	1941
2302	1941
2328	1941
2436	1941
2468	1941
2567	1941
2629	1941
2443	1942
2278	1943
2143	1945
2153	1945
2191	1945
2292	1945
2302	1945
2328	1945
2344	1945
2436	1945
2463	1945
2567	1945
2588	1945
2629	1945
2635	1945
2278	1946
2468	1946
2128	1947
2153	1947
2292	1947
2328	1947
2344	1947
2436	1947
2463	1947
2588	1947
2629	1947
2026	1948
2128	1948
2143	1948
2153	1948
2191	1948
2292	1948
2302	1948
2328	1948
2344	1948
2436	1948
2463	1948
2567	1948
2629	1948
2278	1953
2468	1953
2128	1954
2143	1954
2153	1954
2292	1954
2328	1954
2344	1954
2463	1954
2588	1954
2629	1954
2026	1955
2302	1955
2328	1955
2436	1955
2463	1955
2468	1955
2629	1955
2026	1959
2143	1959
2153	1959
2191	1959
2292	1959
2302	1959
2328	1959
2344	1959
2436	1959
2567	1959
2128	1961
2278	1962
2468	1962
2278	1963
2468	1963
2292	1964
2302	1964
2278	1966
2468	1966
2143	1968
2302	1969
2153	1970
2328	1970
2344	1970
2278	1971
2468	1971
2128	1972
2143	1972
2302	1972
2629	1972
2143	1973
2278	1979
2143	1980
2026	1981
2328	1981
2344	1981
2443	1982
2278	1983
2468	1983
2278	1984
2443	1984
2468	1984
2143	1985
2278	1985
2292	1985
2468	1985
2278	1986
2468	1986
2191	1987
2278	1987
2344	1987
2443	1988
2468	1989
2278	1993
2468	1993
2143	1994
2153	1994
2191	1994
2292	1994
2302	1994
2567	1994
2629	1994
2468	1997
2143	1999
2143	2001
2026	2002
2128	2002
2143	2002
2153	2002
2344	2002
2463	2002
2567	2002
2588	2002
2328	2003
2344	2003
2278	2005
2468	2005
2026	2007
2153	2007
2191	2007
2302	2007
2328	2007
2436	2007
2463	2007
2468	2007
2567	2007
2588	2007
2629	2007
2143	2009
2143	2010
2153	2010
2292	2010
2328	2010
2344	2010
2463	2010
2567	2010
2588	2010
2629	2010
2443	2019
2278	2020
2468	2020
2026	2054
2026	2068
2026	2072
2026	2081
2026	2087
2026	2102
2026	2125
2026	2127
2026	2128
2128	2026
2026	2133
2026	2134
2026	2138
2026	2150
2026	2153
2153	2026
2026	2161
2026	2176
2026	2180
2026	2183
2026	2187
2026	2191
2191	2026
2026	2196
2026	2224
2026	2233
2026	2239
2026	2247
2026	2250
2026	2264
2026	2267
2026	2268
2026	2279
2026	2282
2026	2283
2026	2287
2026	2289
2026	2292
2292	2026
2026	2299
2026	2319
2026	2327
2026	2328
2328	2026
2026	2333
2026	2336
2026	2338
2026	2343
2026	2347
2026	2350
2026	2351
2026	2367
2026	2369
2026	2381
2026	2384
2026	2394
2026	2396
2026	2398
2026	2414
2026	2434
2026	2436
2436	2026
2026	2451
2026	2458
2026	2461
2026	2468
2468	2026
2026	2475
2026	2498
2026	2508
2026	2510
2026	2511
2026	2516
2026	2526
2026	2531
2026	2537
2026	2543
2026	2547
2026	2550
2026	2554
2026	2555
2026	2567
2567	2026
2026	2588
2588	2026
2026	2592
2026	2594
2026	2598
2026	2607
2026	2608
2026	2617
2026	2629
2629	2026
2128	2028
2143	2028
2153	2028
2191	2028
2292	2028
2302	2028
2328	2028
2463	2028
2567	2028
2588	2028
2629	2028
2328	2029
2344	2029
2278	2030
2468	2030
2588	2031
2143	2032
2153	2032
2191	2032
2292	2032
2302	2032
2328	2032
2344	2032
2436	2032
2463	2032
2567	2032
2588	2032
2629	2032
2635	2032
2278	2033
2278	2037
2468	2037
2302	2038
2436	2038
2463	2038
2588	2038
2153	2039
2191	2039
2292	2039
2302	2039
2328	2039
2463	2039
2567	2039
2588	2039
2629	2039
2278	2040
2468	2040
2567	2040
2128	2042
2143	2042
2153	2042
2191	2042
2292	2042
2302	2042
2328	2042
2436	2042
2463	2042
2544	2042
2567	2042
2629	2042
2278	2043
2278	2045
2468	2045
2468	2046
2128	2047
2153	2047
2191	2047
2292	2047
2302	2047
2328	2047
2344	2047
2436	2047
2468	2047
2567	2047
2588	2047
2629	2047
2128	2048
2292	2048
2544	2048
2128	2052
2143	2052
2153	2052
2292	2052
2302	2052
2328	2052
2344	2052
2463	2052
2588	2052
2629	2052
2153	2053
2191	2053
2292	2053
2302	2053
2328	2053
2344	2053
2436	2053
2463	2053
2567	2053
2629	2053
2128	2054
2143	2054
2153	2054
2191	2054
2292	2054
2302	2054
2328	2054
2344	2054
2463	2054
2567	2054
2588	2054
2629	2054
2278	2055
2302	2055
2278	2056
2468	2056
2292	2057
2302	2057
2278	2059
2468	2059
2278	2060
2143	2061
2328	2062
2344	2062
2629	2062
2278	2063
2292	2065
2302	2065
2567	2065
2128	2068
2143	2068
2153	2068
2191	2068
2302	2068
2328	2068
2344	2068
2436	2068
2463	2068
2567	2068
2588	2068
2629	2068
2443	2069
2468	2069
2143	2071
2153	2071
2191	2071
2292	2071
2302	2071
2328	2071
2344	2071
2436	2071
2463	2071
2567	2071
2588	2071
2629	2071
2153	2072
2292	2072
2328	2072
2344	2072
2436	2072
2463	2072
2468	2072
2629	2072
2278	2073
2468	2073
2278	2074
2468	2074
2128	2075
2328	2075
2344	2075
2278	2077
2278	2078
2468	2078
2128	2081
2153	2081
2191	2081
2292	2081
2302	2081
2328	2081
2344	2081
2436	2081
2463	2081
2468	2081
2567	2081
2588	2081
2629	2081
2278	2083
2468	2084
2468	2086
2128	2087
2143	2087
2153	2087
2191	2087
2292	2087
2302	2087
2328	2087
2344	2087
2436	2087
2463	2087
2567	2087
2588	2087
2629	2087
2278	2088
2443	2088
2468	2088
2278	2090
2468	2090
2278	2093
2468	2095
2328	2096
2278	2098
2468	2098
2328	2101
2344	2101
2436	2101
2143	2102
2153	2102
2292	2102
2302	2102
2328	2102
2344	2102
2436	2102
2463	2102
2567	2102
2588	2102
2629	2102
2278	2103
2468	2103
2278	2104
2278	2108
2468	2108
2278	2109
2468	2109
2328	2110
2344	2110
2128	2111
2153	2111
2191	2111
2292	2111
2302	2111
2328	2111
2344	2111
2436	2111
2463	2111
2567	2111
2588	2111
2629	2111
2278	2112
2468	2112
2278	2115
2468	2115
2128	2116
2128	2117
2153	2117
2191	2117
2292	2117
2302	2117
2328	2117
2344	2117
2436	2117
2463	2117
2544	2117
2567	2117
2588	2117
2629	2117
2278	2118
2468	2118
2278	2121
2468	2121
2278	2122
2278	2123
2278	2124
2468	2124
2143	2125
2153	2125
2292	2125
2302	2125
2328	2125
2344	2125
2463	2125
2588	2125
2629	2125
2153	2127
2292	2127
2302	2127
2328	2127
2436	2127
2463	2127
2567	2127
2588	2127
2629	2127
2128	2132
2128	2135
2128	2138
2128	2143
2143	2128
2128	2148
2128	2151
2128	2153
2153	2128
2128	2163
2128	2183
2128	2187
2128	2203
2128	2233
2128	2246
2128	2250
2128	2267
2128	2268
2128	2278
2278	2128
2128	2279
2128	2283
2128	2287
2128	2292
2292	2128
2128	2294
2128	2302
2302	2128
2128	2304
2128	2310
2128	2322
2128	2328
2328	2128
2128	2332
2128	2333
2128	2338
2128	2344
2344	2128
2128	2347
2128	2351
2128	2355
2128	2368
2128	2372
2128	2384
2128	2399
2128	2400
2128	2436
2436	2128
2128	2438
2128	2463
2463	2128
2128	2475
2128	2479
2128	2491
2128	2502
2128	2509
2128	2512
2128	2516
2128	2529
2128	2533
2128	2537
2128	2543
2128	2544
2544	2128
2128	2555
2128	2567
2567	2128
2128	2582
2128	2594
2128	2598
2128	2603
2128	2616
2128	2629
2629	2128
2128	2642
2128	2643
2128	2646
2278	2131
2468	2131
2292	2132
2328	2132
2344	2132
2629	2132
2143	2133
2153	2133
2292	2133
2302	2133
2328	2133
2344	2133
2436	2133
2463	2133
2567	2133
2588	2133
2629	2133
2153	2134
2191	2134
2292	2134
2302	2134
2463	2134
2567	2134
2588	2134
2629	2134
2143	2135
2153	2135
2191	2135
2292	2135
2302	2135
2436	2135
2463	2135
2544	2135
2567	2135
2629	2135
2143	2137
2153	2137
2328	2137
2468	2137
2629	2137
2153	2138
2191	2138
2292	2138
2302	2138
2328	2138
2344	2138
2436	2138
2463	2138
2567	2138
2629	2138
2278	2139
2468	2139
2278	2140
2468	2140
2278	2142
2328	2142
2443	2142
2468	2142
2143	2149
2143	2151
2143	2153
2153	2143
2143	2159
2143	2169
2143	2174
2143	2176
2143	2180
2143	2187
2143	2198
2143	2199
2143	2203
2143	2224
2143	2239
2143	2241
2143	2250
2143	2273
2143	2279
2143	2283
2143	2289
2143	2292
2292	2143
2143	2294
2143	2302
2302	2143
2143	2315
2143	2319
2143	2328
2328	2143
2143	2336
2143	2343
2143	2365
2143	2368
2143	2377
2143	2384
2143	2420
2143	2436
2436	2143
2143	2451
2143	2461
2143	2463
2463	2143
2143	2471
2143	2472
2143	2475
2143	2491
2143	2498
2143	2509
2143	2510
2143	2511
2143	2512
2143	2533
2143	2543
2143	2544
2544	2143
2143	2555
2143	2567
2567	2143
2143	2571
2143	2582
2143	2588
2588	2143
2143	2592
2143	2597
2143	2598
2143	2616
2143	2620
2143	2627
2143	2629
2629	2143
2143	2648
2143	2649
2153	2144
2191	2144
2292	2144
2436	2144
2463	2144
2544	2145
2443	2147
2153	2148
2191	2148
2292	2148
2302	2148
2328	2148
2463	2148
2567	2148
2629	2148
2635	2148
2153	2149
2292	2149
2302	2149
2328	2149
2344	2149
2436	2149
2463	2149
2588	2149
2629	2149
2278	2150
2468	2150
2153	2151
2292	2151
2328	2151
2344	2151
2436	2151
2463	2151
2468	2151
2567	2151
2588	2151
2629	2151
2153	2169
2153	2174
2153	2176
2153	2180
2153	2183
2153	2187
2153	2191
2191	2153
2153	2194
2153	2196
2153	2199
2153	2203
2153	2215
2153	2223
2153	2224
2153	2233
2153	2241
2153	2246
2153	2247
2153	2250
2153	2254
2153	2264
2153	2267
2153	2268
2153	2273
2153	2279
2153	2282
2153	2283
2153	2289
2153	2292
2292	2153
2153	2293
2153	2294
2153	2302
2302	2153
2153	2315
2153	2319
2153	2325
2153	2327
2153	2328
2328	2153
2153	2332
2153	2333
2153	2336
2153	2338
2153	2343
2153	2344
2344	2153
2153	2347
2153	2351
2153	2372
2153	2377
2153	2384
2153	2385
2153	2396
2153	2398
2153	2419
2153	2420
2153	2434
2153	2451
2153	2461
2153	2463
2463	2153
2153	2465
2153	2468
2468	2153
2153	2471
2153	2472
2153	2475
2153	2491
2153	2496
2153	2498
2153	2508
2153	2509
2153	2510
2153	2511
2153	2533
2153	2543
2153	2547
2153	2555
2153	2567
2567	2153
2153	2582
2153	2588
2588	2153
2153	2592
2153	2594
2153	2597
2153	2598
2153	2599
2153	2608
2153	2609
2153	2616
2153	2617
2153	2629
2629	2153
2153	2642
2153	2643
2153	2653
2278	2154
2468	2154
2328	2155
2344	2155
2292	2161
2328	2161
2344	2161
2328	2163
2344	2163
2278	2164
2468	2164
2278	2165
2468	2165
2292	2169
2302	2169
2328	2169
2344	2169
2436	2169
2463	2169
2588	2169
2629	2169
2278	2172
2468	2172
2292	2174
2328	2174
2436	2174
2463	2174
2588	2174
2292	2176
2328	2176
2344	2176
2463	2176
2567	2176
2588	2176
2328	2177
2278	2179
2191	2180
2292	2180
2302	2180
2328	2180
2344	2180
2436	2180
2567	2180
2588	2180
2629	2180
2191	2183
2292	2183
2302	2183
2328	2183
2344	2183
2436	2183
2468	2183
2567	2183
2629	2183
2278	2184
2468	2184
2191	2187
2292	2187
2302	2187
2328	2187
2344	2187
2436	2187
2463	2187
2567	2187
2588	2187
2629	2187
2635	2187
2278	2188
2292	2189
2436	2189
2463	2189
2567	2189
2588	2189
2278	2190
2191	2194
2191	2196
2191	2199
2191	2223
2191	2224
2191	2233
2191	2241
2191	2250
2191	2264
2191	2273
2191	2279
2191	2282
2191	2283
2191	2289
2191	2292
2292	2191
2191	2302
2302	2191
2191	2305
2191	2315
2191	2319
2191	2328
2328	2191
2191	2332
2191	2333
2191	2336
2191	2338
2191	2343
2191	2347
2191	2351
2191	2372
2191	2384
2191	2420
2191	2436
2436	2191
2191	2451
2191	2465
2191	2471
2191	2472
2191	2475
2191	2498
2191	2510
2191	2511
2191	2516
2191	2543
2191	2555
2191	2567
2567	2191
2191	2592
2191	2597
2191	2598
2191	2609
2191	2642
2191	2643
2191	2649
2191	2653
2292	2194
2302	2194
2328	2194
2463	2194
2567	2194
2588	2194
2629	2194
2292	2196
2302	2196
2328	2196
2344	2196
2463	2196
2567	2196
2588	2196
2629	2196
2328	2198
2344	2198
2463	2198
2588	2198
2292	2199
2302	2199
2328	2199
2344	2199
2463	2199
2468	2199
2567	2199
2588	2199
2629	2199
2278	2200
2278	2201
2468	2201
2292	2203
2302	2203
2328	2203
2463	2203
2544	2203
2588	2203
2629	2203
2278	2206
2468	2206
2292	2208
2302	2208
2567	2210
2468	2212
2278	2213
2468	2213
2302	2214
2292	2215
2302	2215
2567	2215
2629	2215
2278	2218
2468	2218
2278	2220
2468	2220
2328	2221
2344	2221
2328	2222
2344	2222
2328	2223
2436	2223
2463	2223
2567	2223
2635	2223
2292	2224
2302	2224
2328	2224
2344	2224
2436	2224
2463	2224
2588	2224
2629	2224
2635	2224
2278	2229
2443	2229
2468	2229
2292	2232
2635	2232
2278	2233
2328	2233
2468	2233
2567	2233
2328	2235
2344	2235
2436	2239
2588	2239
2278	2240
2468	2240
2292	2241
2302	2241
2328	2241
2344	2241
2436	2241
2463	2241
2567	2241
2588	2241
2629	2241
2278	2242
2328	2243
2344	2243
2278	2244
2468	2244
2302	2246
2328	2246
2344	2246
2463	2246
2567	2246
2588	2246
2629	2246
2292	2247
2302	2247
2328	2247
2344	2247
2463	2247
2567	2247
2588	2247
2629	2247
2302	2250
2328	2250
2344	2250
2436	2250
2463	2250
2567	2250
2588	2250
2629	2250
2328	2252
2278	2253
2468	2253
2328	2254
2344	2254
2436	2254
2463	2254
2278	2257
2468	2258
2443	2259
2468	2259
2635	2259
2468	2261
2302	2264
2344	2264
2463	2264
2588	2264
2278	2266
2292	2266
2443	2266
2468	2266
2292	2267
2302	2267
2463	2267
2567	2267
2292	2268
2302	2268
2436	2268
2463	2268
2544	2268
2567	2268
2588	2268
2629	2268
2635	2268
2278	2271
2468	2271
2292	2273
2302	2273
2328	2273
2344	2273
2463	2273
2567	2273
2588	2273
2629	2273
2328	2274
2344	2274
2278	2276
2278	2287
2278	2290
2278	2300
2278	2303
2278	2306
2278	2307
2278	2308
2278	2309
2278	2323
2278	2324
2278	2326
2278	2329
2278	2331
2278	2339
2278	2340
2278	2347
2278	2348
2278	2352
2278	2354
2278	2356
2278	2359
2278	2363
2278	2369
2278	2370
2278	2374
2278	2376
2278	2392
2278	2395
2278	2404
2278	2408
2278	2409
2278	2410
2278	2414
2278	2423
2278	2428
2278	2433
2278	2446
2278	2460
2278	2462
2278	2464
2278	2468
2468	2278
2278	2477
2278	2482
2278	2485
2278	2492
2278	2495
2278	2499
2278	2500
2278	2504
2278	2506
2278	2507
2278	2520
2278	2521
2278	2526
2278	2532
2278	2533
2278	2539
2278	2542
2278	2543
2278	2544
2544	2278
2278	2550
2278	2551
2278	2553
2278	2556
2278	2559
2278	2560
2278	2561
2278	2564
2278	2573
2278	2574
2278	2575
2278	2578
2278	2579
2278	2586
2278	2590
2278	2593
2278	2600
2278	2602
2278	2604
2278	2607
2278	2611
2278	2615
2278	2619
2278	2624
2278	2625
2278	2629
2629	2278
2278	2630
2278	2631
2278	2638
2278	2646
2278	2655
2292	2279
2302	2279
2328	2279
2436	2279
2463	2279
2468	2279
2567	2279
2629	2279
2328	2280
2635	2280
2292	2282
2302	2282
2328	2282
2344	2282
2463	2282
2544	2282
2567	2282
2588	2282
2629	2282
2292	2283
2302	2283
2328	2283
2344	2283
2436	2283
2463	2283
2468	2283
2567	2283
2588	2283
2629	2283
2302	2285
2567	2285
2588	2285
2629	2285
2468	2288
2292	2289
2302	2289
2328	2289
2436	2289
2463	2289
2567	2289
2588	2289
2629	2289
2468	2290
2292	2293
2292	2294
2292	2302
2302	2292
2292	2315
2292	2319
2292	2328
2328	2292
2292	2332
2292	2333
2292	2338
2292	2343
2292	2347
2292	2351
2292	2368
2292	2372
2292	2377
2292	2384
2292	2385
2292	2396
2292	2400
2292	2417
2292	2419
2292	2420
2292	2425
2292	2436
2436	2292
2292	2451
2292	2458
2292	2461
2292	2463
2463	2292
2292	2465
2292	2468
2468	2292
2292	2471
2292	2472
2292	2473
2292	2491
2292	2498
2292	2508
2292	2509
2292	2510
2292	2511
2292	2512
2292	2533
2292	2543
2292	2544
2544	2292
2292	2555
2292	2560
2292	2567
2567	2292
2292	2581
2292	2582
2292	2588
2588	2292
2292	2592
2292	2597
2292	2598
2292	2603
2292	2609
2292	2616
2292	2617
2292	2629
2629	2292
2292	2642
2292	2643
2292	2649
2292	2653
2302	2293
2468	2293
2567	2293
2629	2293
2328	2294
2344	2294
2463	2294
2544	2294
2588	2294
2629	2294
2629	2295
2468	2300
2302	2315
2302	2319
2302	2324
2302	2328
2328	2302
2302	2330
2302	2332
2302	2333
2302	2336
2302	2338
2302	2347
2302	2351
2302	2372
2302	2377
2302	2384
2302	2385
2302	2420
2302	2429
2302	2436
2436	2302
2302	2461
2302	2462
2302	2463
2463	2302
2302	2465
2302	2468
2468	2302
2302	2471
2302	2472
2302	2475
2302	2491
2302	2502
2302	2510
2302	2511
2302	2512
2302	2530
2302	2533
2302	2543
2302	2544
2544	2302
2302	2547
2302	2555
2302	2567
2567	2302
2302	2581
2302	2592
2302	2597
2302	2598
2302	2609
2302	2629
2629	2302
2302	2642
2302	2643
2302	2653
2328	2304
2344	2304
2468	2309
2443	2313
2567	2315
2629	2315
2328	2319
2344	2319
2436	2319
2463	2319
2567	2319
2629	2319
2328	2325
2463	2325
2544	2325
2588	2325
2468	2326
2328	2327
2344	2327
2436	2327
2463	2327
2468	2327
2567	2327
2629	2327
2328	2332
2328	2333
2328	2336
2328	2338
2328	2343
2328	2344
2344	2328
2328	2351
2328	2368
2328	2372
2328	2377
2328	2384
2328	2390
2328	2394
2328	2396
2328	2398
2328	2399
2328	2415
2328	2419
2328	2420
2328	2427
2328	2429
2328	2432
2328	2434
2328	2438
2328	2445
2328	2451
2328	2458
2328	2461
2328	2463
2463	2328
2328	2471
2328	2475
2328	2479
2328	2491
2328	2498
2328	2501
2328	2509
2328	2510
2328	2511
2328	2512
2328	2516
2328	2525
2328	2529
2328	2531
2328	2533
2328	2537
2328	2542
2328	2543
2328	2544
2544	2328
2328	2555
2328	2557
2328	2567
2567	2328
2328	2582
2328	2588
2588	2328
2328	2592
2328	2594
2328	2598
2328	2603
2328	2608
2328	2616
2328	2617
2328	2629
2629	2328
2328	2642
2328	2643
2328	2649
2328	2652
2468	2329
2436	2330
2463	2330
2588	2330
2468	2331
2463	2332
2567	2332
2629	2332
2344	2333
2463	2333
2567	2333
2629	2333
2468	2334
2344	2336
2436	2336
2463	2336
2567	2336
2588	2336
2629	2336
2344	2338
2436	2338
2468	2338
2567	2338
2629	2338
2468	2339
2468	2340
2344	2343
2436	2343
2463	2343
2588	2343
2629	2343
2344	2345
2344	2347
2344	2355
2344	2377
2344	2384
2344	2390
2344	2394
2344	2396
2344	2399
2344	2415
2344	2419
2344	2432
2344	2434
2344	2436
2436	2344
2344	2438
2344	2451
2344	2461
2344	2463
2463	2344
2344	2468
2468	2344
2344	2471
2344	2475
2344	2479
2344	2498
2344	2501
2344	2509
2344	2511
2344	2512
2344	2516
2344	2519
2344	2537
2344	2555
2344	2582
2344	2588
2588	2344
2344	2592
2344	2594
2344	2598
2344	2603
2344	2616
2344	2617
2344	2629
2629	2344
2344	2637
2344	2642
2344	2652
2443	2345
2468	2345
2635	2345
2436	2347
2463	2347
2468	2347
2567	2347
2629	2347
2468	2348
2588	2350
2436	2351
2463	2351
2567	2351
2629	2351
2468	2352
2468	2354
2468	2356
2635	2367
2463	2368
2468	2369
2463	2372
2567	2372
2629	2372
2468	2374
2468	2376
2436	2377
2463	2377
2567	2377
2588	2377
2629	2377
2635	2379
2436	2384
2463	2384
2544	2384
2567	2384
2588	2384
2629	2384
2629	2385
2443	2387
2468	2390
2468	2392
2468	2395
2436	2398
2463	2398
2468	2398
2567	2398
2629	2398
2463	2399
2544	2399
2629	2400
2468	2404
2468	2408
2468	2409
2468	2410
2468	2414
2436	2419
2463	2419
2588	2419
2629	2419
2468	2420
2567	2420
2629	2420
2468	2425
2468	2428
2468	2433
2436	2445
2436	2451
2436	2458
2436	2463
2463	2436
2436	2471
2436	2475
2436	2491
2436	2498
2436	2502
2436	2508
2436	2510
2436	2511
2436	2533
2436	2543
2436	2544
2544	2436
2436	2567
2567	2436
2436	2588
2588	2436
2436	2589
2436	2597
2436	2598
2436	2616
2436	2617
2436	2629
2629	2436
2436	2635
2635	2436
2436	2649
2436	2653
2443	2478
2443	2490
2443	2527
2527	2443
2443	2542
2443	2584
2443	2622
2443	2635
2635	2443
2463	2445
2567	2445
2468	2446
2463	2451
2468	2460
2463	2461
2567	2461
2588	2461
2629	2461
2463	2471
2463	2475
2463	2491
2463	2498
2463	2508
2463	2509
2463	2510
2463	2511
2463	2512
2463	2516
2463	2525
2463	2529
2463	2533
2463	2543
2463	2544
2544	2463
2463	2547
2463	2567
2567	2463
2463	2582
2463	2588
2588	2463
2463	2589
2463	2592
2463	2598
2463	2616
2463	2617
2463	2629
2629	2463
2463	2642
2463	2643
2463	2649
2463	2653
2468	2464
2567	2465
2588	2465
2629	2465
2468	2467
2468	2469
2468	2482
2468	2484
2468	2485
2468	2489
2468	2492
2468	2500
2468	2506
2468	2507
2468	2510
2468	2511
2468	2520
2468	2521
2468	2526
2468	2533
2468	2542
2468	2543
2468	2549
2468	2550
2468	2551
2468	2552
2468	2553
2468	2555
2468	2559
2468	2560
2468	2561
2468	2563
2468	2564
2468	2572
2468	2573
2468	2575
2468	2578
2468	2586
2468	2594
2468	2597
2468	2600
2468	2601
2468	2602
2468	2604
2468	2606
2468	2611
2468	2615
2468	2619
2468	2624
2468	2625
2468	2630
2468	2631
2468	2646
2567	2471
2588	2471
2629	2471
2567	2472
2629	2472
2588	2475
2629	2475
2483	2527
2527	2483
2483	2595
2595	2483
2588	2491
2629	2491
2635	2491
2567	2496
2629	2496
2567	2498
2588	2498
2544	2502
2629	2502
2567	2508
2544	2509
2588	2509
2629	2509
2567	2510
2588	2510
2629	2510
2567	2511
2544	2512
2588	2512
2629	2512
2588	2514
2544	2516
2567	2516
2629	2516
2567	2522
2527	2595
2595	2527
2567	2530
2544	2533
2567	2533
2629	2533
2635	2533
2567	2537
2544	2543
2567	2543
2588	2543
2629	2543
2544	2629
2629	2544
2567	2555
2629	2555
2567	2560
2567	2582
2567	2589
2567	2592
2567	2597
2567	2598
2567	2609
2567	2616
2567	2617
2567	2629
2629	2567
2567	2642
2567	2643
2567	2653
2588	2582
2629	2582
2588	2598
2588	2616
2588	2629
2629	2588
2588	2642
2588	2649
2588	2653
2629	2592
2629	2597
2629	2598
2635	2598
2629	2599
2629	2608
2629	2609
2629	2616
2629	2642
2629	2643
2629	2649
2780	2661
2790	2661
2876	2661
3302	2661
3330	2661
3335	2661
2694	2664
2791	2665
2999	2665
3020	2665
3263	2665
3330	2665
3342	2665
2667	2690
2690	2667
2667	2711
2667	2762
2667	2784
2784	2667
2667	2841
2667	2856
2856	2667
2667	2868
2868	2667
2667	2921
2667	3050
2667	3087
2667	3099
3099	2667
2667	3211
3211	2667
2667	3214
2667	3242
3242	2667
2667	3277
2667	3313
2667	3329
3329	2667
2667	3349
3349	2667
2667	3353
2727	2668
2958	2668
3110	2668
3138	2668
3178	2668
3215	2668
3305	2668
3374	2668
2694	2669
3011	2672
3258	2672
3319	2672
2694	2673
3097	2674
3330	2674
2999	2675
3330	2675
2694	2676
2677	2688
2688	2677
2677	2764
2764	2677
2677	2923
2923	2677
2677	2971
2971	2677
2677	2999
2999	2677
2677	3020
3020	2677
2677	3103
2677	3185
2677	3302
3302	2677
2677	3375
3375	2677
2677	3420
2678	2760
2760	2678
2678	3057
3057	2678
2678	3164
3164	2678
2678	3222
3222	2678
2678	3263
3263	2678
2694	2680
3011	2684
3258	2684
3011	2685
3263	2685
2780	2687
2688	2693
2693	2688
2688	2725
2688	2764
2764	2688
2688	2903
2903	2688
2688	3086
2688	3146
2688	3205
3205	2688
2688	3302
3302	2688
2688	3328
2694	2689
2690	2723
2690	2730
2690	2735
2735	2690
2690	2759
2690	2762
2690	2784
2784	2690
2690	2787
2787	2690
2690	2803
2803	2690
2690	2836
2690	2844
2690	2856
2856	2690
2690	2871
2690	2881
2690	2882
2882	2690
2690	2921
2690	2996
2690	3018
2690	3020
3020	2690
2690	3099
3099	2690
2690	3100
2690	3196
2690	3242
3242	2690
2690	3275
2690	3342
3342	2690
2690	3349
3349	2690
2690	3353
2690	3365
2690	3383
2690	3395
2693	2764
2764	2693
2693	2802
2802	2693
2693	2822
2822	2693
2693	2903
2903	2693
2693	2949
2693	2999
2999	2693
2693	3069
2693	3156
2693	3278
3278	2693
2693	3302
3302	2693
2693	3310
2693	3319
3319	2693
2693	3361
3361	2693
2693	3397
2694	2706
2694	2717
2694	2738
2694	2749
2694	2750
2694	2754
2694	2755
2694	2757
2694	2763
2694	2773
2694	2777
2694	2782
2694	2786
2694	2787
2787	2694
2694	2800
2694	2806
2694	2815
2694	2827
2694	2835
2694	2839
2694	2862
2694	2863
2694	2864
2694	2872
2694	2877
2694	2880
2694	2896
2694	2897
2694	2905
2694	2908
2694	2910
2694	2912
2694	2913
2694	2915
2694	2916
2694	2919
2694	2920
2694	2925
2694	2927
2694	2928
2694	2940
2694	2943
2694	2944
2694	2946
2694	2948
2694	2956
2694	2960
2694	2966
2694	2974
2694	2986
2694	2988
2694	3000
2694	3004
2694	3022
2694	3023
2694	3033
2694	3056
2694	3064
2694	3065
2694	3078
2694	3085
2694	3090
2694	3096
2694	3104
2694	3108
2694	3142
2694	3149
2694	3174
2694	3195
2694	3202
2694	3226
2694	3232
2694	3250
2694	3284
2694	3301
2694	3304
2694	3324
2694	3339
2694	3348
2694	3363
2694	3364
2694	3384
2694	3387
2694	3388
2694	3417
2694	3426
2735	2696
2784	2696
3292	2697
3373	2697
2700	2709
2700	2784
2784	2700
2700	2791
2791	2700
2700	2811
2700	2812
2812	2700
2700	2818
2818	2700
2700	2848
2848	2700
2700	2957
2700	3067
2700	3248
2700	3253
2700	3328
2700	3373
3373	2700
2700	3431
3431	2700
3011	2701
3258	2701
2859	2702
3211	2702
3330	2702
3331	2707
3011	2708
3258	2708
2735	2709
2780	2709
2812	2709
3015	2709
3138	2709
3178	2709
3211	2709
2714	2711
2923	2711
3009	2711
2780	2712
2859	2712
3335	2712
2714	2979
2787	2715
2859	2715
2868	2715
3330	2715
2780	2716
2859	2716
2868	2716
3015	2716
3097	2716
3110	2716
3263	2716
2883	2718
3263	2718
3330	2718
3331	2718
3335	2718
3258	2719
3330	2719
2859	2720
2868	2720
3009	2720
3215	2720
3263	2720
3342	2720
2787	2723
3009	2723
3215	2723
3011	2724
3263	2724
2818	2725
2903	2725
2923	2725
3302	2725
2727	2780
2780	2727
2727	2795
2727	2840
2727	3024
3024	2727
2727	3048
2727	3100
2727	3138
3138	2727
2727	3140
2727	3178
3178	2727
2727	3205
3205	2727
2727	3374
3374	2727
3319	2728
2812	2730
2819	2730
2941	2730
2958	2730
2999	2730
3097	2730
3110	2730
3138	2730
3211	2730
3215	2730
3302	2730
3342	2730
2812	2733
2958	2733
3011	2733
3258	2733
2734	2752
2752	2734
2734	2760
2760	2734
2734	2787
2787	2734
2734	2790
2790	2734
2734	2808
2734	2818
2818	2734
2734	2836
2734	2840
2734	2848
2848	2734
2734	2923
2923	2734
2734	3005
2734	3027
2734	3057
3057	2734
2734	3077
2734	3121
2734	3157
2734	3165
3165	2734
2734	3186
2734	3254
2734	3287
2734	3319
3319	2734
2734	3340
3340	2734
2734	3343
3343	2734
2734	3347
2735	2819
2819	2735
2735	2844
2735	2914
2735	2932
2735	2951
2735	2976
2735	2996
2735	3075
2735	3140
2735	3173
2735	3244
2735	3259
2735	3307
2735	3385
2735	3418
3292	2739
2780	2742
3258	2742
3319	2742
3330	2742
3335	2742
2787	2747
3302	2747
2780	2748
2818	2748
3215	2748
3302	2748
3335	2748
3342	2748
2868	2751
3215	2751
3302	2751
3335	2751
3342	2751
2752	2781
2752	2812
2812	2752
2752	2818
2818	2752
2752	2962
2812	2754
2780	2758
2784	2758
2813	2758
2856	2758
3330	2758
2812	2759
2760	2790
2790	2760
2760	2813
2813	2760
2760	3057
3057	2760
2760	3222
3222	2760
2760	3263
3263	2760
2760	3432
3432	2760
2787	2762
3329	2762
2764	2822
2822	2764
2764	2903
2903	2764
2764	2923
2923	2764
2764	2941
2941	2764
2764	2979
2764	2999
2999	2764
2764	3011
3011	2764
2764	3020
3020	2764
2764	3201
2764	3222
3222	2764
2764	3263
3263	2764
2764	3278
3278	2764
2764	3302
3302	2764
2764	3319
3319	2764
2764	3340
3340	2764
2764	3361
3361	2764
2780	2765
3330	2765
2813	2768
3020	2768
3072	2768
3097	2768
3242	2768
3263	2768
3302	2768
3330	2770
2803	2772
2895	2772
2958	2772
3242	2772
3319	2772
3342	2772
3349	2772
3374	2772
3330	2778
3335	2778
2780	2785
2780	2793
2780	2795
2780	2846
2780	2863
2780	2871
2780	2923
2923	2780
2780	2939
2780	2950
2780	2979
2780	3013
2780	3041
2780	3048
2780	3049
2780	3089
2780	3101
2780	3102
2780	3109
2780	3116
2780	3136
2780	3138
3138	2780
2780	3146
2780	3152
2780	3172
2780	3178
3178	2780
2780	3188
2780	3198
2780	3201
2780	3209
2780	3211
3211	2780
2780	3212
2780	3219
2780	3233
2780	3240
2780	3247
2780	3256
2780	3265
2780	3279
2780	3297
2780	3299
2780	3307
2780	3335
3335	2780
2780	3351
2780	3352
2780	3360
2780	3374
3374	2780
2780	3395
2780	3419
2787	2781
2958	2781
3335	2781
2787	2783
2819	2783
3028	2783
2784	2813
2813	2784
2784	2848
2848	2784
2784	2856
2856	2784
2784	2979
2784	3034
2784	3072
3072	2784
2784	3099
3099	2784
2784	3115
2784	3136
2784	3150
2784	3179
2784	3211
3211	2784
2784	3214
2784	3219
2784	3259
2784	3275
2784	3329
3329	2784
2784	3342
3342	2784
2784	3349
3349	2784
2784	3365
2784	3397
2784	3409
3072	2785
3138	2785
3302	2785
3335	2785
3431	2785
2787	2793
2787	2825
2787	2836
2787	2849
2787	2863
2787	2892
2787	2901
2787	2904
2787	2932
2787	2939
2787	3027
2787	3034
2787	3038
2787	3049
2787	3070
2787	3072
3072	2787
2787	3082
2787	3087
2787	3097
3097	2787
2787	3101
2787	3116
2787	3150
2787	3211
3211	2787
2787	3214
2787	3253
2787	3256
2787	3291
2787	3302
3302	2787
2787	3312
2787	3320
2787	3321
2787	3327
2787	3342
3342	2787
2787	3347
2787	3369
2787	3379
2787	3380
2787	3395
2787	3403
2790	2803
2803	2790
2790	2813
2813	2790
2790	2848
2848	2790
2790	3203
2790	3302
3302	2790
2791	2812
2812	2791
2791	2818
2818	2791
2791	2844
2791	2876
2876	2791
2791	2950
2791	2975
2791	3088
3088	2791
2791	3116
2791	3136
3072	2793
3097	2793
3319	2793
3330	2793
3335	2793
3342	2793
2813	2795
3020	2795
3110	2795
3138	2795
3178	2795
3211	2795
3374	2795
3011	2797
3258	2797
2802	2863
2802	3035
2802	3106
2802	3150
2802	3154
2802	3267
2802	3397
2802	3419
2803	2813
2813	2803
2803	2848
2848	2803
2803	2881
2803	2882
2882	2803
2803	2996
2803	3048
2803	3100
2803	3124
2803	3138
3138	2803
2803	3140
2803	3178
3178	2803
2803	3196
2803	3211
3211	2803
2803	3214
2803	3256
2803	3280
2803	3380
2803	3418
2805	2806
2805	2922
2922	2805
2805	2983
2983	2805
2805	2997
2997	2805
2805	3012
3012	2805
2805	3028
3028	2805
2805	3121
3331	2811
2812	2818
2818	2812
2812	2843
2812	2869
2812	3041
2812	3087
2812	3140
2812	3187
2812	3249
2812	3256
2812	3273
2812	3287
2812	3291
2812	3365
2812	3393
2812	3403
2812	3421
2813	2818
2818	2813
2813	2826
2826	2813
2813	2848
2848	2813
2813	2883
2883	2813
2813	2951
2813	2971
2971	2813
2813	2979
2813	3002
2813	3020
3020	2813
2813	3136
2813	3171
2813	3177
2813	3178
3178	2813
2813	3214
2813	3365
2813	3393
2813	3409
2818	2882
2882	2818
2818	2946
2818	3067
2818	3261
2818	3276
2818	3350
2818	3353
2819	2904
2819	2996
2819	3017
2819	3035
2819	3140
2819	3148
2819	3192
2819	3221
2819	3272
2819	3280
2819	3289
2819	3306
2819	3307
2819	3313
2819	3328
2819	3341
2819	3342
3342	2819
2819	3346
2819	3385
2819	3421
3292	2820
2822	2831
2822	2941
2941	2822
2822	2999
2999	2822
2822	3164
3164	2822
2822	3222
3222	2822
2822	3263
3263	2822
2822	3278
3278	2822
2822	3361
3361	2822
3011	2823
3258	2823
2868	2825
3431	2825
2826	2979
2826	3165
3165	2826
2826	3211
3211	2826
2826	3340
3340	2826
2826	3361
3361	2826
3330	2828
3335	2828
3319	2830
2958	2832
3015	2832
3330	2832
3335	2832
3011	2833
3258	2833
3319	2833
3330	2833
3342	2836
2958	2840
3097	2841
3335	2841
3431	2841
3072	2844
3211	2844
3263	2845
2847	2856
2856	2847
2847	2859
2859	2847
2847	2965
2847	3011
3011	2847
2847	3144
2847	3162
2847	3173
2847	3255
2847	3263
3263	2847
2847	3307
2847	3341
2848	2876
2876	2848
2848	2881
2848	2901
2848	2996
2848	3049
2848	3133
2848	3148
2848	3178
3178	2848
2848	3203
2848	3214
2848	3280
2848	3302
3302	2848
2848	3306
2848	3405
3319	2849
3330	2849
3335	2849
3330	2853
3335	2853
3342	2853
2856	2868
2868	2856
2856	2979
2856	2996
2856	3020
3020	2856
2856	3099
3099	2856
2856	3115
2856	3185
2856	3212
2856	3242
3242	2856
2856	3329
3329	2856
2856	3342
3342	2856
2856	3349
3349	2856
2923	2858
3072	2858
3097	2858
3302	2858
2859	2868
2868	2859
2859	2984
2859	3002
2859	3027
2859	3075
2859	3107
2859	3140
2859	3263
3263	2859
2859	3291
2859	3302
3302	2859
2859	3341
2859	3365
2859	3397
3097	2863
3258	2863
3330	2863
3335	2863
3349	2863
3020	2865
3263	2865
2868	2936
2868	3002
2868	3051
2868	3077
2868	3099
3099	2868
2868	3212
2868	3215
3215	2868
2868	3224
2868	3242
3242	2868
2868	3329
3329	2868
2868	3349
3349	2868
2868	3373
3373	2868
3302	2869
3330	2869
3335	2869
3340	2869
3009	2870
3330	2871
3331	2871
2958	2875
3258	2875
3302	2875
3335	2875
2876	2904
2876	3116
2876	3144
2876	3152
2876	3188
2876	3214
2876	3272
2876	3280
2876	3306
2876	3331
3331	2876
3020	2878
3015	2881
3024	2881
2882	2958
2958	2882
2882	2968
2968	2882
2882	3027
2882	3057
3057	2882
2882	3124
2882	3347
2883	3043
2883	3101
2883	3150
2883	3223
2883	3258
3258	2883
2883	3278
3278	2883
2883	3385
2999	2886
3155	2889
3178	2892
3374	2893
3432	2893
2958	2894
3011	2894
3258	2894
3331	2894
2895	3017
2895	3027
2895	3217
2895	3274
2895	3302
3302	2895
2895	3331
3331	2895
2895	3358
3009	2901
3110	2901
3330	2901
3342	2901
3431	2901
2903	2999
2999	2903
2903	3258
3258	2903
3009	2904
3088	2904
3211	2904
3215	2904
3319	2904
3330	2904
3342	2904
3072	2914
3302	2914
3342	2914
3361	2914
2997	2919
3009	2921
3263	2921
3342	2921
2922	3028
3028	2922
2923	3005
2923	3020
3020	2923
2923	3046
2923	3265
2923	3285
2923	3292
3292	2923
2923	3296
2923	3411
3330	2932
2933	2935
2935	2933
2933	2949
2933	2983
2983	2933
2933	2997
2997	2933
2933	2999
2999	2933
2933	3012
3012	2933
2933	3020
3020	2933
2933	3028
3028	2933
2933	3063
3063	2933
2933	3066
2933	3072
3072	2933
2933	3363
2933	3368
3368	2933
2935	2949
2935	2983
2983	2935
2935	2997
2997	2935
2935	2999
2999	2935
2935	3012
3012	2935
2935	3020
3020	2935
2935	3063
3063	2935
2935	3066
2935	3072
3072	2935
2935	3274
2998	2936
3015	2936
3302	2936
3330	2936
3373	2936
3011	2937
3258	2937
3331	2938
3343	2938
3302	2939
3330	2939
3335	2939
3373	2939
2941	2955
2941	2999
2999	2941
2941	3068
2941	3263
3263	2941
2941	3361
3361	2941
3097	2946
3211	2946
3215	2946
3263	2946
3302	2946
3335	2946
3331	2947
2983	2949
2997	2949
2999	2949
3012	2949
3020	2949
3028	2949
3063	2949
3155	2949
3258	2950
3331	2950
3335	2950
3020	2951
3097	2951
3263	2951
3330	2951
3342	2951
3215	2954
2999	2955
3342	2955
3011	2957
3263	2957
2958	2976
2958	3001
2958	3009
3009	2958
2958	3011
3011	2958
2958	3019
2958	3048
2958	3076
2958	3079
2958	3100
2958	3111
2958	3124
2958	3160
2958	3178
3178	2958
2958	3179
2958	3182
2958	3261
2958	3262
2958	3276
2958	3279
2958	3280
2958	3288
2958	3295
2958	3302
3302	2958
2958	3313
2958	3327
2958	3331
3331	2958
2958	3350
2958	3353
2958	3377
2958	3386
2958	3396
3302	2962
3373	2962
3057	2964
3331	2964
3374	2964
3242	2965
2968	3011
3011	2968
2968	3020
3020	2968
2968	3077
2968	3097
3097	2968
2968	3161
3161	2968
2968	3258
3258	2968
2968	3343
3343	2968
3330	2970
3319	2973
3330	2973
3258	2976
3340	2979
2983	2997
2997	2983
2983	2999
2999	2983
2983	3012
3012	2983
2983	3020
3020	2983
2983	3028
3028	2983
2983	3063
3063	2983
2983	3066
2983	3072
3072	2983
2983	3083
2983	3128
2983	3155
3155	2983
2983	3368
3368	2983
3263	2984
3330	2989
3335	2989
3330	2991
3302	2992
3329	2992
3330	2992
3097	2996
3302	2996
3330	2996
3342	2996
3431	2996
2997	3012
3012	2997
2997	3020
3020	2997
2997	3063
3063	2997
2997	3072
3072	2997
2997	3081
2997	3155
3155	2997
2997	3368
3368	2997
2998	3157
2999	3020
3020	2999
2999	3066
2999	3072
3072	2999
2999	3083
2999	3128
2999	3136
2999	3222
3222	2999
2999	3240
2999	3253
2999	3263
3263	2999
2999	3310
2999	3327
2999	3361
3361	2999
3178	3001
3245	3001
3331	3001
3373	3001
3072	3002
3263	3002
3329	3002
3011	3005
3057	3005
3072	3005
3165	3005
3292	3005
3302	3005
3342	3005
3343	3005
3009	3027
3009	3035
3009	3082
3009	3109
3009	3116
3009	3204
3009	3206
3009	3214
3009	3279
3009	3406
3011	3019
3011	3061
3011	3076
3011	3079
3011	3081
3011	3160
3011	3179
3011	3182
3011	3196
3011	3245
3245	3011
3011	3254
3011	3258
3258	3011
3011	3262
3011	3263
3263	3011
3011	3287
3011	3332
3011	3350
3011	3386
3011	3396
3011	3398
3011	3411
3012	3020
3020	3012
3012	3028
3028	3012
3012	3072
3072	3012
3012	3155
3155	3012
3015	3107
3015	3287
3015	3329
3329	3015
3015	3373
3373	3015
3258	3017
3330	3017
3340	3017
3024	3019
3331	3019
3020	3063
3063	3020
3020	3072
3072	3020
3020	3083
3020	3117
3020	3136
3020	3196
3020	3201
3020	3205
3205	3020
3020	3258
3258	3020
3020	3263
3263	3020
3020	3275
3020	3340
3340	3020
3020	3368
3368	3020
3020	3412
3302	3021
3024	3051
3024	3107
3024	3133
3024	3160
3024	3225
3024	3233
3024	3302
3302	3024
3024	3328
3024	3366
3024	3397
3072	3027
3097	3027
3292	3027
3302	3027
3028	3063
3063	3028
3028	3072
3072	3028
3028	3155
3155	3028
3028	3368
3368	3028
3072	3034
3178	3034
3263	3034
3319	3034
3342	3034
3211	3035
3330	3035
3335	3035
3258	3038
3302	3038
3319	3038
3330	3038
3335	3038
3342	3038
3097	3043
3110	3043
3319	3046
3138	3048
3178	3048
3342	3048
3374	3048
3431	3048
3097	3049
3330	3049
3335	3049
3335	3050
3330	3051
3373	3051
3057	3061
3057	3164
3164	3057
3057	3222
3222	3057
3057	3263
3263	3057
3057	3278
3278	3057
3057	3396
3057	3432
3432	3057
3258	3060
3330	3060
3263	3061
3331	3062
3343	3062
3373	3062
3063	3072
3072	3063
3063	3155
3155	3063
3063	3368
3368	3063
3072	3066
3155	3066
3164	3067
3088	3069
3302	3070
3330	3070
3072	3086
3072	3097
3097	3072
3072	3101
3072	3118
3072	3150
3072	3152
3072	3155
3155	3072
3072	3192
3072	3211
3211	3072
3072	3212
3072	3214
3072	3248
3072	3253
3072	3263
3263	3072
3072	3287
3072	3302
3302	3072
3072	3305
3305	3072
3072	3329
3329	3072
3072	3342
3342	3072
3072	3353
3072	3368
3368	3072
3072	3385
3072	3403
3097	3075
3258	3076
3263	3077
3342	3077
3361	3077
3373	3077
3258	3079
3138	3081
3263	3081
3330	3082
3335	3082
3342	3082
3263	3086
3088	3116
3088	3208
3088	3272
3088	3280
3088	3291
3088	3298
3263	3089
3319	3089
3342	3093
3097	3101
3097	3107
3097	3117
3097	3124
3097	3136
3097	3150
3097	3157
3097	3177
3097	3214
3097	3215
3215	3097
3097	3236
3097	3274
3097	3275
3097	3279
3097	3299
3097	3302
3302	3097
3097	3329
3329	3097
3097	3340
3340	3097
3097	3342
3342	3097
3097	3345
3097	3360
3099	3242
3242	3099
3099	3329
3329	3099
3099	3349
3349	3099
3099	3369
3110	3101
3155	3101
3302	3101
3330	3101
3335	3101
3373	3101
3330	3102
3319	3106
3330	3106
3342	3106
3215	3107
3242	3107
3263	3107
3330	3107
3340	3107
3342	3107
3343	3107
3110	3138
3138	3110
3110	3178
3178	3110
3110	3302
3302	3110
3110	3313
3110	3327
3110	3369
3110	3374
3374	3110
3110	3403
3110	3421
3302	3111
3342	3111
3335	3113
3302	3115
3335	3115
3342	3115
3258	3116
3302	3116
3330	3116
3335	3116
3431	3116
3215	3117
3302	3117
3342	3117
3431	3117
3263	3118
3330	3120
3335	3120
3342	3120
3205	3124
3215	3124
3335	3124
3330	3132
3335	3132
3330	3136
3331	3136
3335	3136
3340	3136
3138	3152
3138	3178
3178	3138
3138	3208
3138	3211
3211	3138
3138	3279
3138	3307
3138	3374
3374	3138
3161	3140
3302	3140
3331	3140
3335	3140
3342	3140
3431	3144
3330	3145
3302	3146
3330	3146
3335	3146
3215	3148
3242	3148
3331	3148
3302	3150
3329	3150
3330	3150
3335	3150
3342	3150
3431	3151
3258	3152
3329	3152
3330	3152
3335	3152
3373	3152
3155	3368
3368	3155
3342	3157
3431	3157
3161	3176
3161	3225
3161	3245
3245	3161
3302	3162
3331	3162
3164	3263
3263	3164
3165	3343
3343	3165
3331	3168
3330	3169
3335	3169
3211	3170
3431	3171
3258	3172
3335	3173
3431	3173
3178	3208
3178	3211
3211	3178
3178	3295
3178	3307
3178	3357
3178	3374
3374	3178
3178	3403
3178	3415
3205	3179
3258	3179
3258	3182
3278	3185
3335	3185
3342	3185
3331	3189
3258	3191
3330	3196
3342	3197
3330	3198
3331	3198
3342	3198
3330	3199
3331	3199
3330	3201
3342	3203
3302	3204
3342	3204
3205	3242
3242	3205
3205	3245
3245	3205
3205	3263
3263	3205
3205	3276
3205	3278
3278	3205
3205	3343
3343	3205
3205	3369
3431	3208
3302	3210
3211	3215
3215	3211
3211	3329
3329	3211
3211	3330
3330	3211
3211	3346
3211	3374
3374	3211
3211	3431
3431	3211
3335	3212
3342	3214
3215	3224
3215	3239
3215	3272
3215	3274
3215	3280
3215	3302
3302	3215
3215	3307
3215	3335
3335	3215
3302	3217
3330	3219
3331	3219
3340	3219
3342	3219
3222	3245
3245	3222
3222	3263
3263	3222
3222	3278
3278	3222
3222	3340
3340	3222
3342	3223
3330	3224
3342	3224
3302	3233
3335	3233
3330	3239
3319	3240
3330	3240
3335	3240
3342	3240
3242	3274
3242	3329
3329	3242
3242	3411
3245	3263
3263	3245
3245	3278
3278	3245
3245	3403
3330	3247
3335	3247
3431	3248
3330	3252
3335	3252
3342	3252
3431	3253
3343	3254
3263	3256
3258	3262
3258	3274
3258	3291
3258	3299
3258	3320
3258	3332
3258	3342
3342	3258
3258	3350
3258	3360
3258	3396
3258	3411
3258	3434
3263	3259
3330	3259
3292	3260
3335	3261
3263	3266
3263	3278
3278	3263
3263	3279
3263	3287
3263	3308
3263	3398
3263	3403
3263	3405
3263	3406
3330	3267
3335	3267
3407	3268
3373	3273
3302	3274
3375	3274
3292	3275
3340	3276
3343	3276
3330	3277
3278	3335
3335	3278
3278	3361
3361	3278
3305	3279
3374	3279
3432	3279
3330	3280
3431	3280
3302	3289
3331	3289
3302	3291
3330	3291
3335	3291
3342	3291
3292	3302
3302	3292
3292	3331
3331	3292
3292	3341
3331	3295
3302	3296
3330	3297
3335	3297
3340	3299
3342	3299
3302	3321
3302	3330
3330	3302
3302	3341
3302	3343
3343	3302
3302	3347
3302	3350
3302	3351
3302	3356
3302	3373
3373	3302
3302	3403
3305	3374
3374	3305
3331	3306
3374	3307
3342	3313
3319	3321
3319	3344
3319	3350
3319	3393
3319	3411
3342	3321
3342	3326
3343	3328
3329	3349
3349	3329
3329	3409
3329	3431
3431	3329
3330	3332
3330	3335
3335	3330
3330	3337
3330	3344
3330	3345
3330	3347
3330	3351
3330	3355
3330	3358
3330	3369
3330	3381
3330	3391
3330	3396
3330	3397
3330	3404
3330	3411
3330	3419
3330	3422
3330	3434
3331	3353
3331	3358
3331	3366
3331	3373
3373	3331
3331	3395
3331	3405
3335	3350
3335	3351
3335	3357
3335	3360
3335	3385
3335	3397
3335	3411
3335	3419
3335	3434
3340	3365
3342	3341
3342	3344
3342	3345
3342	3353
3342	3355
3342	3391
3342	3403
3342	3406
3342	3416
3342	3419
3342	3421
3343	3411
3361	3346
3349	3353
3349	3360
3431	3351
3431	3360
3454	3437
3521	3437
3544	3437
3548	3437
3592	3437
3660	3437
3674	3437
3689	3437
3775	3437
3803	3437
3830	3437
3843	3437
3861	3437
3880	3437
3948	3437
3979	3437
3521	3442
3861	3444
3830	3448
3948	3448
3674	3449
3830	3449
3948	3449
3454	3547
3454	3586
3454	3605
3454	3621
3454	3642
3454	3673
3454	3677
3454	3693
3454	3775
3775	3454
3454	3779
3454	3861
3861	3454
3454	3880
3880	3454
3521	3455
3674	3456
3830	3456
3948	3456
3830	3457
3861	3463
3830	3467
3521	3470
3521	3472
3948	3475
3830	3479
3674	3480
3830	3480
3830	3481
3521	3482
3521	3484
3803	3486
3830	3488
3521	3492
3548	3495
3830	3495
3880	3495
3948	3495
3521	3496
3775	3496
3861	3496
3521	3498
3843	3499
3674	3501
3830	3501
3948	3501
3830	3502
3521	3505
3521	3508
3803	3509
3830	3512
3674	3514
3830	3514
3830	3516
3830	3517
3948	3517
3830	3518
3521	3526
3521	3550
3521	3553
3521	3556
3521	3573
3521	3590
3521	3592
3592	3521
3521	3597
3521	3598
3521	3608
3521	3615
3521	3618
3521	3625
3521	3629
3521	3666
3521	3672
3521	3684
3521	3685
3521	3698
3521	3705
3521	3710
3521	3713
3521	3722
3521	3728
3521	3735
3521	3740
3521	3753
3521	3769
3521	3773
3521	3778
3521	3797
3521	3802
3521	3815
3521	3827
3521	3831
3521	3835
3521	3840
3521	3842
3521	3850
3521	3867
3521	3876
3521	3907
3521	3921
3521	3936
3521	3948
3948	3521
3521	3962
3592	3522
3979	3522
3830	3523
3674	3525
3948	3525
3803	3532
3674	3533
3830	3533
3948	3533
3674	3540
3830	3540
3544	3674
3674	3544
3544	3775
3775	3544
3544	3808
3544	3888
3674	3545
3830	3545
3548	3547
3775	3547
3548	3661
3548	3737
3548	3897
3548	3908
3548	3948
3948	3548
3830	3552
3803	3555
3830	3560
3803	3561
3830	3562
3830	3563
3948	3563
3803	3564
3843	3568
3803	3569
3830	3574
3830	3576
3674	3577
3830	3577
3948	3577
3830	3578
3674	3586
3830	3586
3948	3586
3592	3589
3592	3626
3592	3677
3592	3847
3592	3888
3592	3891
3592	3916
3592	3979
3979	3592
3830	3594
3674	3596
3830	3596
3880	3596
3948	3596
3861	3600
3674	3604
3830	3604
3861	3604
3948	3604
3830	3605
3880	3605
3948	3605
3830	3609
3948	3609
3660	3610
3674	3610
3979	3610
3830	3611
3830	3613
3803	3617
3830	3617
3880	3619
3689	3621
3861	3621
3803	3622
3674	3625
3830	3625
3948	3625
3979	3626
3674	3633
3830	3633
3948	3633
3830	3635
3948	3635
3830	3639
3843	3645
3830	3649
3674	3651
3830	3651
3948	3651
3830	3654
3830	3656
3948	3656
3979	3659
3660	3775
3775	3660
3660	3780
3660	3847
3660	3870
3948	3661
3948	3667
3830	3669
3830	3670
3880	3670
3948	3670
3674	3677
3674	3692
3674	3693
3674	3734
3674	3750
3674	3756
3674	3760
3674	3788
3674	3830
3830	3674
3674	3841
3674	3847
3674	3851
3674	3886
3674	3888
3674	3938
3674	3948
3948	3674
3674	3962
3674	3979
3979	3674
3948	3677
3803	3680
3830	3680
3843	3680
3830	3683
3948	3683
3830	3684
3948	3684
3830	3687
3689	3721
3803	3690
3830	3691
3830	3692
3948	3692
3948	3693
3830	3695
3830	3697
3830	3700
3830	3702
3948	3702
3830	3703
3803	3706
3803	3714
3830	3717
3830	3721
3948	3721
3861	3726
3861	3733
3830	3734
3948	3734
3830	3736
3948	3736
3830	3741
3948	3741
3861	3742
3830	3744
3830	3750
3948	3750
3830	3755
3830	3756
3948	3756
3830	3760
3948	3760
3830	3765
3803	3767
3775	3847
3775	3895
3775	3953
3803	3777
3979	3779
3830	3790
3803	3793
3830	3795
3830	3797
3948	3797
3830	3800
3803	3821
3803	3869
3803	3890
3803	3906
3830	3804
3830	3813
3830	3824
3843	3825
3843	3829
3830	3831
3830	3832
3830	3841
3830	3842
3830	3851
3830	3858
3830	3860
3830	3864
3830	3873
3830	3880
3880	3830
3830	3883
3830	3886
3830	3898
3830	3902
3830	3911
3830	3913
3830	3918
3830	3919
3830	3926
3830	3930
3830	3943
3830	3948
3948	3830
3830	3957
3830	3962
3830	3966
3830	3968
3830	3970
3830	3971
3948	3841
3948	3842
3843	3927
3979	3847
3861	3849
3948	3851
3861	3859
3861	3904
3861	3954
3979	3872
3948	3873
3948	3877
3880	3908
3880	3970
3948	3884
3948	3886
3979	3888
3948	3929
3948	3938
3948	3943
3948	3944
3948	3962
3948	3968
3948	3971
3979	3950
3982	3980
3985	3980
3993	3980
3995	3980
4003	3980
4004	3980
4014	3980
4038	3980
3982	3986
3982	3988
3982	3994
3982	3997
3982	3998
3982	4003
4003	3982
3982	4009
3982	4014
4014	3982
3982	4021
3982	4023
3982	4026
3982	4030
3982	4037
3985	3988
3985	3993
3993	3985
3985	3995
3995	3985
3985	4004
4004	3985
3985	4014
4014	3985
4014	3986
3993	3988
3995	3988
4038	3989
3993	3995
3995	3993
3993	4004
4004	3993
3993	4030
3995	4000
3995	4004
4004	3995
3995	4014
4014	3995
3995	4023
3995	4026
4014	3998
4003	4009
4003	4023
4003	4030
4004	4013
4004	4020
4004	4023
4004	4030
4004	4031
4004	4038
4038	4004
4038	4013
4014	4017
4014	4021
4014	4023
4014	4030
4014	4037
4014	4038
4038	4014
4038	4020
4038	4023
4038	4027
4038	4031
